Substrate;Ligand#;Temperature/C;Hydrogen/bar;Conversion;Eesign;EE;DDG
SM1;L1;25.0;5.0;1.00;0.36;0.36;1.86
SM1;L2;25.0;5.0;1.00;0.00;0.00;0.02
SM1;L3;25.0;5.0;1.00;0.62;0.62;3.62
SM1;L4;25.0;5.0;1.00;0.18;0.18;0.89
SM1;L5;25.0;5.0;1.00;0.05;0.05;0.27
SM1;L6;25.0;5.0;1.00;0.87;0.87;6.54
SM1;L7;25.0;5.0;1.00;-0.01;0.01;0.04
SM1;L8;25.0;5.0;1.00;0.08;0.08;0.39
SM1;L9;25.0;5.0;1.00;0.25;0.25;1.28
SM1;L10;25.0;5.0;1.00;0.00;0.00;0.01
SM1;L11;25.0;5.0;1.00;-0.15;0.15;0.74
SM1;L12;25.0;5.0;1.00;0.57;0.57;3.23
SM1;L13;25.0;5.0;0.81;-0.51;0.51;2.80
SM1;L14;25.0;5.0;0.55;-0.33;0.33;1.71
SM1;L15;25.0;5.0;0.97;-0.19;0.19;0.96
SM1;L16;25.0;5.0;1.00;-0.08;0.08;0.40
SM1;L17;25.0;5.0;1.00;0.18;0.18;0.92
SM1;L18;25.0;5.0;1.00;0.31;0.31;1.57
SM1;L19;25.0;5.0;1.00;-0.52;0.52;2.88
SM1;L20;25.0;5.0;1.00;0.95;0.95;8.98
SM1;L21;25.0;5.0;1.00;-0.43;0.43;2.26
SM1;L22;25.0;5.0;1.00;0.96;0.96;9.94
SM1;L23;25.0;5.0;1.00;0.95;0.95;9.28
SM1;L24;25.0;5.0;0.36;-0.83;0.83;5.91
SM1;L25;25.0;5.0;1.00;-0.53;0.53;2.90
SM1;L26;25.0;5.0;1.00;-0.82;0.82;5.74
SM1;L27;25.0;5.0;1.00;0.06;0.06;0.31
SM1;L28;25.0;5.0;0.56;0.12;0.12;0.59
SM1;L29;25.0;5.0;1.00;-0.14;0.14;0.72
SM1;L30;25.0;5.0;1.00;-0.85;0.85;6.15
SM1;L31;25.0;5.0;0.86;0.49;0.49;2.63
SM1;L32;25.0;5.0;1.00;-0.19;0.19;0.97
SM1;L33;25.0;5.0;1.00;0.15;0.15;0.73
SM1;L34;25.0;5.0;1.00;-0.07;0.07;0.34
SM1;L35;25.0;5.0;1.00;0.64;0.64;3.74
SM1;L36;25.0;5.0;1.00;0.45;0.45;2.39
SM1;L37;25.0;5.0;1.00;-0.59;0.59;3.37
SM1;L38;25.0;5.0;1.00;-0.95;0.95;8.89
SM1;L39;25.0;5.0;0.87;0.31;0.31;1.58
SM1;L40;25.0;5.0;1.00;0.14;0.14;0.71
SM1;L41;25.0;5.0;0.17;-0.66;0.66;3.91
SM1;L42;25.0;5.0;1.00;0.84;0.84;6.06
SM1;L43;25.0;5.0;0.11;-0.59;0.59;3.36
SM1;L44;25.0;5.0;1.00;-0.09;0.09;0.45
SM1;L45;25.0;5.0;1.00;-0.40;0.40;2.09
SM1;L46;25.0;5.0;0.10;-0.34;0.34;1.75
SM1;L47;25.0;5.0;1.00;0.26;0.26;1.35
SM1;L48;25.0;5.0;1.00;0.24;0.24;1.22
SM1;L49;25.0;5.0;1.00;0.86;0.86;6.40
SM1;L50;25.0;5.0;0.12;-0.26;0.26;1.34
SM1;L51;25.0;5.0;1.00;0.93;0.93;8.32
SM1;L52;25.0;5.0;1.00;0.52;0.52;2.86
SM1;L53;25.0;5.0;0.92;0.35;0.35;1.80
SM1;L54;25.0;5.0;0.93;-0.24;0.24;1.24
SM1;L55;25.0;5.0;0.98;1.00;1.00;17.60
SM1;L56;25.0;5.0;1.00;-0.88;0.88;6.75
SM1;L57;25.0;5.0;0.62;0.41;0.41;2.17
SM1;L58;25.0;5.0;1.00;0.65;0.65;3.86
SM1;L59;25.0;5.0;1.00;-0.34;0.34;1.76
SM1;L60;25.0;5.0;0.10;0.33;0.33;1.71
SM1;L61;25.0;5.0;0.04;0.18;0.18;0.88
SM1;L62;25.0;5.0;0.31;0.66;0.66;3.90
SM1;L63;25.0;5.0;1.00;-0.65;0.65;3.83
SM1;L64;25.0;5.0;1.00;-0.98;0.98;11.50
SM1;L65;25.0;5.0;1.00;0.85;0.85;6.30
SM1;L66;25.0;5.0;1.00;0.71;0.71;4.36
SM1;L67;25.0;5.0;0.98;0.99;0.99;14.02
SM1;L68;25.0;5.0;1.00;0.99;0.99;13.15
SM1;L69;25.0;5.0;1.00;0.97;0.97;10.42
SM1;L70;25.0;5.0;1.00;-0.75;0.75;4.88
SM1;L71;25.0;5.0;0.05;-0.05;0.05;0.27
SM1;L72;25.0;5.0;0.11;-0.81;0.81;5.54
SM1;L73;25.0;5.0;0.01;-0.28;0.28;1.42
SM1;L74;25.0;5.0;1.00;-0.95;0.95;8.92
SM1;L75;25.0;5.0;1.00;0.94;0.94;8.70
SM1;L76;25.0;5.0;1.00;0.18;0.18;0.90
SM1;L77;25.0;5.0;1.00;-0.74;0.74;4.74
SM1;L78;25.0;5.0;1.00;-0.74;0.74;4.69
SM1;L79;25.0;5.0;1.00;0.72;0.72;4.51
SM1;L80;25.0;5.0;1.00;0.60;0.60;3.43
SM1;L81;25.0;5.0;0.02;-0.42;0.42;2.24
SM1;L82;25.0;5.0;1.00;-0.92;0.92;7.86
SM1;L83;25.0;5.0;0.34;0.16;0.16;0.80
SM1;L84;25.0;5.0;1.00;-0.99;0.99;12.49
SM1;L85;25.0;5.0;1.00;0.16;0.16;0.81
SM1;L86;25.0;5.0;1.00;0.16;0.16;0.78
SM1;L87;25.0;5.0;1.00;-0.76;0.76;4.98
SM1;L88;25.0;5.0;0.01;0.06;0.06;0.31
SM1;L89;25.0;5.0;1.00;0.25;0.25;1.25
SM1;L90;25.0;5.0;1.00;0.22;0.22;1.11
SM1;L91;25.0;5.0;0.89;0.00;0.00;0.01
SM1;L92;25.0;5.0;1.00;0.28;0.28;1.42
SM1;L93;25.0;5.0;1.00;-0.13;0.13;0.66
SM1;L94;25.0;5.0;1.00;-0.03;0.03;0.13
SM1;L95;25.0;5.0;1.00;0.89;0.89;7.09
SM1;L96;25.0;5.0;1.00;0.72;0.72;4.48
SM1;L97;25.0;5.0;1.00;-0.13;0.13;0.65
SM1;L98;25.0;5.0;1.00;-0.87;0.87;6.65
SM1;L99;25.0;5.0;0.07;-0.11;0.11;0.56
SM1;L100;25.0;5.0;1.00;0.01;0.01;0.06
SM1;L101;25.0;5.0;0.39;0.13;0.13;0.66
SM1;L102;25.0;5.0;1.00;-0.94;0.94;8.44
SM1;L103;25.0;5.0;0.55;0.17;0.17;0.86
SM1;L104;25.0;5.0;1.00;-0.65;0.65;3.84
SM1;L105;25.0;5.0;0.07;-0.39;0.39;2.03
SM1;L106;25.0;5.0;1.00;0.90;0.90;7.25
SM1;L107;25.0;5.0;0.09;0.09;0.09;0.44
SM1;L108;25.0;5.0;1.00;-0.83;0.83;5.93
SM1;L109;25.0;5.0;0.16;0.34;0.34;1.76
SM1;L110;25.0;5.0;1.00;-1.00;1.00;18.80
SM1;L111;25.0;5.0;1.00;1.00;1.00;18.80
SM1;L112;25.0;5.0;1.00;-0.03;0.03;0.13
SM1;L113;25.0;5.0;1.00;0.98;0.98;11.35
SM1;L114;25.0;5.0;0.03;0.48;0.48;2.59
SM1;L115;25.0;5.0;0.03;-0.02;0.02;0.08
SM1;L116;25.0;5.0;0.61;-0.03;0.03;0.16
SM1;L117;25.0;5.0;1.00;0.36;0.36;1.86
SM1;L118;25.0;5.0;1.00;-0.19;0.19;0.97
SM1;L119;25.0;5.0;1.00;-0.53;0.53;2.93
SM1;L120;25.0;5.0;1.00;0.55;0.55;3.08
SM1;L121;25.0;5.0;1.00;0.84;0.84;6.08
SM1;L122;25.0;5.0;1.00;0.46;0.46;2.48
SM1;L123;25.0;5.0;1.00;0.89;0.89;7.05
SM1;L124;25.0;5.0;1.00;-0.41;0.41;2.18
SM1;L125;25.0;5.0;0.99;-0.04;0.04;0.21
SM1;L126;25.0;5.0;0.87;-0.59;0.59;3.36
SM1;L127;25.0;5.0;0.00;0.00;0.00;0.00
SM1;L128;25.0;5.0;1.00;-0.01;0.01;0.04
SM1;L129;25.0;5.0;0.91;-0.28;0.28;1.42
SM1;L130;25.0;5.0;1.00;0.88;0.88;6.87
SM1;L131;25.0;5.0;0.44;0.59;0.59;3.36
SM1;L132;25.0;5.0;0.98;0.69;0.69;4.17
SM1;L133;25.0;5.0;1.00;0.90;0.90;7.24
SM1;L134;25.0;5.0;1.00;0.76;0.76;4.89
SM1;L135;25.0;5.0;0.99;-0.85;0.85;6.26
SM1;L136;25.0;5.0;1.00;0.53;0.53;2.90
SM1;L137;25.0;5.0;1.00;0.33;0.33;1.71
SM1;L138;25.0;5.0;1.00;0.95;0.95;9.04
SM1;L139;25.0;5.0;1.00;0.96;0.96;9.54
SM1;L140;25.0;5.0;0.09;-0.09;0.09;0.43
SM1;L141;25.0;5.0;1.00;-0.98;0.98;11.45
SM1;L142;25.0;5.0;1.00;-0.11;0.11;0.55
SM1;L143;25.0;5.0;1.00;-0.89;0.89;7.05
SM1;L144;25.0;5.0;1.00;0.69;0.69;4.22
SM1;L145;25.0;5.0;1.00;-0.11;0.11;0.56
SM1;L146;25.0;5.0;0.13;-0.05;0.05;0.26
SM1;L147;25.0;5.0;1.00;0.26;0.26;1.34
SM1;L148;25.0;5.0;0.04;0.28;0.28;1.40
SM1;L149;25.0;5.0;1.00;0.48;0.48;2.58
SM1;L150;25.0;5.0;0.00;0.00;0.00;0.00
SM1;L151;25.0;5.0;0.00;0.00;0.00;0.00
SM1;L152;25.0;5.0;0.05;1.00;1.00;18.80
SM1;L153;25.0;5.0;1.00;0.95;0.95;9.09
SM1;L154;25.0;5.0;0.03;-0.39;0.39;2.02
SM1;L155;25.0;5.0;1.00;0.40;0.40;2.11
SM1;L156;25.0;5.0;1.00;-0.35;0.35;1.83
SM1;L157;25.0;5.0;1.00;-0.96;0.96;9.44
SM1;L158;25.0;5.0;0.00;0.00;0.00;0.00
SM1;L159;25.0;5.0;1.00;0.79;0.79;5.37
SM1;L160;25.0;5.0;1.00;0.57;0.57;3.20
SM1;L161;25.0;5.0;0.00;0.00;0.00;0.00
SM1;L162;25.0;5.0;0.28;-0.03;0.03;0.16
SM1;L163;25.0;5.0;1.00;0.78;0.78;5.19
SM1;L164;25.0;5.0;0.16;0.28;0.28;1.42
SM1;L165;25.0;5.0;1.00;-0.11;0.11;0.52
SM1;L166;25.0;5.0;0.07;-0.10;0.10;0.51
SM1;L167;25.0;5.0;1.00;-0.97;0.97;10.75
SM1;L168;25.0;5.0;0.05;1.00;1.00;18.80
SM1;L169;25.0;5.0;1.00;-0.04;0.04;0.19
SM1;L170;25.0;5.0;1.00;0.97;0.97;10.04
SM1;L171;25.0;5.0;1.00;0.18;0.18;0.90
SM1;L172;25.0;5.0;0.53;-0.61;0.61;3.55
SM1;L173;25.0;5.0;0.73;0.80;0.80;5.46
SM1;L174;25.0;5.0;1.00;0.14;0.14;0.69
SM1;L175;25.0;5.0;0.32;-0.82;0.82;5.77
SM1;L176;25.0;5.0;0.11;0.70;0.70;4.29
SM1;L177;25.0;5.0;0.87;-0.39;0.39;2.04
SM1;L178;25.0;5.0;1.00;-0.17;0.17;0.87
SM1;L179;25.0;5.0;0.18;0.15;0.15;0.77
SM1;L180;25.0;5.0;1.00;0.39;0.39;2.03
SM1;L181;25.0;5.0;1.00;0.59;0.59;3.37
SM1;L182;25.0;5.0;0.65;0.24;0.24;1.20
SM1;L183;25.0;5.0;1.00;-0.04;0.04;0.19
SM1;L184;25.0;5.0;0.98;-0.05;0.05;0.25
SM1;L185;25.0;5.0;0.20;0.13;0.13;0.64
SM1;L186;25.0;5.0;0.02;1.00;1.00;18.80
SM1;L187;25.0;5.0;1.00;-0.80;0.80;5.49
SM1;L188;25.0;5.0;1.00;0.53;0.53;2.96
SM1;L189;25.0;5.0;1.00;0.17;0.17;0.84
SM1;L190;25.0;5.0;0.48;0.31;0.31;1.60
SM1;L191;25.0;5.0;0.13;0.06;0.06;0.31
SM1;L192;25.0;5.0;0.07;0.52;0.52;2.89
SM2;L1;25.0;5.0;1.00;0.00;0.00;0.01
SM2;L2;25.0;5.0;1.00;0.60;0.60;3.47
SM2;L3;25.0;5.0;1.00;0.33;0.33;1.67
SM2;L4;25.0;5.0;1.00;-0.16;0.16;0.82
SM2;L5;25.0;5.0;1.00;0.20;0.20;0.98
SM2;L6;25.0;5.0;1.00;0.86;0.86;6.51
SM2;L7;25.0;5.0;1.00;-0.22;0.22;1.13
SM2;L8;25.0;5.0;1.00;-0.02;0.02;0.11
SM2;L9;25.0;5.0;1.00;0.14;0.14;0.67
SM2;L10;25.0;5.0;1.00;0.40;0.40;2.08
SM2;L11;25.0;5.0;1.00;0.56;0.56;3.10
SM2;L12;25.0;5.0;1.00;0.65;0.65;3.82
SM2;L13;25.0;5.0;0.95;-0.25;0.25;1.27
SM2;L14;25.0;5.0;1.00;-0.17;0.17;0.83
SM2;L15;25.0;5.0;1.00;-0.07;0.07;0.36
SM2;L16;25.0;5.0;1.00;0.20;0.20;1.02
SM2;L17;25.0;5.0;0.54;-0.06;0.06;0.30
SM2;L18;25.0;5.0;1.00;-0.53;0.53;2.90
SM2;L19;25.0;5.0;0.85;-0.40;0.40;2.07
SM2;L20;25.0;5.0;1.00;0.90;0.90;7.22
SM2;L21;25.0;5.0;1.00;-0.62;0.62;3.57
SM2;L22;25.0;5.0;1.00;0.82;0.82;5.75
SM2;L23;25.0;5.0;1.00;0.88;0.88;6.81
SM2;L24;25.0;5.0;0.00;0.00;0.00;0.00
SM2;L25;25.0;5.0;1.00;-1.00;1.00;18.80
SM2;L26;25.0;5.0;1.00;-1.00;1.00;18.80
SM2;L27;25.0;5.0;1.00;0.18;0.18;0.93
SM2;L28;25.0;5.0;1.00;0.93;0.93;8.10
SM2;L29;25.0;5.0;1.00;0.12;0.12;0.60
SM2;L30;25.0;5.0;1.00;-1.00;1.00;18.80
SM2;L31;25.0;5.0;1.00;0.08;0.08;0.38
SM2;L32;25.0;5.0;1.00;-0.23;0.23;1.17
SM2;L33;25.0;5.0;0.99;-0.07;0.07;0.36
SM2;L34;25.0;5.0;1.00;-0.11;0.11;0.54
SM2;L35;25.0;5.0;1.00;0.50;0.50;2.74
SM2;L36;25.0;5.0;1.00;0.32;0.32;1.66
SM2;L37;25.0;5.0;1.00;-0.71;0.71;4.36
SM2;L38;25.0;5.0;1.00;-0.96;0.96;9.84
SM2;L39;25.0;5.0;1.00;0.70;0.70;4.27
SM2;L40;25.0;5.0;1.00;0.18;0.18;0.91
SM2;L41;25.0;5.0;1.00;-0.98;0.98;10.98
SM2;L42;25.0;5.0;1.00;0.82;0.82;5.75
SM2;L43;25.0;5.0;1.00;-0.97;0.97;10.27
SM2;L44;25.0;5.0;1.00;0.08;0.08;0.42
SM2;L45;25.0;5.0;1.00;-0.58;0.58;3.27
SM2;L46;25.0;5.0;1.00;-0.87;0.87;6.56
SM2;L47;25.0;5.0;1.00;0.34;0.34;1.78
SM2;L48;25.0;5.0;1.00;0.33;0.33;1.69
SM2;L49;25.0;5.0;1.00;0.83;0.83;5.92
SM2;L50;25.0;5.0;1.00;-1.00;1.00;18.80
SM2;L51;25.0;5.0;1.00;0.77;0.77;5.03
SM2;L52;25.0;5.0;1.00;0.56;0.56;3.11
SM2;L53;25.0;5.0;1.00;0.05;0.05;0.26
SM2;L54;25.0;5.0;1.00;-0.69;0.69;4.21
SM2;L55;25.0;5.0;1.00;1.00;1.00;18.80
SM2;L56;25.0;5.0;1.00;-1.00;1.00;18.80
SM2;L57;25.0;5.0;0.00;0.00;0.00;0.00
SM2;L58;25.0;5.0;0.47;-0.15;0.15;0.75
SM2;L59;25.0;5.0;1.00;-0.86;0.86;6.43
SM2;L60;25.0;5.0;0.93;0.65;0.65;3.86
SM2;L61;25.0;5.0;0.16;0.36;0.36;1.89
SM2;L62;25.0;5.0;0.36;0.78;0.78;5.24
SM2;L63;25.0;5.0;1.00;-0.14;0.14;0.69
SM2;L64;25.0;5.0;1.00;-1.00;1.00;18.80
SM2;L65;25.0;5.0;1.00;0.79;0.79;5.31
SM2;L66;25.0;5.0;1.00;0.66;0.66;3.96
SM2;L67;25.0;5.0;1.00;1.00;1.00;18.80
SM2;L68;25.0;5.0;1.00;1.00;1.00;18.80
SM2;L69;25.0;5.0;1.00;1.00;1.00;18.80
SM2;L70;25.0;5.0;1.00;-1.00;1.00;18.80
SM2;L71;25.0;5.0;0.05;-1.00;1.00;18.80
SM2;L72;25.0;5.0;0.12;-1.00;1.00;18.80
SM2;L73;25.0;5.0;0.29;-0.12;0.12;0.59
SM2;L74;25.0;5.0;1.00;-0.85;0.85;6.20
SM2;L75;25.0;5.0;1.00;1.00;1.00;18.80
SM2;L76;25.0;5.0;1.00;0.42;0.42;2.23
SM2;L77;25.0;5.0;1.00;-0.60;0.60;3.40
SM2;L78;25.0;5.0;1.00;-0.85;0.85;6.27
SM2;L79;25.0;5.0;1.00;0.37;0.37;1.90
SM2;L80;25.0;5.0;1.00;0.45;0.45;2.40
SM2;L81;25.0;5.0;0.11;-1.00;1.00;18.80
SM2;L82;25.0;5.0;1.00;-0.83;0.83;5.88
SM2;L83;25.0;5.0;0.14;-0.17;0.17;0.85
SM2;L84;25.0;5.0;1.00;-1.00;1.00;18.80
SM2;L85;25.0;5.0;1.00;0.59;0.59;3.37
SM2;L86;25.0;5.0;1.00;-0.48;0.48;2.60
SM2;L87;25.0;5.0;1.00;-1.00;1.00;18.80
SM2;L88;25.0;5.0;0.00;0.00;0.00;0.00
SM2;L89;25.0;5.0;1.00;0.24;0.24;1.23
SM2;L90;25.0;5.0;1.00;0.09;0.09;0.43
SM2;L91;25.0;5.0;1.00;-0.10;0.10;0.52
SM2;L92;25.0;5.0;1.00;0.37;0.37;1.92
SM2;L93;25.0;5.0;1.00;0.28;0.28;1.45
SM2;L94;25.0;5.0;1.00;-0.47;0.47;2.52
SM2;L95;25.0;5.0;1.00;0.52;0.52;2.84
SM2;L96;25.0;5.0;1.00;0.30;0.30;1.55
SM2;L97;25.0;5.0;1.00;-0.07;0.07;0.35
SM2;L98;25.0;5.0;1.00;-0.88;0.88;6.83
SM2;L99;25.0;5.0;0.17;-0.27;0.27;1.37
SM2;L100;25.0;5.0;1.00;0.38;0.38;1.97
SM2;L101;25.0;5.0;1.00;-0.05;0.05;0.23
SM2;L102;25.0;5.0;1.00;-0.87;0.87;6.54
SM2;L103;25.0;5.0;0.75;-0.02;0.02;0.09
SM2;L104;25.0;5.0;1.00;-0.94;0.94;8.53
SM2;L105;25.0;5.0;1.00;-0.74;0.74;4.70
SM2;L106;25.0;5.0;1.00;0.88;0.88;6.89
SM2;L107;25.0;5.0;0.92;-0.03;0.03;0.14
SM2;L108;25.0;5.0;1.00;-0.78;0.78;5.17
SM2;L109;25.0;5.0;0.27;0.59;0.59;3.33
SM2;L110;25.0;5.0;1.00;-1.00;1.00;18.80
SM2;L111;25.0;5.0;0.80;0.86;0.86;6.42
SM2;L112;25.0;5.0;1.00;0.11;0.11;0.56
SM2;L113;25.0;5.0;1.00;1.00;1.00;18.80
SM2;L114;25.0;5.0;1.00;0.70;0.70;4.34
SM2;L115;25.0;5.0;0.48;-0.42;0.42;2.22
SM2;L116;25.0;5.0;1.00;-0.04;0.04;0.18
SM2;L117;25.0;5.0;1.00;0.60;0.60;3.45
SM2;L118;25.0;5.0;1.00;-0.03;0.03;0.17
SM2;L119;25.0;5.0;1.00;-0.28;0.28;1.42
SM2;L120;25.0;5.0;1.00;0.63;0.63;3.68
SM2;L121;25.0;5.0;1.00;0.93;0.93;8.40
SM2;L122;25.0;5.0;1.00;0.47;0.47;2.54
SM2;L123;25.0;5.0;1.00;0.96;0.96;9.55
SM2;L124;25.0;5.0;0.68;0.24;0.24;1.23
SM2;L125;25.0;5.0;1.00;-0.32;0.32;1.64
SM2;L126;25.0;5.0;0.99;-0.44;0.44;2.34
SM2;L127;25.0;5.0;0.05;1.00;1.00;18.80
SM2;L128;25.0;5.0;1.00;-0.65;0.65;3.86
SM2;L129;25.0;5.0;1.00;-0.56;0.56;3.13
SM2;L130;25.0;5.0;1.00;0.88;0.88;6.77
SM2;L131;25.0;5.0;0.07;0.25;0.25;1.26
SM2;L132;25.0;5.0;1.00;0.81;0.81;5.52
SM2;L133;25.0;5.0;1.00;0.96;0.96;9.84
SM2;L134;25.0;5.0;1.00;0.99;0.99;12.13
SM2;L135;25.0;5.0;1.00;-0.99;0.99;13.44
SM2;L136;25.0;5.0;1.00;0.59;0.59;3.35
SM2;L137;25.0;5.0;0.99;0.73;0.73;4.57
SM2;L138;25.0;5.0;1.00;0.97;0.97;10.14
SM2;L139;25.0;5.0;1.00;0.95;0.95;9.27
SM2;L140;25.0;5.0;0.13;-0.01;0.01;0.03
SM2;L141;25.0;5.0;1.00;-0.98;0.98;10.95
SM2;L142;25.0;5.0;0.61;0.32;0.32;1.63
SM2;L143;25.0;5.0;1.00;-0.38;0.38;1.99
SM2;L144;25.0;5.0;1.00;0.81;0.81;5.54
SM2;L145;25.0;5.0;1.00;-0.08;0.08;0.40
SM2;L146;25.0;5.0;0.10;0.42;0.42;2.19
SM2;L147;25.0;5.0;1.00;0.31;0.31;1.58
SM2;L148;25.0;5.0;0.20;1.00;1.00;18.80
SM2;L149;25.0;5.0;1.00;0.54;0.54;3.02
SM2;L150;25.0;5.0;0.00;0.00;0.00;0.00
SM2;L151;25.0;5.0;0.06;1.00;1.00;18.80
SM2;L152;25.0;5.0;0.00;0.00;0.00;0.00
SM2;L153;25.0;5.0;1.00;0.99;0.99;12.86
SM2;L154;25.0;5.0;0.00;0.00;0.00;0.00
SM2;L155;25.0;5.0;1.00;0.08;0.08;0.41
SM2;L156;25.0;5.0;1.00;-0.39;0.39;2.07
SM2;L157;25.0;5.0;1.00;-0.95;0.95;8.93
SM2;L158;25.0;5.0;0.00;0.00;0.00;0.00
SM2;L159;25.0;5.0;1.00;0.81;0.81;5.58
SM2;L160;25.0;5.0;1.00;0.26;0.26;1.32
SM2;L161;25.0;5.0;0.00;0.00;0.00;0.00
SM2;L162;25.0;5.0;1.00;-0.04;0.04;0.20
SM2;L163;25.0;5.0;1.00;0.48;0.48;2.57
SM2;L164;25.0;5.0;1.00;-0.20;0.20;0.99
SM2;L165;25.0;5.0;1.00;-0.04;0.04;0.19
SM2;L166;25.0;5.0;1.00;-0.05;0.05;0.23
SM2;L167;25.0;5.0;1.00;-1.00;1.00;18.80
SM2;L168;25.0;5.0;0.19;0.76;0.76;4.94
SM2;L169;25.0;5.0;0.99;0.06;0.06;0.28
SM2;L170;25.0;5.0;1.00;0.97;0.97;10.35
SM2;L171;25.0;5.0;1.00;0.74;0.74;4.67
SM2;L172;25.0;5.0;0.39;-0.64;0.64;3.79
SM2;L173;25.0;5.0;1.00;-0.02;0.02;0.12
SM2;L174;25.0;5.0;1.00;0.02;0.02;0.11
SM2;L175;25.0;5.0;0.00;0.00;0.00;0.00
SM2;L176;25.0;5.0;0.00;0.00;0.00;0.00
SM2;L177;25.0;5.0;1.00;-0.90;0.90;7.29
SM2;L178;25.0;5.0;1.00;-0.19;0.19;0.94
SM2;L179;25.0;5.0;0.00;0.00;0.00;0.00
SM2;L180;25.0;5.0;0.98;0.54;0.54;3.00
SM2;L181;25.0;5.0;1.00;0.64;0.64;3.78
SM2;L182;25.0;5.0;1.00;0.49;0.49;2.64
SM2;L183;25.0;5.0;1.00;0.00;0.00;0.02
SM2;L184;25.0;5.0;1.00;-0.02;0.02;0.08
SM2;L185;25.0;5.0;0.67;0.19;0.19;0.95
SM2;L186;25.0;5.0;0.09;0.21;0.21;1.04
SM2;L187;25.0;5.0;1.00;-0.83;0.83;5.97
SM2;L188;25.0;5.0;1.00;0.27;0.27;1.35
SM2;L189;25.0;5.0;1.00;0.03;0.03;0.13
SM2;L190;25.0;5.0;0.98;-0.01;0.01;0.05
SM2;L191;25.0;5.0;0.29;0.48;0.48;2.62
SM2;L192;25.0;5.0;0.07;-0.03;0.03;0.13
SM3;L1;25.0;5.0;1.00;0.32;0.32;1.63
SM3;L2;25.0;5.0;1.00;0.07;0.07;0.36
SM3;L3;25.0;5.0;1.00;0.56;0.56;3.12
SM3;L4;25.0;5.0;1.00;-0.27;0.27;1.39
SM3;L5;25.0;5.0;1.00;-0.49;0.49;2.66
SM3;L6;25.0;5.0;1.00;0.51;0.51;2.80
SM3;L7;25.0;5.0;1.00;-0.24;0.24;1.24
SM3;L8;25.0;5.0;0.49;-0.01;0.01;0.04
SM3;L9;25.0;5.0;1.00;0.20;0.20;1.03
SM3;L10;25.0;5.0;1.00;-0.07;0.07;0.36
SM3;L11;25.0;5.0;1.00;-0.02;0.02;0.11
SM3;L12;25.0;5.0;1.00;0.62;0.62;3.61
SM3;L13;25.0;5.0;0.87;-0.44;0.44;2.36
SM3;L14;25.0;5.0;0.85;-0.32;0.32;1.62
SM3;L15;25.0;5.0;1.00;0.19;0.19;0.94
SM3;L16;25.0;5.0;1.00;-0.10;0.10;0.50
SM3;L17;25.0;5.0;1.00;-0.01;0.01;0.05
SM3;L18;25.0;5.0;1.00;-0.18;0.18;0.89
SM3;L19;25.0;5.0;0.89;-0.50;0.50;2.74
SM3;L20;25.0;5.0;0.45;0.60;0.60;3.47
SM3;L21;25.0;5.0;0.04;-0.25;0.25;1.26
SM3;L22;25.0;5.0;0.96;0.88;0.88;6.76
SM3;L23;25.0;5.0;0.23;0.79;0.79;5.37
SM3;L24;25.0;5.0;0.26;-0.67;0.67;4.04
SM3;L25;25.0;5.0;1.00;-0.70;0.70;4.29
SM3;L26;25.0;5.0;1.00;-0.76;0.76;4.99
SM3;L27;25.0;5.0;1.00;0.14;0.14;0.70
SM3;L28;25.0;5.0;0.68;0.33;0.33;1.70
SM3;L29;25.0;5.0;1.00;-0.22;0.22;1.11
SM3;L30;25.0;5.0;1.00;-0.74;0.74;4.71
SM3;L31;25.0;5.0;0.18;-0.31;0.31;1.57
SM3;L32;25.0;5.0;0.84;-0.22;0.22;1.09
SM3;L33;25.0;5.0;1.00;-0.05;0.05;0.24
SM3;L34;25.0;5.0;1.00;-0.18;0.18;0.93
SM3;L35;25.0;5.0;1.00;0.32;0.32;1.66
SM3;L36;25.0;5.0;1.00;0.31;0.31;1.60
SM3;L37;25.0;5.0;1.00;-0.57;0.57;3.23
SM3;L38;25.0;5.0;1.00;-0.88;0.88;6.75
SM3;L39;25.0;5.0;0.85;0.26;0.26;1.31
SM3;L40;25.0;5.0;0.57;0.11;0.11;0.54
SM3;L41;25.0;5.0;0.30;-0.03;0.03;0.15
SM3;L42;25.0;5.0;1.00;0.71;0.71;4.39
SM3;L43;25.0;5.0;0.48;-0.43;0.43;2.31
SM3;L44;25.0;5.0;1.00;0.76;0.76;4.93
SM3;L45;25.0;5.0;1.00;-0.44;0.44;2.31
SM3;L46;25.0;5.0;0.41;0.37;0.37;1.94
SM3;L47;25.0;5.0;0.12;0.48;0.48;2.61
SM3;L48;25.0;5.0;1.00;0.52;0.52;2.84
SM3;L49;25.0;5.0;1.00;0.81;0.81;5.53
SM3;L50;25.0;5.0;0.34;-0.24;0.24;1.20
SM3;L51;25.0;5.0;1.00;0.85;0.85;6.16
SM3;L52;25.0;5.0;1.00;0.47;0.47;2.51
SM3;L53;25.0;5.0;0.89;0.26;0.26;1.31
SM3;L54;25.0;5.0;0.12;-0.13;0.13;0.67
SM3;L55;25.0;5.0;1.00;1.00;1.00;18.80
SM3;L56;25.0;5.0;1.00;-0.87;0.87;6.54
SM3;L57;25.0;5.0;0.05;-0.39;0.39;2.03
SM3;L58;25.0;5.0;0.88;-0.95;0.95;9.35
SM3;L59;25.0;5.0;0.30;-0.30;0.30;1.53
SM3;L60;25.0;5.0;0.55;-0.47;0.47;2.53
SM3;L61;25.0;5.0;0.29;0.42;0.42;2.22
SM3;L62;25.0;5.0;0.93;-0.03;0.03;0.14
SM3;L63;25.0;5.0;1.00;-0.79;0.79;5.30
SM3;L64;25.0;5.0;1.00;-1.00;1.00;18.80
SM3;L65;25.0;5.0;1.00;0.90;0.90;7.36
SM3;L66;25.0;5.0;1.00;0.65;0.65;3.83
SM3;L67;25.0;5.0;1.00;0.93;0.93;8.14
SM3;L68;25.0;5.0;1.00;0.93;0.93;8.38
SM3;L69;25.0;5.0;1.00;0.95;0.95;9.33
SM3;L70;25.0;5.0;1.00;-0.60;0.60;3.47
SM3;L71;25.0;5.0;0.03;0.15;0.15;0.73
SM3;L72;25.0;5.0;0.12;-0.77;0.77;5.07
SM3;L73;25.0;5.0;0.02;0.38;0.38;2.01
SM3;L74;25.0;5.0;1.00;-0.97;0.97;10.56
SM3;L75;25.0;5.0;1.00;0.71;0.71;4.41
SM3;L76;25.0;5.0;1.00;0.18;0.18;0.90
SM3;L77;25.0;5.0;1.00;-0.89;0.89;7.10
SM3;L78;25.0;5.0;1.00;-0.86;0.86;6.33
SM3;L79;25.0;5.0;1.00;0.56;0.56;3.13
SM3;L80;25.0;5.0;1.00;0.73;0.73;4.62
SM3;L81;25.0;5.0;0.03;0.29;0.29;1.47
SM3;L82;25.0;5.0;1.00;-0.93;0.93;8.20
SM3;L83;25.0;5.0;0.50;-0.13;0.13;0.65
SM3;L84;25.0;5.0;1.00;-0.99;0.99;12.77
SM3;L85;25.0;5.0;1.00;0.36;0.36;1.85
SM3;L86;25.0;5.0;1.00;0.32;0.32;1.64
SM3;L87;25.0;5.0;1.00;-0.63;0.63;3.68
SM3;L88;25.0;5.0;0.02;-0.22;0.22;1.10
SM3;L89;25.0;5.0;1.00;0.24;0.24;1.19
SM3;L90;25.0;5.0;0.46;-0.04;0.04;0.19
SM3;L91;25.0;5.0;0.58;0.01;0.01;0.05
SM3;L92;25.0;5.0;0.47;-0.08;0.08;0.39
SM3;L93;25.0;5.0;0.42;-0.06;0.06;0.28
SM3;L94;25.0;5.0;0.30;-0.26;0.26;1.30
SM3;L95;25.0;5.0;1.00;0.89;0.89;7.16
SM3;L96;25.0;5.0;1.00;0.93;0.93;8.31
SM3;L97;25.0;5.0;1.00;-0.20;0.20;0.99
SM3;L98;25.0;5.0;1.00;-0.95;0.95;8.90
SM3;L99;25.0;5.0;0.12;-0.25;0.25;1.29
SM3;L100;25.0;5.0;1.00;-0.27;0.27;1.39
SM3;L101;25.0;5.0;0.31;-0.20;0.20;1.03
SM3;L102;25.0;5.0;1.00;-0.95;0.95;9.08
SM3;L103;25.0;5.0;0.99;-0.24;0.24;1.22
SM3;L104;25.0;5.0;1.00;-0.51;0.51;2.82
SM3;L105;25.0;5.0;0.40;-0.45;0.45;2.39
SM3;L106;25.0;5.0;1.00;0.81;0.81;5.65
SM3;L107;25.0;5.0;0.11;0.00;0.00;0.01
SM3;L108;25.0;5.0;1.00;-0.88;0.88;6.81
SM3;L109;25.0;5.0;0.14;0.11;0.11;0.54
SM3;L110;25.0;5.0;1.00;-0.99;0.99;12.86
SM3;L111;25.0;5.0;1.00;0.93;0.93;8.19
SM3;L112;25.0;5.0;1.00;-0.08;0.08;0.39
SM3;L113;25.0;5.0;1.00;0.94;0.94;8.43
SM3;L114;25.0;5.0;0.37;0.53;0.53;2.90
SM3;L115;25.0;5.0;0.87;-0.28;0.28;1.41
SM3;L116;25.0;5.0;0.36;-0.07;0.07;0.36
SM3;L117;25.0;5.0;1.00;0.48;0.48;2.61
SM3;L118;25.0;5.0;1.00;-0.50;0.50;2.75
SM3;L119;25.0;5.0;0.99;-0.68;0.68;4.12
SM3;L120;25.0;5.0;1.00;0.51;0.51;2.82
SM3;L121;25.0;5.0;1.00;0.57;0.57;3.21
SM3;L122;25.0;5.0;1.00;0.35;0.35;1.79
SM3;L123;25.0;5.0;1.00;0.84;0.84;6.07
SM3;L124;25.0;5.0;1.00;-0.25;0.25;1.29
SM3;L125;25.0;5.0;1.00;-0.09;0.09;0.43
SM3;L126;25.0;5.0;0.71;-0.18;0.18;0.88
SM3;L127;25.0;5.0;0.04;-0.24;0.24;1.19
SM3;L128;25.0;5.0;1.00;-0.17;0.17;0.84
SM3;L129;25.0;5.0;1.00;-0.29;0.29;1.46
SM3;L130;25.0;5.0;1.00;0.78;0.78;5.17
SM3;L131;25.0;5.0;0.29;-0.16;0.16;0.81
SM3;L132;25.0;5.0;0.95;0.22;0.22;1.12
SM3;L133;25.0;5.0;1.00;0.67;0.67;4.00
SM3;L134;25.0;5.0;1.00;0.64;0.64;3.73
SM3;L135;25.0;5.0;0.98;-0.90;0.90;7.28
SM3;L136;25.0;5.0;1.00;0.60;0.60;3.44
SM3;L137;25.0;5.0;1.00;0.55;0.55;3.09
SM3;L138;25.0;5.0;0.97;0.88;0.88;6.87
SM3;L139;25.0;5.0;1.00;0.84;0.84;6.08
SM3;L140;25.0;5.0;0.14;-0.01;0.01;0.07
SM3;L141;25.0;5.0;0.99;-0.95;0.95;9.00
SM3;L142;25.0;5.0;0.04;-0.18;0.18;0.93
SM3;L143;25.0;5.0;0.99;-0.95;0.95;9.09
SM3;L144;25.0;5.0;0.98;0.28;0.28;1.45
SM3;L145;25.0;5.0;1.00;-0.47;0.47;2.53
SM3;L146;25.0;5.0;0.27;-0.03;0.03;0.15
SM3;L147;25.0;5.0;0.98;0.50;0.50;2.74
SM3;L148;25.0;5.0;0.61;0.42;0.42;2.23
SM3;L149;25.0;5.0;1.00;0.58;0.58;3.26
SM3;L150;25.0;5.0;0.05;0.02;0.02;0.08
SM3;L151;25.0;5.0;0.04;-0.11;0.11;0.54
SM3;L152;25.0;5.0;0.08;0.71;0.71;4.42
SM3;L153;25.0;5.0;0.98;0.93;0.93;8.07
SM3;L154;25.0;5.0;0.07;-0.11;0.11;0.54
SM3;L155;25.0;5.0;0.98;0.55;0.55;3.07
SM3;L156;25.0;5.0;0.99;-0.42;0.42;2.22
SM3;L157;25.0;5.0;0.99;-0.87;0.87;6.70
SM3;L158;25.0;5.0;0.04;-1.00;1.00;18.80
SM3;L159;25.0;5.0;0.99;0.71;0.71;4.42
SM3;L160;25.0;5.0;1.00;0.50;0.50;2.75
SM3;L161;25.0;5.0;0.04;-0.11;0.11;0.55
SM3;L162;25.0;5.0;0.29;-0.18;0.18;0.91
SM3;L163;25.0;5.0;0.98;0.88;0.88;6.87
SM3;L164;25.0;5.0;0.27;-0.20;0.20;0.99
SM3;L165;25.0;5.0;0.99;-0.31;0.31;1.59
SM3;L166;25.0;5.0;0.25;-0.31;0.31;1.61
SM3;L167;25.0;5.0;0.99;-0.92;0.92;7.77
SM3;L168;25.0;5.0;0.11;0.00;0.00;0.01
SM3;L169;25.0;5.0;0.98;-0.29;0.29;1.49
SM3;L170;25.0;5.0;1.00;0.84;0.84;6.10
SM3;L171;25.0;5.0;1.00;0.27;0.27;1.38
SM3;L172;25.0;5.0;0.27;-0.59;0.59;3.37
SM3;L173;25.0;5.0;0.98;0.73;0.73;4.60
SM3;L174;25.0;5.0;1.00;-0.09;0.09;0.43
SM3;L175;25.0;5.0;0.93;-0.78;0.78;5.18
SM3;L176;25.0;5.0;0.08;0.28;0.28;1.42
SM3;L177;25.0;5.0;0.98;-0.25;0.25;1.28
SM3;L178;25.0;5.0;1.00;-0.27;0.27;1.38
SM3;L179;25.0;5.0;0.19;0.16;0.16;0.81
SM3;L180;25.0;5.0;0.98;0.23;0.23;1.17
SM3;L181;25.0;5.0;1.00;0.13;0.13;0.65
SM3;L182;25.0;5.0;1.00;-0.23;0.23;1.17
SM3;L183;25.0;5.0;1.00;0.14;0.14;0.71
SM3;L184;25.0;5.0;1.00;0.08;0.08;0.39
SM3;L185;25.0;5.0;0.08;-0.18;0.18;0.92
SM3;L186;25.0;5.0;0.00;0.00;0.00;0.00
SM3;L187;25.0;5.0;0.98;-0.81;0.81;5.55
SM3;L188;25.0;5.0;0.99;0.28;0.28;1.45
SM3;L189;25.0;5.0;1.00;-0.32;0.32;1.65
SM3;L190;25.0;5.0;0.36;-0.10;0.10;0.50
SM3;L191;25.0;5.0;0.55;-0.10;0.10;0.50
SM3;L192;25.0;5.0;0.27;-0.28;0.28;1.41
SM7;L1;50.0;5.0;1.00;0.29;0.29;1.60
SM7;L2;50.0;5.0;1.00;0.26;0.26;1.43
SM7;L3;50.0;5.0;1.00;-0.12;0.12;0.63
SM7;L4;50.0;5.0;0.95;0.20;0.20;1.08
SM7;L5;50.0;5.0;0.28;-0.11;0.11;0.60
SM7;L6;50.0;5.0;0.87;0.08;0.08;0.41
SM7;L7;50.0;5.0;0.99;0.18;0.18;0.95
SM7;L8;50.0;5.0;0.31;-0.17;0.17;0.92
SM7;L9;50.0;5.0;1.00;-0.01;0.01;0.03
SM7;L10;50.0;5.0;1.00;0.23;0.23;1.24
SM7;L11;50.0;5.0;1.00;0.27;0.27;1.51
SM7;L12;50.0;5.0;1.00;-0.30;0.30;1.69
SM7;L13;50.0;5.0;0.91;0.10;0.10;0.56
SM7;L14;50.0;5.0;0.72;-0.44;0.44;2.51
SM7;L15;50.0;5.0;1.00;0.54;0.54;3.23
SM7;L16;50.0;5.0;1.00;0.18;0.18;0.97
SM7;L17;50.0;5.0;0.07;0.19;0.19;1.01
SM7;L18;50.0;5.0;1.00;0.92;0.92;8.38
SM7;L19;50.0;5.0;1.00;-0.19;0.19;1.01
SM7;L20;50.0;5.0;1.00;-0.50;0.50;2.92
SM7;L21;50.0;5.0;0.63;-0.17;0.17;0.90
SM7;L22;50.0;5.0;1.00;-0.80;0.80;5.88
SM7;L23;50.0;5.0;1.00;-0.78;0.78;5.56
SM7;L24;50.0;5.0;1.00;-0.11;0.11;0.60
SM7;L25;50.0;5.0;1.00;-0.84;0.84;6.57
SM7;L26;50.0;5.0;1.00;-0.67;0.67;4.35
SM7;L27;50.0;5.0;1.00;0.67;0.67;4.32
SM7;L28;50.0;5.0;1.00;0.78;0.78;5.67
SM7;L29;50.0;5.0;1.00;0.83;0.83;6.38
SM7;L30;50.0;5.0;1.00;-0.65;0.65;4.19
SM7;L31;50.0;5.0;1.00;-0.82;0.82;6.23
SM7;L32;50.0;5.0;0.62;-0.22;0.22;1.19
SM7;L33;50.0;5.0;0.12;-0.24;0.24;1.29
SM7;L34;50.0;5.0;0.67;-0.17;0.17;0.94
SM7;L35;50.0;5.0;0.75;0.07;0.07;0.35
SM7;L36;50.0;5.0;0.82;0.23;0.23;1.28
SM7;L37;50.0;5.0;0.58;-0.02;0.02;0.12
SM7;L38;50.0;5.0;0.63;-0.10;0.10;0.53
SM7;L39;50.0;5.0;0.91;0.23;0.23;1.27
SM7;L40;50.0;5.0;0.31;0.17;0.17;0.94
SM7;L41;50.0;5.0;0.42;-0.30;0.30;1.66
SM7;L42;50.0;5.0;1.00;-0.20;0.20;1.08
SM7;L43;50.0;5.0;0.94;-0.33;0.33;1.85
SM7;L44;50.0;5.0;0.10;-0.11;0.11;0.58
SM7;L45;50.0;5.0;0.72;-0.16;0.16;0.87
SM7;L46;50.0;5.0;0.93;-0.35;0.35;1.97
SM7;L47;50.0;5.0;0.93;-0.35;0.35;1.98
SM7;L48;50.0;5.0;0.66;0.08;0.08;0.41
SM7;L49;50.0;5.0;0.84;0.14;0.14;0.76
SM7;L50;50.0;5.0;0.48;-0.20;0.20;1.07
SM7;L51;50.0;5.0;1.00;0.05;0.05;0.25
SM7;L52;50.0;5.0;0.44;0.07;0.07;0.36
SM7;L53;50.0;5.0;0.91;0.04;0.04;0.19
SM7;L54;50.0;5.0;1.00;-0.02;0.02;0.13
SM7;L55;50.0;5.0;0.39;0.51;0.51;3.05
SM7;L56;50.0;5.0;0.18;0.10;0.10;0.53
SM7;L57;50.0;5.0;0.10;0.08;0.08;0.44
SM7;L58;50.0;5.0;1.00;-0.79;0.79;5.80
SM7;L59;50.0;5.0;0.95;0.01;0.01;0.06
SM7;L60;50.0;5.0;0.05;-0.10;0.10;0.53
SM7;L61;50.0;5.0;0.95;0.37;0.37;2.08
SM7;L62;50.0;5.0;0.18;-0.21;0.21;1.15
SM7;L63;50.0;5.0;1.00;0.41;0.41;2.32
SM7;L64;50.0;5.0;0.66;0.13;0.13;0.68
SM7;L65;50.0;5.0;0.12;0.09;0.09;0.50
SM7;L66;50.0;5.0;0.49;0.05;0.05;0.26
SM7;L67;50.0;5.0;0.10;0.03;0.03;0.17
SM7;L68;50.0;5.0;0.09;0.11;0.11;0.57
SM7;L69;50.0;5.0;0.08;0.03;0.03;0.14
SM7;L70;50.0;5.0;1.00;0.64;0.64;4.11
SM7;L71;50.0;5.0;0.30;0.35;0.35;1.97
SM7;L72;50.0;5.0;0.15;0.03;0.03;0.14
SM7;L73;50.0;5.0;0.17;-0.05;0.05;0.26
SM7;L74;50.0;5.0;1.00;-0.18;0.18;0.97
SM7;L75;50.0;5.0;1.00;-0.75;0.75;5.26
SM7;L76;50.0;5.0;1.00;0.41;0.41;2.35
SM7;L77;50.0;5.0;0.79;0.49;0.49;2.90
SM7;L78;50.0;5.0;0.10;0.10;0.10;0.52
SM7;L79;50.0;5.0;1.00;-0.19;0.19;1.01
SM7;L80;50.0;5.0;0.65;-0.21;0.21;1.13
SM7;L81;50.0;5.0;0.06;-0.23;0.23;1.26
SM7;L82;50.0;5.0;1.00;-0.70;0.70;4.67
SM7;L83;50.0;5.0;1.00;0.48;0.48;2.81
SM7;L84;50.0;5.0;0.34;-0.21;0.21;1.15
SM7;L85;50.0;5.0;1.00;0.50;0.50;2.96
SM7;L86;50.0;5.0;1.00;0.61;0.61;3.82
SM7;L87;50.0;5.0;1.00;-0.52;0.52;3.10
SM7;L88;50.0;5.0;0.67;0.21;0.21;1.14
SM7;L89;50.0;5.0;0.61;0.11;0.11;0.57
SM7;L90;50.0;5.0;0.21;0.07;0.07;0.39
SM7;L91;50.0;5.0;0.01;0.26;0.26;1.44
SM7;L92;50.0;5.0;0.04;0.08;0.08;0.42
SM7;L93;50.0;5.0;0.04;0.08;0.08;0.43
SM7;L94;50.0;5.0;0.21;0.02;0.02;0.10
SM7;L95;50.0;5.0;0.98;-0.41;0.41;2.34
SM7;L96;50.0;5.0;0.99;-0.74;0.74;5.16
SM7;L97;50.0;5.0;1.00;-0.74;0.74;5.10
SM7;L98;50.0;5.0;0.30;-0.02;0.02;0.13
SM7;L99;50.0;5.0;0.26;0.10;0.10;0.54
SM7;L100;50.0;5.0;1.00;-0.36;0.36;2.04
SM7;L101;50.0;5.0;1.00;0.05;0.05;0.27
SM7;L102;50.0;5.0;0.73;-0.14;0.14;0.76
SM7;L103;50.0;5.0;1.00;0.07;0.07;0.38
SM7;L104;50.0;5.0;0.40;0.23;0.23;1.26
SM7;L105;50.0;5.0;0.63;0.28;0.28;1.54
SM7;L106;50.0;5.0;0.53;0.11;0.11;0.61
SM7;L107;50.0;5.0;0.86;0.04;0.04;0.21
SM7;L108;50.0;5.0;0.19;0.09;0.09;0.48
SM7;L109;50.0;5.0;0.55;0.00;0.00;0.01
SM7;L110;50.0;5.0;0.69;0.23;0.23;1.27
SM7;L111;50.0;5.0;0.37;0.06;0.06;0.31
SM7;L112;50.0;5.0;1.00;0.22;0.22;1.23
SM7;L113;50.0;5.0;0.13;-0.12;0.12;0.67
SM7;L114;50.0;5.0;0.76;-0.08;0.08;0.44
SM7;L115;50.0;5.0;0.95;0.14;0.14;0.75
SM7;L116;50.0;5.0;0.99;0.06;0.06;0.35
SM7;L117;50.0;5.0;1.00;0.23;0.23;1.26
SM7;L118;50.0;5.0;1.00;0.48;0.48;2.80
SM7;L119;50.0;5.0;1.00;0.41;0.41;2.32
SM7;L120;50.0;5.0;0.32;-0.04;0.04;0.19
SM7;L121;50.0;5.0;0.41;-0.05;0.05;0.25
SM7;L122;50.0;5.0;0.85;0.20;0.20;1.09
SM7;L123;50.0;5.0;0.62;0.02;0.02;0.12
SM7;L124;50.0;5.0;0.92;-0.26;0.26;1.43
SM7;L125;50.0;5.0;0.38;-0.02;0.02;0.13
SM7;L126;50.0;5.0;1.00;-0.27;0.27;1.51
SM7;L127;50.0;5.0;0.73;0.32;0.32;1.76
SM7;L128;50.0;5.0;1.00;-0.63;0.63;3.96
SM7;L129;50.0;5.0;0.42;-0.05;0.05;0.25
SM7;L130;50.0;5.0;0.87;0.10;0.10;0.56
SM7;L131;50.0;5.0;0.79;-0.46;0.46;2.65
SM7;L132;50.0;5.0;0.36;-0.16;0.16;0.87
SM7;L133;50.0;5.0;1.00;-0.52;0.52;3.11
SM7;L134;50.0;5.0;0.99;0.22;0.22;1.23
SM7;L135;50.0;5.0;0.65;0.36;0.36;2.01
SM7;L136;50.0;5.0;1.00;0.49;0.49;2.85
SM7;L137;50.0;5.0;1.00;0.45;0.45;2.58
SM7;L138;50.0;5.0;1.00;-0.31;0.31;1.72
SM7;L139;50.0;5.0;0.54;0.52;0.52;3.10
SM7;L140;50.0;5.0;0.26;0.10;0.10;0.53
SM7;L141;50.0;5.0;1.00;-0.17;0.17;0.94
SM7;L142;50.0;5.0;0.15;0.11;0.11;0.59
SM7;L143;50.0;5.0;1.00;0.38;0.38;2.15
SM7;L144;50.0;5.0;0.16;-0.06;0.06;0.33
SM7;L145;50.0;5.0;1.00;0.42;0.42;2.44
SM7;L146;50.0;5.0;0.53;0.07;0.07;0.40
SM7;L147;50.0;5.0;0.61;0.06;0.06;0.32
SM7;L148;50.0;5.0;0.11;0.13;0.13;0.71
SM7;L149;50.0;5.0;0.69;0.15;0.15;0.83
SM7;L150;50.0;5.0;0.21;0.18;0.18;0.98
SM7;L151;50.0;5.0;0.56;-0.27;0.27;1.46
SM7;L152;50.0;5.0;0.35;0.26;0.26;1.40
SM7;L153;50.0;5.0;0.91;0.32;0.32;1.78
SM7;L154;50.0;5.0;0.32;0.06;0.06;0.32
SM7;L155;50.0;5.0;0.55;0.05;0.05;0.26
SM7;L156;50.0;5.0;1.00;0.27;0.27;1.50
SM7;L157;50.0;5.0;1.00;-0.01;0.01;0.07
SM7;L158;50.0;5.0;0.08;0.15;0.15;0.80
SM7;L159;50.0;5.0;0.87;0.08;0.08;0.45
SM7;L160;50.0;5.0;0.75;0.06;0.06;0.34
SM7;L161;50.0;5.0;0.37;0.10;0.10;0.56
SM7;L162;50.0;5.0;0.89;0.07;0.07;0.38
SM7;L163;50.0;5.0;0.96;-0.38;0.38;2.16
SM7;L164;50.0;5.0;1.00;-0.15;0.15;0.83
SM7;L165;50.0;5.0;0.40;0.06;0.06;0.35
SM7;L166;50.0;5.0;0.18;0.02;0.02;0.13
SM7;L167;50.0;5.0;0.45;-0.03;0.03;0.17
SM7;L168;50.0;5.0;1.00;0.46;0.46;2.68
SM7;L169;50.0;5.0;1.00;0.04;0.04;0.20
SM7;L170;50.0;5.0;0.50;0.02;0.02;0.13
SM7;L171;50.0;5.0;1.00;0.58;0.58;3.55
SM7;L172;50.0;5.0;0.47;-0.21;0.21;1.17
SM7;L173;50.0;5.0;0.43;0.13;0.13;0.71
SM7;L174;50.0;5.0;1.00;0.08;0.08;0.45
SM7;L175;50.0;5.0;1.00;-0.06;0.06;0.33
SM7;L176;50.0;5.0;0.99;0.58;0.58;3.55
SM7;L177;50.0;5.0;0.44;0.06;0.06;0.32
SM7;L178;50.0;5.0;0.56;0.12;0.12;0.65
SM7;L179;50.0;5.0;0.34;0.07;0.07;0.37
SM7;L180;50.0;5.0;0.27;0.07;0.07;0.37
SM7;L181;50.0;5.0;0.44;0.07;0.07;0.40
SM7;L182;50.0;5.0;0.84;0.55;0.55;3.33
SM7;L183;50.0;5.0;0.76;0.12;0.12;0.65
SM7;L184;50.0;5.0;0.85;-0.03;0.03;0.16
SM7;L185;50.0;5.0;0.16;-0.37;0.37;2.06
SM7;L186;50.0;5.0;0.05;-0.06;0.06;0.33
SM7;L187;50.0;5.0;0.56;0.01;0.01;0.06
SM7;L188;50.0;5.0;1.00;0.41;0.41;2.37
SM7;L189;50.0;5.0;1.00;0.18;0.18;0.96
SM7;L190;50.0;5.0;0.97;0.09;0.09;0.49
SM7;L191;50.0;5.0;1.00;-0.36;0.36;2.01
SM7;L192;50.0;5.0;1.00;-0.59;0.59;3.61
SM8;L1;50.0;5.0;1.00;0.61;0.61;3.79
SM8;L2;50.0;5.0;1.00;-0.16;0.16;0.86
SM8;L3;50.0;5.0;1.00;0.08;0.08;0.43
SM8;L4;50.0;5.0;0.58;-0.17;0.17;0.89
SM8;L5;50.0;5.0;0.91;-0.11;0.11;0.58
SM8;L6;50.0;5.0;1.00;0.76;0.76;5.40
SM8;L7;50.0;5.0;1.00;0.63;0.63;3.99
SM8;L8;50.0;5.0;1.00;-0.22;0.22;1.18
SM8;L9;50.0;5.0;1.00;-0.44;0.44;2.56
SM8;L10;50.0;5.0;1.00;0.03;0.03;0.17
SM8;L11;50.0;5.0;1.00;-0.25;0.25;1.38
SM8;L12;50.0;5.0;1.00;0.28;0.28;1.57
SM8;L13;50.0;5.0;0.10;0.09;0.09;0.49
SM8;L14;50.0;5.0;0.93;-0.02;0.02;0.11
SM8;L15;50.0;5.0;1.00;-0.61;0.61;3.79
SM8;L16;50.0;5.0;1.00;-0.42;0.42;2.40
SM8;L17;50.0;5.0;0.84;-0.07;0.07;0.37
SM8;L18;50.0;5.0;1.00;-0.90;0.90;7.88
SM8;L19;50.0;5.0;1.00;-0.49;0.49;2.90
SM8;L20;50.0;5.0;1.00;0.20;0.20;1.09
SM8;L21;50.0;5.0;0.15;-0.08;0.08;0.43
SM8;L22;50.0;5.0;0.67;0.46;0.46;2.70
SM8;L23;50.0;5.0;0.52;0.43;0.43;2.50
SM8;L24;50.0;5.0;1.00;0.13;0.13;0.68
SM8;L25;50.0;5.0;1.00;0.33;0.33;1.83
SM8;L26;50.0;5.0;1.00;0.57;0.57;3.45
SM8;L27;50.0;5.0;1.00;-0.59;0.59;3.68
SM8;L28;50.0;5.0;1.00;-0.49;0.49;2.85
SM8;L29;50.0;5.0;1.00;-0.40;0.40;2.26
SM8;L30;50.0;5.0;1.00;-0.11;0.11;0.60
SM8;L31;50.0;5.0;1.00;-0.05;0.05;0.29
SM8;L32;50.0;5.0;1.00;0.04;0.04;0.20
SM8;L33;50.0;5.0;0.24;-0.20;0.20;1.09
SM8;L34;50.0;5.0;1.00;0.03;0.03;0.14
SM8;L35;50.0;5.0;0.37;-0.11;0.11;0.62
SM8;L36;50.0;5.0;0.54;-0.31;0.31;1.72
SM8;L37;50.0;5.0;0.99;0.10;0.10;0.51
SM8;L38;50.0;5.0;0.66;0.16;0.16;0.86
SM8;L39;50.0;5.0;0.88;-0.15;0.15;0.81
SM8;L40;50.0;5.0;0.44;-0.21;0.21;1.17
SM8;L41;50.0;5.0;0.26;0.04;0.04;0.19
SM8;L42;50.0;5.0;0.97;-0.15;0.15;0.81
SM8;L43;50.0;5.0;0.63;-0.11;0.11;0.58
SM8;L44;50.0;5.0;1.00;0.24;0.24;1.29
SM8;L45;50.0;5.0;0.87;0.11;0.11;0.62
SM8;L46;50.0;5.0;0.34;0.01;0.01;0.07
SM8;L47;50.0;5.0;0.45;0.01;0.01;0.05
SM8;L48;50.0;5.0;0.76;-0.19;0.19;1.02
SM8;L49;50.0;5.0;0.62;-0.18;0.18;0.97
SM8;L50;50.0;5.0;0.29;0.14;0.14;0.75
SM8;L51;50.0;5.0;1.00;-0.15;0.15;0.80
SM8;L52;50.0;5.0;0.80;-0.09;0.09;0.47
SM8;L53;50.0;5.0;1.00;-0.01;0.01;0.06
SM8;L54;50.0;5.0;1.00;0.20;0.20;1.08
SM8;L55;50.0;5.0;1.00;0.56;0.56;3.42
SM8;L56;50.0;5.0;1.00;-0.47;0.47;2.72
SM8;L57;50.0;5.0;0.86;0.01;0.01;0.08
SM8;L58;50.0;5.0;1.00;0.59;0.59;3.61
SM8;L59;50.0;5.0;1.00;-0.01;0.01;0.06
SM8;L60;50.0;5.0;0.23;-0.31;0.31;1.71
SM8;L61;50.0;5.0;0.75;-0.07;0.07;0.38
SM8;L62;50.0;5.0;0.23;0.32;0.32;1.77
SM8;L63;50.0;5.0;1.00;-0.20;0.20;1.08
SM8;L64;50.0;5.0;0.39;-0.42;0.42;2.42
SM8;L65;50.0;5.0;1.00;-0.37;0.37;2.09
SM8;L66;50.0;5.0;1.00;0.00;0.00;0.02
SM8;L67;50.0;5.0;0.90;0.23;0.23;1.28
SM8;L68;50.0;5.0;0.95;0.27;0.27;1.47
SM8;L69;50.0;5.0;0.80;0.29;0.29;1.59
SM8;L70;50.0;5.0;1.00;-0.18;0.18;1.00
SM8;L71;50.0;5.0;0.34;-0.14;0.14;0.78
SM8;L72;50.0;5.0;0.23;-0.01;0.01;0.06
SM8;L73;50.0;5.0;0.23;-0.13;0.13;0.71
SM8;L74;50.0;5.0;1.00;0.11;0.11;0.60
SM8;L75;50.0;5.0;1.00;0.20;0.20;1.07
SM8;L76;50.0;5.0;1.00;-0.54;0.54;3.21
SM8;L77;50.0;5.0;1.00;-0.22;0.22;1.21
SM8;L78;50.0;5.0;1.00;0.19;0.19;1.03
SM8;L79;50.0;5.0;1.00;0.09;0.09;0.51
SM8;L80;50.0;5.0;1.00;-0.56;0.56;3.43
SM8;L81;50.0;5.0;0.02;-0.07;0.07;0.38
SM8;L82;50.0;5.0;1.00;0.46;0.46;2.69
SM8;L83;50.0;5.0;1.00;-0.08;0.08;0.43
SM8;L84;50.0;5.0;1.00;-0.24;0.24;1.30
SM8;L85;50.0;5.0;1.00;-0.41;0.41;2.33
SM8;L86;50.0;5.0;1.00;-0.52;0.52;3.11
SM8;L87;50.0;5.0;1.00;-0.39;0.39;2.18
SM8;L88;50.0;5.0;0.46;0.12;0.12;0.63
SM8;L89;50.0;5.0;0.89;-0.17;0.17;0.91
SM8;L90;50.0;5.0;1.00;-0.02;0.02;0.12
SM8;L91;50.0;5.0;0.22;0.04;0.04;0.20
SM8;L92;50.0;5.0;0.55;0.00;0.00;0.01
SM8;L93;50.0;5.0;0.38;-0.04;0.04;0.23
SM8;L94;50.0;5.0;1.00;0.02;0.02;0.10
SM8;L95;50.0;5.0;1.00;0.28;0.28;1.52
SM8;L96;50.0;5.0;1.00;0.37;0.37;2.07
SM8;L97;50.0;5.0;1.00;-0.56;0.56;3.39
SM8;L98;50.0;5.0;1.00;-0.24;0.24;1.31
SM8;L99;50.0;5.0;0.42;-0.57;0.57;3.45
SM8;L100;50.0;5.0;1.00;-0.73;0.73;5.02
SM8;L101;50.0;5.0;1.00;0.02;0.02;0.09
SM8;L102;50.0;5.0;1.00;-0.59;0.59;3.65
SM8;L103;50.0;5.0;1.00;-0.77;0.77;5.43
SM8;L104;50.0;5.0;0.47;-0.24;0.24;1.34
SM8;L105;50.0;5.0;0.56;0.12;0.12;0.63
SM8;L106;50.0;5.0;0.35;0.15;0.15;0.80
SM8;L107;50.0;5.0;1.00;-0.03;0.03;0.14
SM8;L108;50.0;5.0;1.00;-0.07;0.07;0.40
SM8;L109;50.0;5.0;1.00;0.14;0.14;0.76
SM8;L110;50.0;5.0;1.00;-0.24;0.24;1.34
SM8;L111;50.0;5.0;0.92;0.05;0.05;0.27
SM8;L112;50.0;5.0;1.00;-0.11;0.11;0.59
SM8;L113;50.0;5.0;0.77;-0.51;0.51;2.99
SM8;L114;50.0;5.0;0.65;-0.09;0.09;0.51
SM8;L115;50.0;5.0;1.00;0.04;0.04;0.23
SM8;L116;50.0;5.0;1.00;0.01;0.01;0.06
SM8;L117;50.0;5.0;1.00;-0.18;0.18;0.97
SM8;L118;50.0;5.0;1.00;0.34;0.34;1.91
SM8;L119;50.0;5.0;1.00;0.18;0.18;1.00
SM8;L120;50.0;5.0;0.37;0.02;0.02;0.12
SM8;L121;50.0;5.0;1.00;-0.27;0.27;1.50
SM8;L122;50.0;5.0;0.97;0.25;0.25;1.37
SM8;L123;50.0;5.0;0.08;0.00;0.00;0.01
SM8;L124;50.0;5.0;0.37;-0.07;0.07;0.38
SM8;L125;50.0;5.0;1.00;-0.22;0.22;1.18
SM8;L126;50.0;5.0;1.00;0.32;0.32;1.81
SM8;L127;50.0;5.0;0.22;-0.13;0.13;0.70
SM8;L128;50.0;5.0;1.00;-0.45;0.45;2.60
SM8;L129;50.0;5.0;1.00;-0.07;0.07;0.40
SM8;L130;50.0;5.0;0.83;0.10;0.10;0.56
SM8;L131;50.0;5.0;1.00;0.48;0.48;2.78
SM8;L132;50.0;5.0;0.28;0.24;0.24;1.33
SM8;L133;50.0;5.0;1.00;-0.01;0.01;0.06
SM8;L134;50.0;5.0;1.00;0.29;0.29;1.63
SM8;L135;50.0;5.0;0.28;-0.11;0.11;0.57
SM8;L136;50.0;5.0;1.00;0.06;0.06;0.31
SM8;L137;50.0;5.0;1.00;0.05;0.05;0.29
SM8;L138;50.0;5.0;1.00;-0.38;0.38;2.16
SM8;L139;50.0;5.0;1.00;0.19;0.19;1.05
SM8;L140;50.0;5.0;0.36;-0.07;0.07;0.37
SM8;L141;50.0;5.0;1.00;-0.24;0.24;1.32
SM8;L142;50.0;5.0;0.12;-0.04;0.04;0.23
SM8;L143;50.0;5.0;1.00;0.23;0.23;1.27
SM8;L144;50.0;5.0;0.31;0.29;0.29;1.59
SM8;L145;50.0;5.0;1.00;0.27;0.27;1.48
SM8;L146;50.0;5.0;1.00;0.01;0.01;0.07
SM8;L147;50.0;5.0;0.45;0.08;0.08;0.43
SM8;L148;50.0;5.0;0.03;0.18;0.18;0.97
SM8;L149;50.0;5.0;0.90;0.12;0.12;0.64
SM8;L150;50.0;5.0;0.31;-0.15;0.15;0.79
SM8;L151;50.0;5.0;0.31;-0.02;0.02;0.11
SM8;L152;50.0;5.0;0.01;-0.14;0.14;0.73
SM8;L153;50.0;5.0;1.00;-0.12;0.12;0.66
SM8;L154;50.0;5.0;0.30;0.00;0.00;0.00
SM8;L155;50.0;5.0;1.00;-0.18;0.18;0.95
SM8;L156;50.0;5.0;1.00;0.40;0.40;2.26
SM8;L157;50.0;5.0;1.00;-0.44;0.44;2.51
SM8;L158;50.0;5.0;0.03;0.00;0.00;0.02
SM8;L159;50.0;5.0;1.00;-0.07;0.07;0.39
SM8;L160;50.0;5.0;1.00;0.01;0.01;0.03
SM8;L161;50.0;5.0;0.88;0.01;0.01;0.06
SM8;L162;50.0;5.0;1.00;0.01;0.01;0.03
SM8;L163;50.0;5.0;1.00;-0.33;0.33;1.84
SM8;L164;50.0;5.0;1.00;0.29;0.29;1.61
SM8;L165;50.0;5.0;1.00;0.30;0.30;1.68
SM8;L166;50.0;5.0;0.18;-0.11;0.11;0.59
SM8;L167;50.0;5.0;0.20;0.18;0.18;0.99
SM8;L168;50.0;5.0;1.00;0.54;0.54;3.26
SM8;L169;50.0;5.0;1.00;-0.11;0.11;0.61
SM8;L170;50.0;5.0;0.20;-0.27;0.27;1.48
SM8;L171;50.0;5.0;1.00;0.36;0.36;2.00
SM8;L172;50.0;5.0;0.90;0.24;0.24;1.34
SM8;L173;50.0;5.0;0.11;0.01;0.01;0.04
SM8;L174;50.0;5.0;1.00;-0.22;0.22;1.19
SM8;L175;50.0;5.0;1.00;-0.06;0.06;0.30
SM8;L176;50.0;5.0;0.26;0.39;0.39;2.20
SM8;L177;50.0;5.0;0.90;-0.13;0.13;0.69
SM8;L178;50.0;5.0;0.81;0.11;0.11;0.58
SM8;L179;50.0;5.0;0.89;0.01;0.01;0.03
SM8;L180;50.0;5.0;1.00;0.30;0.30;1.66
SM8;L181;50.0;5.0;0.74;-0.11;0.11;0.62
SM8;L182;50.0;5.0;0.13;0.23;0.23;1.23
SM8;L183;50.0;5.0;1.00;0.55;0.55;3.31
SM8;L184;50.0;5.0;1.00;-0.12;0.12;0.65
SM8;L185;50.0;5.0;0.19;0.38;0.38;2.16
SM8;L186;50.0;5.0;0.00;1.00;1.00;18.80
SM8;L187;50.0;5.0;0.71;-0.15;0.15;0.83
SM8;L188;50.0;5.0;1.00;-0.15;0.15;0.84
SM8;L189;50.0;5.0;1.00;-0.48;0.48;2.79
SM8;L190;50.0;5.0;1.00;-0.04;0.04;0.21
SM8;L191;50.0;5.0;1.00;-0.45;0.45;2.61
SM8;L192;50.0;5.0;1.00;0.09;0.09;0.51
