Ligand#,free_ligand_filename_tud,free_ligand_index_donor_min,free_ligand_index_donor_max,free_ligand_optimization_success_dft,free_ligand_wall_time_dft,free_ligand_cpu_time_dft,free_ligand_sum_electronic_and_free_energy_dft,free_ligand_sum_electronic_and_enthalpy_dft,free_ligand_zero_point_correction_dft,free_ligand_entropy_dft,free_ligand_orbital_occupation_min_donor_other_atom_1_dft,free_ligand_orbital_occupation_min_donor_other_atom_1_element_dft,free_ligand_orbital_occupation_min_donor_other_atom_1_index_dft,free_ligand_orbital_occupation_min_donor_other_atom_2_dft,free_ligand_orbital_occupation_min_donor_other_atom_2_element_dft,free_ligand_orbital_occupation_min_donor_other_atom_2_index_dft,free_ligand_orbital_occupation_min_donor_other_atom_3_dft,free_ligand_orbital_occupation_min_donor_other_atom_3_element_dft,free_ligand_orbital_occupation_min_donor_other_atom_3_index_dft,free_ligand_anti_orbital_occupation_min_donor_other_atom_1_dft,free_ligand_anti_orbital_occupation_min_donor_other_atom_1_element_dft,free_ligand_anti_orbital_occupation_min_donor_other_atom_1_index_dft,free_ligand_anti_orbital_occupation_min_donor_other_atom_2_dft,free_ligand_anti_orbital_occupation_min_donor_other_atom_2_element_dft,free_ligand_anti_orbital_occupation_min_donor_other_atom_2_index_dft,free_ligand_anti_orbital_occupation_min_donor_other_atom_3_dft,free_ligand_anti_orbital_occupation_min_donor_other_atom_3_element_dft,free_ligand_anti_orbital_occupation_min_donor_other_atom_3_index_dft,free_ligand_orbital_occupation_max_donor_other_atom_1_dft,free_ligand_orbital_occupation_max_donor_other_atom_1_element_dft,free_ligand_orbital_occupation_max_donor_other_atom_1_index_dft,free_ligand_orbital_occupation_max_donor_other_atom_2_dft,free_ligand_orbital_occupation_max_donor_other_atom_2_element_dft,free_ligand_orbital_occupation_max_donor_other_atom_2_index_dft,free_ligand_orbital_occupation_max_donor_other_atom_3_dft,free_ligand_orbital_occupation_max_donor_other_atom_3_element_dft,free_ligand_orbital_occupation_max_donor_other_atom_3_index_dft,free_ligand_anti_orbital_occupation_max_donor_other_atom_1_dft,free_ligand_anti_orbital_occupation_max_donor_other_atom_1_element_dft,free_ligand_anti_orbital_occupation_max_donor_other_atom_1_index_dft,free_ligand_anti_orbital_occupation_max_donor_other_atom_2_dft,free_ligand_anti_orbital_occupation_max_donor_other_atom_2_element_dft,free_ligand_anti_orbital_occupation_max_donor_other_atom_2_index_dft,free_ligand_anti_orbital_occupation_max_donor_other_atom_3_dft,free_ligand_anti_orbital_occupation_max_donor_other_atom_3_element_dft,free_ligand_anti_orbital_occupation_max_donor_other_atom_3_index_dft,free_ligand_dipole_moment_dft,free_ligand_lone_pair_occupancy_min_donor_dft,free_ligand_lone_pair_occupancy_max_donor_dft,free_ligand_dispersion_energy_dft,free_ligand_nbo_charge_min_donor_dft,free_ligand_nbo_charge_max_donor_dft,free_ligand_mulliken_charge_min_donor_dft,free_ligand_mulliken_charge_max_donor_dft,free_ligand_homo_energy_dft,free_ligand_lumo_energy_dft,free_ligand_homo_lumo_gap_dft,free_ligand_hardness_dft,free_ligand_softness_dft,free_ligand_electronegativity_dft,free_ligand_electrophilicity_dft
L1,free_ligand_L1_SP,1,14,True,0.03713888888888889,1.0623055555555556,,,,,1.95442,C,2,1.95981,C,8,1.95528,C,17,0.03793,C,2,0.03564,C,8,0.04304,C,17,1.94664,C,15,1.96408,C,50,1.96076,C,67,0.04563,C,15,0.03230,C,50,0.03303,C,67,1.7772464798108338,1.24555,1.29391,-3.4354646637451207,0.89133,0.79783,0.420472,0.332098,-4.6577727790085,-0.66940007223,3.9883727067784998,1.9941863533892499,0.5014576487801327,2.66358642561925,1.778843946726754
L2,free_ligand_L2_SP,22,27,True,0.08413888888888889,2.046111111111111,,,,,,,,,,,,,,,,,,,,,,,,,,,,,,,,,,,,,,,,,1.8636895261818691,1.25116,1.34985,-3.1753102224168726,0.88766,0.76997,0.411896,0.346155,-4.875735973259,-0.693346091074,4.182389882185,2.0911949410925,0.4781954950013275,2.7845410321665,1.8538847353389585
L3,free_ligand_L3_SP,22,27,True,0.1408888888888889,3.312416666666667,,,,,,,,,,,,,,,,,,,,,,,,,,,,,,,,,,,,,,,,,1.2746375994768082,1.29109,1.3045,-3.890705891997722,0.79591,0.75811,0.297628,0.271552,-4.4841641423895,-0.3159241804305,4.168239961959,2.0841199809795,0.47981882479242743,2.40004416141,1.3819290706121032
L4,free_ligand_L4_SP,27,22,True,0.10600000000000001,2.497333333333333,,,,,,,,,,,,,,,,,,,,,,,,,,,,,,,,,,,,,,,,,2.299184329278538,1.27885,1.31265,-3.4777356891615585,0.86047,0.81902,0.366241,0.353576,-4.828932390973001,-0.573071769153,4.255860621820001,2.1279303109100005,0.46994020192905384,2.701002080063,1.7142037497893434
L5,free_ligand_L5_SP,14,1,True,0.04019444444444444,1.1364722222222223,,,,,1.93418,C,15,1.95926,C,34,1.95920,C,42,0.05135,C,15,0.02958,C,34,0.03840,C,42,1.95426,C,2,1.95934,C,8,1.95591,C,17,0.04033,C,2,0.03596,C,8,0.04257,C,17,1.9885451616697067,1.28105,1.24587,-3.484120582155383,0.84361,0.88382,0.33578,0.409586,-4.788931654949501,-0.688448041765,4.100483613184501,2.0502418065922505,0.4877473460860311,2.73868984835725,1.8291554833626344
L6,free_ligand_L6_SP,14,1,True,0.05358333333333334,1.4996666666666667,,,,,1.94703,C,15,1.96435,C,46,1.96120,C,79,0.04569,C,15,0.03272,C,46,0.03285,C,79,1.95342,C,2,1.95852,C,8,1.95482,C,17,0.03935,C,2,0.03660,C,8,0.04207,C,17,4.943988824825557,1.28798,1.24365,-3.9178631808142423,0.79065,0.91376,0.318785,0.444797,-5.1154682755495,-1.729011406077,3.3864568694724992,1.6932284347362496,0.5905877668276742,3.42223984081325,3.4584009126547084
L7,free_ligand_L7_SP,1,14,True,0.05438888888888889,1.5690277777777777,,,,,1.95423,C,2,1.95941,C,8,1.95512,C,17,0.03695,C,2,0.03523,C,8,0.04477,C,17,1.94657,C,15,1.96397,C,44,1.96065,C,61,0.04569,C,15,0.03230,C,44,0.03317,C,61,1.8655669325971662,1.24003,1.29469,-4.099551661342477,0.89282,0.79856,0.412003,0.332713,-4.5026678842235,-0.431572566893,4.0710953173305,2.03554765866525,0.4912682814096921,2.4671202255582503,1.4950969537480032
L8,free_ligand_L8_SP,14,1,True,0.06052777777777778,1.7080555555555557,,,,,1.94285,C,15,1.96147,C,34,1.95547,C,42,0.04418,C,15,0.02972,C,34,0.04724,C,42,1.95054,C,2,1.95688,C,8,1.95587,C,17,0.04587,C,2,0.03855,C,8,0.03820,C,17,4.753580273856749,1.26809,1.26374,-4.091473526308223,0.83139,0.89708,0.31351,0.436762,-5.200639910756,-1.6386696077110001,3.5619703030450003,1.7809851515225001,0.5614869945126358,3.4196547592335,3.2830253139256986
L9,free_ligand_L9_SP,27,22,True,0.12494444444444444,2.5435555555555553,,,,,,,,,,,,,,,,,,,,,,,,,,,,,,,,,,,,,,,,,1.7668089681683192,1.35474,1.31313,-3.453861761439972,0.78639,0.81776,0.344834,0.379286,-4.920362644741,-0.154016439383,4.766346205358,2.383173102679,0.4196086297197079,2.537189542062,1.3505797722188904
L10,free_ligand_L10_SP,22,27,True,0.03902777777777778,1.0803333333333334,,,,,,,,,,,,,,,,,,,,,,,,,,,,,,,,,,,,,,,,,4.388517551520103,1.25359,1.34854,-3.3817836841649993,0.89872,0.76673,0.424819,0.341273,-5.199823569204501,-1.3913181176065001,3.8085054515980006,1.9042527257990003,0.5251403799778797,3.2955708434055007,2.851718954307232
L11,free_ligand_L11_SP,22,27,True,0.04758333333333334,1.3319999999999999,,,,,,,,,,,,,,,,,,,,,,,,,,,,,,,,,,,,,,,,,2.2647626144918585,1.24555,1.35088,-3.8325207234169527,0.88915,0.77066,0.404633,0.347768,-4.71845416767,-0.45089265027850006,4.2675615173915,2.13378075869575,0.46865170937769585,2.58467340897425,1.5654224558529564
L12,free_ligand_L12_SP,22,27,True,0.02666666666666667,0.7585555555555556,,,,,,,,,,,,,,,,,,,,,,,,,,,,,,,,,,,,,,,,,1.868510468260748,1.25551,1.34789,-2.8233611369422817,0.88183,0.76937,0.423021,0.347607,-4.849613043611,-0.107212857097,4.742400186514,2.371200093257,0.4217273788254765,2.478412950354,1.295236696799646
L13,free_ligand_L13_SP,2,1,True,0.059305555555555556,1.6975555555555555,,,,,1.94181,C,3,1.96116,C,18,1.95501,C,26,0.04434,C,3,0.02972,C,18,0.04688,C,26,1.95436,C,5,1.95862,C,62,1.95170,C,79,0.03783,C,5,0.03695,C,62,0.04745,C,79,1.96460037666697,1.27497,1.26893,-4.306589231429521,0.83344,0.86108,0.325124,0.382987,-4.8455313358535,-1.342065510666,3.5034658251875,1.75173291259375,0.5708632821879925,3.09379842325975,2.7320342658836294
L14,free_ligand_L14_SP,14,1,True,0.057249999999999995,1.6406666666666665,,,,,1.93275,C,15,1.95916,C,34,1.95947,C,42,0.05189,C,15,0.03032,C,34,0.03693,C,42,1.95444,C,2,1.95950,C,8,1.95558,C,17,0.03776,C,2,0.03578,C,8,0.04523,C,17,1.9239104604944586,1.28135,1.23596,-4.1441237413437895,0.848,0.88884,0.335812,0.401927,-4.616139359882,-0.46504257050450004,4.1510967893775,2.07554839468875,0.48180037746118676,2.54059096519325,1.554914948969307
L15,free_ligand_L15_SP,2,1,True,0.03288888888888889,0.9441111111111111,,,,,1.94196,C,3,1.96201,C,18,1.95843,C,25,0.05520,C,3,0.03355,C,18,0.04791,C,25,1.95411,C,5,1.95895,C,44,1.95798,C,52,0.04239,C,5,0.05359,C,44,0.03914,C,52,3.001009898350887,1.26644,1.27547,-3.1301582841269755,0.80319,0.85344,0.273002,0.394365,-4.9652614300735,-0.603548520409,4.3617129096645,2.18085645483225,0.45853545187911937,2.7844049752412503,1.7774922895474512
L16,free_ligand_L16_SP,27,22,True,0.08544444444444445,2.0896666666666666,,,,,,,,,,,,,,,,,,,,,,,,,,,,,,,,,,,,,,,,,2.3678574471449925,1.2886,1.32488,-3.1831047277424727,0.85531,0.80722,0.371674,0.349178,-4.8694773546975,-0.573615996854,4.295861357843499,2.1479306789217496,0.4655643731025784,2.72154667577575,1.7241748956591607
L17,free_ligand_L17_SP,2,1,True,0.12458333333333334,2.3906944444444442,,,,,1.96387,N,4,1.95625,C,27,1.95025,C,28,0.03049,N,4,0.06596,C,27,0.04789,C,28,1.96428,N,3,1.95034,C,25,1.95413,C,26,0.04055,N,3,0.04381,C,25,0.06041,C,26,2.521387431554302,1.29671,1.34077,-3.89260373916348,1.0462,1.04619,0.505311,0.55031,-5.199551455354,-1.4060122655335001,3.7935391898205,1.89676959491025,0.5272121625543651,3.3027818604437504,2.8755121462689925
L18,free_ligand_L18_SP,27,22,True,0.036166666666666666,1.0374166666666667,,,,,,,,,,,,,,,,,,,,,,,,,,,,,,,,,,,,,,,,,1.9923716445482755,1.30705,1.32894,-3.480264723451521,0.82181,0.80596,0.334651,0.342444,-4.9723363901865,-0.574160224555,4.3981761656315,2.19908808281575,0.45473394531772593,2.7732483073707503,1.7486580538618453
L19,free_ligand_L19_SP,34,21,True,0.1574722222222222,4.631583333333333,,,,,,,,,,,,,,,,,,,,,,,,,,,,,,,,,,,,,,,,,1.3224213965298657,1.33988,1.35252,-4.572669501522385,0.81424,0.81551,0.32121,0.355718,-5.347037162325,-0.4617772042985,4.8852599580265,2.44262997901325,0.4093947951969255,2.9044071833117497,1.726741495631814
L20,free_ligand_L20_SP,2,1,True,0.18944444444444444,5.797055555555556,,,,,,,,,,,,,,,,,,,,,,,1.95504,C,7,1.95490,C,86,1.95529,C,97,0.04167,C,7,0.03460,C,86,0.03261,C,97,2.347825662181926,1.29325,1.28641,-5.1557959944603144,0.86399,0.86959,0.422756,0.388794,-5.1530199869185,-0.8138925268455,4.3391274600730005,2.1695637300365003,0.4609221596745518,2.983456256882,2.051336661260143
L21,free_ligand_L21_SP,1,2,True,0.38858333333333334,11.38575,,,,,1.96012,C,7,1.95013,C,98,1.94938,C,11,0.03640,C,7,0.03286,C,98,0.04704,C,11,,,,,,,,,,,,,,,,,,,6.033461889330205,1.30437,1.29234,-6.368982918762258,0.86544,0.86531,0.400983,0.436327,-6.1277317994095,-1.952144763487,4.175587035922501,2.0877935179612503,0.4789745687957252,4.03993828144825,3.9086962330088904
L22,free_ligand_L22_SP,1,2,True,0.34730555555555553,10.147944444444445,,,,,1.95597,C,7,1.95873,C,10,1.94986,C,12,0.04477,C,7,0.02318,C,10,0.04668,C,12,,,,,,,,,,,,,,,,,,,3.6884142364978474,1.2871,1.27888,-6.673974394626913,0.86289,0.86971,0.416048,0.382812,-4.911110773824,-0.5208259098570001,4.3902848639670005,2.1951424319835002,0.455551305204562,2.7159683418405,1.6801834647272857
L23,free_ligand_L23_SP,1,2,True,0.2697222222222222,8.274888888888889,,,,,1.95702,C,7,1.95109,C,98,1.95705,C,11,0.03966,C,7,0.03934,C,98,0.03002,C,11,,,,,,,,,,,,,,,,,,,1.8405143656054412,1.29609,1.28528,-6.114504747865194,0.86281,0.85952,0.393266,0.390193,-5.047711926775,-0.5785140461630001,4.4691978806120005,2.2345989403060003,0.4475075960892842,2.813112986469,1.770699102174654
L24,free_ligand_L24_SP,56,21,True,0.15438888888888888,3.7486944444444443,,,,,,,,,,,,,,,,,,,,,,,,,,,,,,,,,,,,,,,,,2.366224406095077,1.28734,1.28327,-4.088888659698416,0.84853,0.87649,0.383134,0.430579,-5.117373072503001,-0.8606961091315,4.2566769633715005,2.1283384816857502,0.4698500772339323,2.9890345908172504,2.0988972999317324
L25,free_ligand_L25_SP,1,2,True,0.06672222222222222,1.9091388888888887,,,,,1.95327,C,14,1.95685,C,72,1.95306,C,83,0.04046,C,14,0.03502,C,72,0.03299,C,83,1.93444,C,15,1.95856,C,38,1.95332,C,55,0.04440,C,15,0.02982,C,38,0.04113,C,55,4.529141510264391,1.28707,1.30536,-4.2600453872561,0.85229,0.87346,0.406853,0.413138,-5.585408895363,-1.6596223741995002,3.9257865211634995,1.9628932605817497,0.5094520522749293,3.62251563478125,3.342672723922188
L26,free_ligand_L26_SP,1,2,True,0.12716666666666668,3.0747222222222224,,,,,1.95247,C,14,1.95664,C,60,1.95248,C,71,0.03987,C,14,0.03480,C,60,0.03278,C,71,1.93426,C,15,1.95517,C,38,1.95994,C,49,0.04549,C,15,0.04011,C,38,0.02981,C,49,1.0176935884636396,1.29255,1.30301,-3.760134844559987,0.86199,0.84954,0.424198,0.392091,-5.1122029093435,-0.736884307154,4.3753186021895,2.18765930109475,0.4571095688892595,2.92454360824875,1.9548188587383193
L27,free_ligand_L27_SP,1,2,True,0.19241666666666668,3.896472222222222,,,,,1.95196,C,14,1.95539,C,72,1.95285,C,83,0.03954,C,14,0.03521,C,72,0.03212,C,83,1.94856,C,15,1.95858,C,38,1.96360,C,55,0.04546,C,15,0.03919,C,38,0.04982,C,55,0.7226799429899795,1.30489,1.32254,-4.058036992700335,0.85881,0.77441,0.418333,0.29569,-4.9287981741065,-0.709672922104,4.219125252002501,2.1095626260012503,0.4740319095885458,2.81923554810525,1.8838239210670389
L28,free_ligand_L28_SP,2,1,True,0.19219444444444445,5.632861111111111,,,,,1.92951,C,15,1.95819,C,38,1.95656,C,55,0.05072,C,15,0.02703,C,38,0.03863,C,55,1.95351,C,14,1.95603,C,72,1.95463,C,93,0.04311,C,14,0.03672,C,72,0.03020,C,93,5.478165434705308,1.3271,1.2799,-4.795284299730902,0.83784,0.85079,0.379608,0.402301,-5.422140585063,-1.6846568484455,3.7374837366174996,1.8687418683087498,0.5351193853782603,3.55339871675425,3.3783805710036674
L29,free_ligand_L29_SP,1,2,True,0.159,4.847888888888889,,,,,1.96059,C,14,1.96279,C,72,1.95588,C,89,0.03133,C,14,0.03847,C,72,0.04465,C,89,1.92730,C,15,1.95648,C,38,1.95929,C,55,0.05146,C,15,0.03352,C,38,0.02982,C,55,4.248767099995009,1.28771,1.32809,-4.517241589117992,0.80211,0.85389,0.352581,0.380555,-5.271661625736501,-1.6743165221265002,3.5973451036100004,1.7986725518050002,0.5559655641581243,3.4729890739315006,3.35293188733644
L30,free_ligand_L30_SP,1,2,True,0.06525,1.8969166666666666,,,,,1.95714,C,14,1.95193,C,72,1.95246,C,89,0.03807,C,14,0.04144,C,72,0.03190,C,89,1.93593,C,15,1.95485,C,38,1.95991,C,55,0.04944,C,15,0.03861,C,38,0.03012,C,55,2.1778386487524735,1.27495,1.31155,-4.527139997101503,0.85812,0.83043,0.4006,0.353787,-4.9266212633025,-0.668855844529,4.2577654187734995,2.1288827093867497,0.46972996473256245,2.79773855391575,1.83836830971335
L31,free_ligand_L31_SP,50,31,True,0.058666666666666666,1.7021944444444443,,,,,,,,,,,,,,,,,,,,,,,,,,,,,,,,,,,,,,,,,2.189280221899426,1.32312,1.24594,-4.205354304736091,0.83915,0.90214,0.367858,0.435833,-4.9859420827115,-0.17823457207750001,4.807707510634001,2.4038537553170003,0.415998684524021,2.5820883273945,1.3867690818794662
L32,free_ligand_L32_SP,14,1,True,0.11555555555555555,2.2774722222222223,,,,,1.95615,C,15,1.95655,C,16,1.95235,C,37,0.04161,C,15,0.02930,C,16,0.04173,C,37,1.95653,C,2,1.95615,C,3,1.95241,C,28,0.02931,C,2,0.04165,C,3,0.04166,C,28,1.7159982342648257,1.26834,1.26854,-3.9247315276016956,0.86646,0.86659,0.386593,0.387183,-5.12118266641,-1.2900917652205,3.8310909011895005,1.9155454505947502,0.522044517236338,3.20563721581525,2.6822934314164035
L33,free_ligand_L33_SP,1,2,True,0.04666666666666667,1.28525,,,,,1.95577,C,9,1.94938,C,19,1.95600,C,47,0.04162,C,9,0.03976,C,19,0.03017,C,47,1.95602,C,4,1.94939,C,5,1.95573,C,61,0.03013,C,4,0.03971,C,5,0.04172,C,61,4.353760349399126,1.27177,1.27198,-4.836662783554284,0.86722,0.86735,0.375624,0.37558,-5.920108931478,-1.799216779506,4.120892151972001,2.0604460759860004,0.48533179861135783,3.859662855492,3.6149932608490833
L34,free_ligand_L34_SP,14,1,True,0.15180555555555555,2.8827777777777777,,,,,1.95659,C,15,1.95659,C,16,1.95220,C,37,0.02905,C,15,0.04157,C,16,0.04272,C,37,1.95653,C,2,1.95664,C,3,1.95218,C,28,0.04169,C,2,0.02902,C,3,0.04279,C,28,1.5084200310258413,1.26603,1.26625,-4.310567761778327,0.86804,0.86771,0.389733,0.389573,-4.9864863104125,-1.2138998870805,3.772586423332,1.886293211666,0.5301402739592039,3.1001930987465003,2.5476413714670283
L35,free_ligand_L35_SP,1,14,True,0.14422222222222222,3.4884444444444442,,,,,1.95571,C,2,1.95629,C,3,1.95175,C,28,0.02884,C,2,0.04069,C,3,0.04222,C,28,1.95627,C,15,1.95572,C,16,1.95177,C,37,0.04073,C,15,0.02880,C,16,0.04221,C,37,1.2593458500348504,1.26635,1.26639,-4.785041006489851,0.86969,0.8699,0.382987,0.383288,-4.954648989904,-1.209818179323,3.744830810581,1.8724154052905,0.5340695217388755,3.0822335846135003,2.5368739872778026
L36,free_ligand_L36_SP,14,1,True,0.1899722222222222,3.2760555555555553,,,,,1.95623,C,15,1.95747,C,16,1.95210,C,37,0.03148,C,15,0.03929,C,16,0.04148,C,37,1.95695,C,2,1.95634,C,3,1.95262,C,28,0.04011,C,2,0.03111,C,3,0.04136,C,28,2.426980257439273,1.26992,1.27015,-4.055555417787038,0.85999,0.85986,0.378371,0.379352,-4.9813161472530005,-0.7009652788880001,4.280350868365001,2.1401754341825003,0.46725141501401163,2.8411407130705,1.8858455298899615
L37,free_ligand_L37_SP,13,14,True,0.09788888888888889,1.9896388888888887,,,,,1.95117,C,2,1.95618,C,21,1.95601,C,22,0.03840,C,2,0.04084,C,21,0.03136,C,22,1.95123,C,7,1.95600,C,23,1.95616,C,24,0.03835,C,7,0.03132,C,23,0.04090,C,24,3.013827795345978,1.27526,1.2754,-3.4114998826511287,0.865,0.86519,0.383997,0.384453,-4.935601020369001,-0.6936182049245,4.2419828154445005,2.1209914077222503,0.4714776289800759,2.8146096126467506,1.867529317365557
L38,free_ligand_L38_SP,14,13,True,0.16674999999999998,3.0885277777777778,,,,,1.95076,C,7,1.95554,C,23,1.95587,C,24,0.03877,C,7,0.03057,C,23,0.04088,C,24,1.95079,C,2,1.95585,C,21,1.95559,C,22,0.03878,C,2,0.04101,C,21,0.03055,C,22,2.881449945773829,1.27301,1.27292,-4.232924768502073,0.86721,0.86715,0.379245,0.379359,-4.775053848574,-0.5477651810565,4.2272886675175005,2.1136443337587503,0.4731164955372001,2.66140951481525,1.6755658680174155
L39,free_ligand_L39_SP,13,14,True,0.09880555555555555,2.834805555555555,,,,,1.95237,C,2,1.95511,C,21,1.95545,C,22,0.04065,C,2,0.03061,C,21,0.04282,C,22,1.95255,C,7,1.95428,C,23,1.95571,C,24,0.04012,C,7,0.04466,C,23,0.03052,C,24,2.7180666088232646,1.26389,1.26207,-7.945295550517951,0.86848,0.86553,0.367583,0.359393,-4.735869454102,-0.6908970664195,4.0449723876825,2.02248619384125,0.49444095245007763,2.7133832602607497,1.8201480780148043
L40,free_ligand_L40_SP,1,32,True,0.1326111111111111,2.288472222222222,,,,,1.95592,C,2,1.95762,C,8,1.95157,C,14,0.03114,C,2,0.03956,C,8,0.04242,C,14,1.95197,C,24,1.95676,C,33,1.95568,C,39,0.04141,C,24,0.02927,C,33,0.04259,C,39,1.725227045927579,1.27349,1.26889,-3.660098742646321,0.86349,0.86125,0.384405,0.381538,-5.171251614901999,-0.8944382265935001,4.276813388308499,2.1384066941542494,0.4676378926112112,3.03284492074775,2.150701346579758
L41,free_ligand_L41_SP,14,13,True,0.09505555555555555,2.7444444444444445,,,,,1.95367,C,7,1.95520,C,21,1.95482,C,22,0.04161,C,7,0.02949,C,21,0.04335,C,22,1.95281,C,2,1.95455,C,19,1.95564,C,20,0.04097,C,2,0.02904,C,19,0.04191,C,20,5.802921299655889,1.26156,1.26216,-7.987853443797863,0.87102,0.86914,0.369984,0.361397,-4.727161810886001,-0.567085264442,4.160076546444,2.080038273222,0.4807603844957093,2.6471235376640005,1.6844072327574175
L42,free_ligand_L42_SP,1,34,True,0.16619444444444442,3.0078333333333336,,,,,1.95288,C,2,1.94931,C,10,1.95712,C,18,0.04291,C,2,0.03625,C,10,0.03701,C,18,1.95158,C,33,1.95447,C,35,1.95615,C,43,0.04012,C,33,0.03096,C,35,0.03755,C,43,3.879705185964521,1.28106,1.27595,-4.280161536990099,0.84108,0.85996,0.349922,0.369625,-4.8966887397475,-0.53334314698,4.3633455927675,2.18167279638375,0.4583638764060121,2.71501594336375,1.6893714733340703
L43,free_ligand_L43_SP,29,16,True,0.08800000000000001,2.4153333333333333,,,,,1.95791,C,28,1.94971,C,30,1.95199,C,45,0.03764,C,28,0.03707,C,30,0.04558,C,45,1.95408,C,6,1.95261,C,17,1.95546,C,64,0.03101,C,6,0.04056,C,17,0.03825,C,64,3.2166290740463066,1.27592,1.27499,-7.503171973157201,0.83985,0.86187,0.340166,0.357419,-4.841449628096,-0.5689900613955,4.2724595667005,2.13622978335025,0.46811443590665586,2.70521984474575,1.7128809048175193
L44,free_ligand_L44_SP,1,28,True,0.06725,1.3971944444444444,,,,,1.95852,C,2,1.95817,C,7,1.95258,C,12,0.04198,C,2,0.03896,C,7,0.04498,C,12,1.95172,C,27,1.95661,C,29,1.96032,C,34,0.04225,C,27,0.04048,C,29,0.03903,C,34,4.493546307761833,1.28883,1.28811,-2.7218536991121307,0.8266,0.83163,0.38539,0.382628,-5.3930244030595,-0.547493067206,4.8455313358535,2.42276566792675,0.41275143247994633,2.97025873513275,1.8207367452878944
L45,free_ligand_L45_SP,1,18,True,0.02436111111111111,0.6764722222222223,,,,,1.94908,C,31,1.95263,C,45,1.95872,C,17,0.03639,C,31,0.03980,C,45,0.03528,C,17,1.95872,C,17,1.95263,C,59,1.94908,C,73,0.03528,C,17,0.03981,C,59,0.03638,C,73,4.0349216051864,1.29027,1.29037,-3.8430371645411343,0.83771,0.83765,0.353714,0.353737,-5.0686646932635,-0.5390575378405,4.529607155423,2.2648035777115,0.44153939433920486,2.803861115552,1.7356112540338702
L46,free_ligand_L46_SP,46,1,True,0.08094444444444444,2.2367500000000002,,,,,1.95333,C,45,1.95464,C,47,1.95580,C,61,0.04091,C,45,0.04248,C,47,0.02942,C,61,1.95436,C,2,1.95608,C,16,1.95349,C,30,0.04344,C,2,0.02938,C,16,0.04110,C,30,3.4914303587498345,1.26278,1.26171,-7.097311386854037,0.86453,0.8636,0.356916,0.357307,-4.7541010820855005,-0.503410623425,4.2506904586605,2.12534522933025,0.4705117955425647,2.6287558527552504,1.6257023183882018
L47,free_ligand_L47_SP,1,42,True,0.20455555555555555,4.905805555555556,,,,,1.95183,C,2,1.94820,C,14,1.95713,C,26,0.04221,C,2,0.03767,C,14,0.03699,C,26,1.95207,C,41,1.95414,C,43,1.95500,C,55,0.04191,C,41,0.03007,C,43,0.03971,C,55,3.1698965235477323,1.28523,1.27294,-5.183446037921875,0.84082,0.86053,0.341311,0.359523,-4.9794113502995,-0.5771534769105,4.402257873389001,2.2011289366945004,0.4543123227945607,2.778282413605,1.7533850564289184
L48,free_ligand_L48_SP,24,11,True,0.16980555555555554,2.9186944444444443,,,,,1.95230,C,25,1.94891,C,31,1.95788,C,37,0.04082,C,25,0.03583,C,31,0.03475,C,37,1.95779,C,9,1.95254,C,12,1.94907,C,18,0.03448,C,9,0.04047,C,12,0.03570,C,18,4.336874127756073,1.29247,1.29006,-3.8042876869152504,0.83769,0.83849,0.352751,0.350772,-5.1073048600345,-0.606813886615,4.5004909734195,2.25024548670975,0.44439595853258385,2.85705937332475,1.8137550571511705
L49,free_ligand_L49_SP,11,28,True,0.14555555555555555,3.4736944444444444,,,,,1.95768,C,9,1.95188,C,12,1.94842,C,20,0.03477,C,9,0.03987,C,12,0.03548,C,20,1.94845,C,29,1.95189,C,37,1.95778,C,45,0.03551,C,29,0.03988,C,37,0.03490,C,45,5.559015655671424,1.28946,1.28906,-4.604455226523691,0.84046,0.84027,0.350182,0.350211,-4.933968337266,-0.412524597358,4.521443739908,2.260721869954,0.4423365887199328,2.673246467312,1.580523188184466
L50,free_ligand_L50_SP,44,11,True,0.1131111111111111,3.172083333333333,,,,,1.95138,C,45,1.94869,C,61,1.95739,C,77,0.04573,C,45,0.03574,C,61,0.03606,C,77,1.95269,C,9,1.95389,C,12,1.95469,C,28,0.03983,C,9,0.02945,C,12,0.03992,C,28,6.796437015083713,1.27355,1.27071,-8.355480006857588,0.84777,0.86892,0.322973,0.346362,-4.7345088848495,-0.36436044581950006,4.37014843903,2.185074219515,0.457650358541121,2.5494346653345,1.487276051028576
L51,free_ligand_L51_SP,17,24,True,0.09202777777777778,1.7600555555555555,,,,,1.96164,C,16,1.95262,C,18,1.96081,C,21,0.03492,C,16,0.04011,C,18,0.03690,C,21,1.96048,C,7,1.95831,C,25,1.95590,C,28,0.03151,C,7,0.03828,C,25,0.04657,C,28,3.2872067321663843,1.31468,1.29679,-2.7853417652675354,0.81074,0.80343,0.325114,0.312163,-4.7004946535370005,-0.47864826302950003,4.2218463905075,2.11092319525375,0.47372637822561414,2.5895714582832503,1.5883762025622012
L52,free_ligand_L52_SP,14,13,True,0.10125,2.0226944444444444,,,,,1.95254,C,7,1.95543,C,19,1.95594,C,20,0.03999,C,7,0.04212,C,19,0.02967,C,20,1.95250,C,2,1.95596,C,17,1.95550,C,18,0.03994,C,2,0.02977,C,17,0.04210,C,18,4.4760249150334275,1.273,1.27347,-3.5122181767091374,0.86307,0.86244,0.383196,0.382741,-4.97968346415,-0.608446569718,4.371236894432,2.185618447216,0.4575364017785361,2.794065016934,1.7859474348778825
L53,free_ligand_L53_SP,11,12,True,0.04033333333333333,0.7635555555555557,,,,,1.95827,C,4,1.96300,C,7,1.96966,C,14,0.03512,C,4,0.02999,C,7,0.02843,C,14,1.97190,C,13,1.96282,C,15,1.95980,C,21,0.02998,C,13,0.03574,C,15,0.03613,C,21,1.542159411345014,1.37607,1.36622,-2.304080605180487,0.76341,0.74319,0.208322,0.208549,-4.877368656362,0.964915713873,5.842284370235,2.9211421851175,0.3423318471434748,1.9562264712444999,0.6550215231381792
L54,free_ligand_L54_SP,12,5,True,0.02775,0.7537222222222223,,,,,1.95153,C,13,1.95098,C,19,1.96025,C,25,0.03475,C,13,0.04506,C,19,0.03588,C,25,1.95674,C,4,1.95411,C,6,1.95313,C,38,0.03107,C,4,0.03895,C,6,0.04140,C,38,1.5461259812835435,1.27167,1.28576,-4.005289616693309,0.85125,0.8579,0.356844,0.392605,-5.1720679564535,-0.7434150395660001,4.4286529168875,2.21432645844375,0.45160459343596954,2.95774149800975,1.9753715030793841
L55,free_ligand_L55_SP,3,12,True,0.01011111111111111,0.2816111111111111,,,,,1.96859,C,2,1.95699,C,4,1.94182,C,19,0.01951,C,2,0.03250,C,4,0.05400,C,19,1.95708,C,11,1.96867,C,13,1.94183,C,20,0.03253,C,11,0.01951,C,13,0.05392,C,20,0.9471505952064857,1.3691,1.36933,-2.244262650093455,0.79699,0.79678,0.277882,0.278707,-4.919274189339,-0.316196294281,4.603077895058,2.301538947529,0.4344918868627574,2.61773524181,1.488686038437704
L56,free_ligand_L56_SP,4,2,True,0.04616666666666666,0.9318333333333333,,,,,1.95937,C,3,1.95940,C,7,1.95606,C,8,0.03972,C,3,0.03216,C,7,0.04457,C,8,1.96375,C,1,1.95407,C,5,1.96006,C,6,0.03635,C,1,0.03133,C,5,0.04149,C,6,3.123673022260813,1.29067,1.27864,-2.2817091622478514,0.81711,0.82754,0.310115,0.343085,-4.610697082872,-0.591031283286,4.019665799586,2.009832899793,0.49755380166330926,2.600864183079,1.6828499771100112
L57,free_ligand_L57_SP,8,9,True,0.008277777777777778,0.22630555555555557,,,,,1.96489,C,4,1.98805,C,7,,,,0.02766,C,4,0.02257,C,7,,,,1.95205,C,10,1.95410,C,16,1.95580,C,22,0.03392,C,10,0.04528,C,16,0.03514,C,22,2.1147272495525278,1.39212,1.27339,-1.9322591431648675,-0.55198,0.88318,-0.239271,0.436425,-5.3217305742285,-1.3085955070545001,4.013135067174,2.006567533587,0.49836349051874185,3.3151630406415,2.7385836265348114
L58,free_ligand_L58_SP,77,42,True,0.2208888888888889,6.7815,,,,,,,,,,,,,,,,,,,,,,,,,,,,,,,,,,,,,,,,,2.2704783152454904,1.29547,1.26129,-5.133439066080465,0.90005,0.91755,0.452218,0.466768,-5.1475777099085,-0.46204931814899997,4.6855283917595,2.34276419587975,0.42684620234452664,2.80481351402875,1.6789950226988408
L59,free_ligand_L59_SP,18,19,True,0.16319444444444445,3.8595555555555556,,,,,1.95474,C,10,1.95685,C,20,1.95428,C,21,0.04170,C,10,0.03028,C,20,0.04340,C,21,1.95209,C,17,1.95751,C,22,1.95393,C,23,0.04202,C,17,0.03439,C,22,0.03347,C,23,1.7605225815081158,1.27291,1.27965,-4.530689833847954,0.87217,0.86152,0.399966,0.407836,-4.9130155707775,-0.6106234805220001,4.302392090255499,2.1511960451277496,0.4648576787154769,2.76181952564975,1.772885160684469
L60,free_ligand_L60_SP,51,13,True,0.1131111111111111,2.189138888888889,,,,,,,,,,,,,,,,,,,,,,,1.96033,O,12,1.97332,N,14,1.95508,O,17,0.09151,O,12,0.07309,N,14,0.15665,O,17,2.835879244608275,1.4207,1.42069,-4.258203655408592,1.52045,1.52046,0.783537,0.783488,-5.749493547214501,-1.3058743685495,4.443619178665001,2.2218095893325005,0.45008357367853047,3.527683957882,2.800544692589237
L61,free_ligand_L61_SP,65,4,True,0.1673888888888889,4.8173055555555555,,,,,,,,,,,,,,,,,,,,,,,,,,,,,,,,,,,,,,,,,0.014493446795017394,1.43115,1.43142,-6.122190320574162,1.54073,1.54076,0.819807,0.820095,-5.622416379031,-1.5409807353815,4.0814356436495,2.04071782182475,0.49002365212150173,3.58169855720625,3.1431500272836366
L62,free_ligand_L62_SP,51,6,True,0.12983333333333333,2.531083333333333,,,,,,,,,,,,,,,,,,,,,,,1.97407,N,3,1.95863,O,7,1.95291,O,28,0.07007,N,3,0.08572,O,7,0.17181,O,28,3.2405257073505838,1.43552,1.40679,-4.3919533763006955,1.55104,1.51288,0.801971,0.782261,-5.454250019422,-1.51839528579,3.935854733632,1.967927366816,0.5081488356035955,3.486322652606,3.0881336991971837
L63,free_ligand_L63_SP,14,13,True,0.21327777777777776,4.688611111111111,,,,,1.94813,C,3,1.95280,C,17,1.95699,C,18,0.03962,C,3,0.03605,C,17,0.03601,C,18,1.95773,C,12,1.94945,C,15,1.94897,C,16,0.03225,C,12,0.03934,C,15,0.03415,C,16,1.8179774641067474,1.28043,1.29697,-4.8311644429276654,0.86775,0.86755,0.419729,0.396522,-4.9445807774355,-0.44599460096949994,4.4985861764660005,2.2492930882330002,0.4445841252220181,2.6952876892025,1.6148575224746406
L64,free_ligand_L64_SP,23,4,True,0.0986388888888889,1.76875,,,,,1.96949,C,7,1.93772,C,22,1.93881,C,24,0.03199,C,7,0.03868,C,22,0.03846,C,24,1.94401,C,3,1.93484,C,5,1.97165,C,6,0.04577,C,3,0.03785,C,5,0.02897,C,6,2.1363731392245127,1.38716,1.39161,-2.9731036691128967,0.80341,0.78518,0.252976,0.269696,-4.923083783246,-0.43647061620199995,4.486613167044,2.243306583522,0.4457705457405631,2.6797771997239996,1.6005850232218548
L65,free_ligand_L65_SP,1,4,True,0.042444444444444444,0.8878055555555555,,,,,1.95187,C,2,1.96125,C,5,1.95628,C,6,0.04885,C,2,0.03645,C,5,0.03183,C,6,1.94899,C,3,1.96059,C,7,1.95704,C,8,0.04899,C,3,0.02630,C,7,0.04426,C,8,2.45936573327352,1.28898,1.29483,-2.3313364998930135,0.82081,0.8092,0.346458,0.321541,-4.8634908499865,-0.7975656958155,4.065925154171,2.0329625770855,0.49189297002880494,2.830528272901,1.970496258514001
L66,free_ligand_L66_SP,10,4,True,0.025222222222222222,0.5056111111111111,,,,,1.97218,C,9,1.95920,C,11,1.96066,C,14,0.02999,C,9,0.03170,C,11,0.03505,C,14,1.96371,C,3,1.96079,C,5,1.97305,C,8,0.03458,C,3,0.04303,C,5,0.02814,C,8,1.7324356524846747,1.37133,1.34539,-1.7816618578516161,0.76426,0.73981,0.257477,0.213809,-4.6828072532544995,1.042740275116,5.7255475283705,2.86277376418525,0.3493115706558816,1.8200334890692498,0.5785511140934212
L67,free_ligand_L67_SP,11,12,True,0.032916666666666664,0.6412222222222222,,,,,1.95941,C,2,1.98079,C,13,1.93243,C,14,0.04594,C,2,0.01863,C,13,0.05395,C,14,1.95974,C,1,1.97597,C,18,1.93937,C,19,0.04692,C,1,0.01652,C,18,0.05757,C,19,2.395204352450955,1.34268,1.34446,-1.7821306882469194,0.76222,0.75611,0.27365,0.281597,-4.9375058173225,-2.29664089822,2.6408649191025,1.32043245955125,0.7573276412334266,3.6170733577712504,4.954141948292051
L68,free_ligand_L68_SP,1,4,True,0.03316666666666667,0.6310555555555556,,,,,1.96084,C,2,1.95525,C,9,1.95432,C,12,0.03745,C,2,0.03854,C,9,0.03706,C,12,1.96084,C,3,1.95570,C,5,1.95376,C,8,0.03745,C,3,0.03891,C,5,0.03662,C,8,1.88063748234475,1.33856,1.33844,-2.0240234575014338,0.77886,0.77891,0.310879,0.30967,-4.658589120559999,-0.7208295899745,3.9377595305854993,1.9688797652927497,0.5079030307629331,2.6897093552672495,1.8372214858779026
L69,free_ligand_L69_SP,1,8,True,0.02075,0.42944444444444446,,,,,1.96103,C,2,1.95424,C,15,1.95492,C,19,0.03748,C,2,0.04020,C,15,0.04242,C,19,1.96103,C,7,1.95402,C,9,1.95511,C,13,0.03750,C,7,0.04003,C,9,0.04255,C,13,1.9130074751552855,1.34562,1.34524,-1.6620767350066084,0.76421,0.76428,0.28955,0.288999,-4.687705302563501,-0.7246391838815001,3.9630661186820006,1.9815330593410003,0.5046597609290306,2.7061722432225004,1.8479046250238784
L70,free_ligand_L70_SP,18,17,True,0.12430555555555556,2.1059444444444444,,,,,1.94843,C,4,1.95241,C,19,1.95843,C,20,0.03851,C,4,0.04165,C,19,0.03082,C,20,1.94842,C,16,1.95830,C,31,1.95250,C,32,0.03837,C,16,0.03089,C,31,0.04146,C,32,1.496595610043007,1.2835,1.28394,-3.60546186792647,0.84704,0.84757,0.383708,0.384192,-5.1720679564535,-1.1861442743294999,3.9859236821239996,1.9929618410619998,0.501765753561606,3.1791061153915,2.535601907845364
L71,free_ligand_L71_SP,10,11,True,0.04177777777777778,0.8864722222222223,,,,,1.96452,C,4,1.98778,C,9,,,,0.02305,C,4,0.02282,C,9,,,,1.95224,C,12,1.95330,C,18,1.95569,C,24,0.03403,C,12,0.04464,C,18,0.03451,C,24,2.161572050615015,1.39004,1.27491,-2.0886325592501587,-0.54733,0.88309,-0.233268,0.437756,-5.282818293607001,-1.2857379436125,3.9970803499945005,1.9985401749972502,0.5003652228313978,3.2842781186097505,2.698590424981986
L72,free_ligand_L72_SP,13,16,True,0.022444444444444444,0.6377777777777778,,,,,,,,,,,,,,,,,,,,,,,,,,,,,,,,,,,,,,,,,2.5513110394461904,1.39103,1.25042,-2.3979925780821247,-0.55495,0.89944,-0.23085,0.444662,-5.264042437922501,-0.721645931526,4.542396506396501,2.2711982531982504,0.4402962174666269,2.9928441847242504,1.9718922162397214
L73,free_ligand_L73_SP,8,9,True,0.041305555555555554,0.8058055555555556,,,,,1.96399,C,4,1.98907,C,7,,,,0.02869,C,4,0.02441,C,7,,,,1.95559,C,10,1.95618,C,16,1.96786,C,22,0.03437,C,10,0.04088,C,16,0.02739,C,22,2.535870383122923,1.39199,1.28543,-1.8771276198875781,-0.56968,0.85652,-0.239173,0.345722,-5.214789830982,-0.591031283286,4.623758547696,2.311879273848,0.43254853802791926,2.902910557134,1.8225194105170381
L74,free_ligand_L74_SP,1,2,True,0.034666666666666665,1.00025,,,,,1.96600,N,16,1.95887,C,17,1.95497,C,18,0.05002,N,16,0.03907,C,17,0.06602,C,18,1.95619,C,7,1.95402,C,14,1.95181,C,15,0.03495,C,7,0.04099,C,14,0.04216,C,15,2.150865056204131,1.28592,1.28589,-3.432498094873801,1.04129,0.87614,0.480775,0.421455,-5.0055342799475,-0.6348416132165,4.370692666730999,2.1853463333654997,0.45759337306502335,2.820187946582,1.8197253068345072
L75,free_ligand_L75_SP,17,18,True,0.1701111111111111,3.08725,,,,,1.95148,C,16,1.95235,C,35,1.95751,C,36,0.04039,C,16,0.04262,C,35,0.03270,C,36,1.94745,C,4,1.95480,C,19,1.95392,C,20,0.04027,C,4,0.02949,C,19,0.04020,C,20,2.240316990963555,1.27638,1.29701,-4.4155209392014205,0.84086,0.8413,0.378887,0.368231,-4.9671662270270005,-0.9491331105440001,4.018033116483,2.0090165582415,0.49775597712111636,2.9581496687855005,2.177844036933982
L76,free_ligand_L76_SP,2,1,True,0.17313888888888887,3.9254444444444445,,,,,,,,,,,,,,,,,,,,,,,1.96116,C,3,1.93949,C,4,1.95323,C,5,0.03230,C,3,0.04534,C,4,0.02609,C,5,2.000243610163522,1.34216,1.34203,-4.4426365456183206,0.84812,0.84799,0.284156,0.284581,-5.1639045409385,-1.296350383782,3.8675541571564995,1.9337770785782498,0.5171226875515659,3.23012746236025,2.697757548860012
L77,free_ligand_L77_SP,6,7,True,0.04583333333333333,0.9131944444444444,,,,,1.95193,C,1,1.95978,C,10,1.95996,C,11,0.04549,C,1,0.03998,C,10,0.03226,C,11,1.95185,C,3,1.95982,C,8,1.95995,C,9,0.04549,C,3,0.03991,C,8,0.03225,C,9,2.246420871074697,1.2728,1.27288,-2.426385968554788,0.83044,0.8305,0.339911,0.339592,-4.836007351086,-0.7420544703135,4.0939528807725,2.04697644038625,0.48852540765506175,2.7890309106997497,1.9000446872194803
L78,free_ligand_L78_SP,2,1,True,0.07677777777777778,1.4946388888888889,,,,,1.95706,C,5,1.96167,C,6,1.95390,C,30,0.03659,C,5,0.03733,C,6,0.04256,C,30,1.96215,C,3,1.95734,C,4,1.95817,C,31,0.03587,C,3,0.03669,C,4,0.04174,C,31,2.0787159738646355,1.25339,1.24738,-2.5468505524800578,0.86657,0.86667,0.383014,0.391672,-5.022133224828,-0.7200132484230001,4.302119976405,2.1510599882025,0.46488708147820396,2.8710732366255,1.9160464085791051
L79,free_ligand_L79_SP,2,1,True,0.041416666666666664,1.140611111111111,,,,,,,,,,,,,,,,,,,,,,,1.95995,C,7,1.94704,C,41,1.95787,C,52,0.03630,C,7,0.04911,C,41,0.02605,C,52,2.7362973869811738,1.29113,1.27541,-3.53847113323946,0.87766,0.87744,0.418496,0.41347,-5.100502013772,-0.773891790822,4.32661022295,2.163305111475,0.4622556451679499,2.937196902297,1.9939687649933215
L80,free_ligand_L80_SP,9,8,True,0.058305555555555555,1.1219999999999999,,,,,1.95888,C,6,1.95862,C,12,1.95828,C,13,0.02740,C,6,0.03019,C,12,0.03714,C,13,1.95991,C,7,1.95676,C,10,1.95923,C,11,0.02623,C,7,0.04105,C,10,0.02941,C,11,1.257868125043321,1.30434,1.30737,-2.5554436493706896,0.82785,0.82429,0.30424,0.322847,-5.1336999035329995,-0.803824314377,4.329875589156,2.164937794578,0.4619070360841129,2.9687621089549996,2.0355200231711312
L81,free_ligand_L81_SP,24,1,True,0.06769444444444445,1.3082777777777779,,,,,1.98781,C,20,1.96508,C,23,,,,0.02270,C,20,0.02441,C,23,,,,1.95321,C,2,1.95410,C,3,1.95505,C,14,0.03558,C,2,0.04574,C,3,0.03564,C,14,1.7428672410714479,1.3888,1.28665,-2.3424840220169982,-0.55091,0.86589,-0.230603,0.401412,-5.3870378983485,-1.3053301408485,4.0817077575,2.04085387875,0.4899909838780269,3.3461840195984998,2.7432016592668496
L82,free_ligand_L82_SP,29,9,True,0.0973611111111111,1.9311666666666667,,,,,1.94930,C,28,1.95821,C,30,1.95142,C,36,0.04124,C,28,0.04086,C,30,0.03236,C,36,1.95179,C,8,1.95389,C,10,1.95320,C,16,0.03391,C,8,0.04356,C,10,0.03622,C,16,4.363774407551334,1.27264,1.28357,-3.3598011844434374,0.87074,0.8629,0.443237,0.445838,-5.021588997127,-0.6925297495225,4.3290592476045,2.16452962380225,0.46199413905150577,2.8570593733247502,1.8855801678435617
L83,free_ligand_L83_SP,58,6,True,0.03172222222222222,0.8798611111111111,,,,,,,,,,,,,,,,,,,,,,,1.95705,C,4,1.95613,C,7,1.96249,C,13,0.03505,C,4,0.04113,C,7,0.03060,C,13,1.5221439879328105,1.31894,1.27108,-4.4777747676805575,0.81166,0.86288,0.339216,0.369604,-5.150026734563,-0.796205126563,4.3538216080000005,2.1769108040000003,0.4593665473856502,2.973115930563,2.030266541083208
L84,free_ligand_L84_SP,22,5,True,0.0375,0.8143055555555555,,,,,1.95376,C,15,1.97536,C,21,1.93604,C,23,0.02851,C,15,0.03499,C,21,0.05502,C,23,1.93599,C,2,1.97537,C,6,1.95376,C,13,0.05510,C,2,0.03497,C,6,0.02848,C,13,0.29171474079998083,1.36683,1.36734,-2.207201320536718,0.7731,0.77288,0.303833,0.303869,-5.115196161699,-0.9504936797965001,4.1647024819025,2.08235124095125,0.48022638080172514,3.03284492074775,2.2085967372880786
L85,free_ligand_L85_SP,10,23,True,0.07222222222222222,1.4628888888888887,,,,,1.96337,C,2,1.95342,C,9,1.93617,C,11,0.04660,C,2,0.02749,C,9,0.05160,C,11,1.95341,C,16,1.96337,C,22,1.93616,C,24,0.02751,C,16,0.04666,C,22,0.05155,C,24,0.27874579817460926,1.3775,1.37762,-2.405990278983309,0.78129,0.78123,0.349935,0.350085,-5.2041773908125,-0.870220093899,4.3339572969135,2.16697864845675,0.4614720134470022,3.0371987423557503,2.128441876235557
L86,free_ligand_L86_SP,72,20,True,0.09774999999999999,1.8253888888888887,,,,,1.96603,C,4,1.95276,C,11,1.93271,C,59,0.04198,C,4,0.02707,C,11,0.05677,C,59,1.95275,C,13,1.96604,C,19,1.93274,C,21,0.02710,C,13,0.04203,C,19,0.05673,C,21,0.3649616692202073,1.37833,1.37846,-2.8387810533256426,0.78295,0.78295,0.329006,0.329279,-5.4215963573620005,-1.0462777551725,4.3753186021895,2.18765930109475,0.4571095688892595,3.2339370562672505,2.3903056748061537
L87,free_ligand_L87_SP,5,32,True,0.1125,1.8439444444444444,,,,,1.93611,C,2,1.96478,C,6,1.95304,C,13,0.05252,C,2,0.04213,C,6,0.03320,C,13,1.96510,C,24,1.95092,C,31,1.93216,C,33,0.04198,C,24,0.02715,C,31,0.06439,C,33,4.130918970398717,1.36856,1.37449,-3.6370175995801963,0.78831,0.79228,0.342349,0.340247,-4.90349158601,-0.37034695053050004,4.5331446354795,2.26657231773975,0.44119483511437685,2.6369192682702502,1.5338895593476716
L88,free_ligand_L88_SP,20,7,True,0.07122222222222221,1.3669166666666666,,,,,1.95814,C,2,1.95327,C,21,1.96002,C,27,0.02996,C,2,0.04376,C,21,0.02736,C,27,1.96853,C,6,1.95342,C,8,1.95784,C,14,0.02450,C,6,0.04269,C,8,0.03193,C,14,3.2935799398223207,1.29819,1.3161,-2.5025441644423734,0.84552,0.82098,0.333088,0.309259,-5.077644450329999,-0.7012373927385,4.376407057591499,2.1882035287957495,0.4569958812516574,2.88944092153425,1.9076993362750383
L89,free_ligand_L89_SP,1,14,True,0.09602777777777778,1.9253888888888888,,,,,1.95603,C,2,1.95619,C,3,1.95184,C,28,0.02983,C,2,0.04084,C,3,0.04001,C,28,1.95618,C,15,1.95604,C,16,1.95188,C,32,0.04091,C,15,0.02979,C,16,0.03998,C,32,4.232892581911334,1.27308,1.2731,-3.438355141420425,0.86378,0.86382,0.38073,0.380823,-4.9772344394955,-0.5793303877145,4.3979040517809995,2.1989520258904998,0.4547620813123626,2.778282413605,1.7551208664092965
L90,free_ligand_L90_SP,24,10,True,0.11705555555555555,2.343444444444444,,,,,1.95141,C,23,1.95422,C,25,1.95460,C,34,0.04011,C,23,0.03002,C,25,0.04166,C,34,1.95423,C,9,1.95462,C,11,1.95143,C,20,0.02999,C,9,0.04171,C,11,0.04011,C,20,5.417304746827521,1.27866,1.27863,-3.572059868287349,0.8731,0.87324,0.392261,0.392341,-5.7881337139855,-1.3020647746425,4.486068939343,2.2430344696715,0.4458246244189254,3.545099244314,2.8015014530463906
L91,free_ligand_L91_SP,27,11,True,0.22583333333333333,3.8769444444444443,,,,,1.95727,C,26,1.94741,C,28,1.95292,C,39,0.03390,C,26,0.03511,C,28,0.04310,C,39,1.95572,C,10,1.95472,C,12,1.95053,C,23,0.03747,C,10,0.03216,C,12,0.03864,C,23,4.887635188923167,1.29143,1.28377,-4.030386527462307,0.85071,0.86358,0.365508,0.386174,-5.974531701578,-1.718126852057,4.256404849521,2.1282024247605,0.4698801149578317,3.8463292768175,3.4757616882633524
L92,free_ligand_L92_SP,8,32,True,0.1585,3.1864444444444446,,,,,1.95798,C,7,1.94912,C,9,1.95312,C,19,0.03379,C,7,0.03606,C,9,0.04392,C,19,1.95059,C,31,1.95610,C,33,1.95628,C,43,0.03945,C,31,0.03213,C,33,0.03838,C,43,7.904773317432955,1.29121,1.28432,-3.816245096050201,0.845,0.86004,0.370664,0.388483,-6.118752042343,-1.9418044371680003,4.176947605175,2.0884738025875,0.47881855102087323,4.0302782397555,3.8887590233888414
L93,free_ligand_L93_SP,36,8,True,0.25183333333333335,4.407305555555555,,,,,1.95057,C,35,1.95428,C,37,1.95449,C,49,0.03787,C,35,0.03088,C,37,0.04076,C,49,1.95059,C,7,1.95426,C,9,1.95449,C,21,0.03784,C,7,0.03087,C,9,0.04078,C,21,5.579687817432083,1.28203,1.28218,-4.025334064427702,0.87567,0.87585,0.398334,0.398602,-6.167732535433,-1.9496957388325002,4.2180367966005,2.10901839830025,0.4741542325121221,4.05871413713275,3.905409374388977
L94,free_ligand_L94_SP,8,40,True,0.30480555555555555,4.82961111111111,,,,,1.95812,C,7,1.95314,C,9,1.94810,C,23,0.03268,C,7,0.04602,C,9,0.03513,C,23,1.95051,C,39,1.95608,C,41,1.95578,C,55,0.03712,C,39,0.03337,C,41,0.03834,C,55,6.894945749605286,1.29016,1.28364,-4.334901697964184,0.85542,0.86657,0.374127,0.385589,-6.6746806389145,-2.6305245927835004,4.044156046131,2.0220780230655,0.4945407588595346,4.652602615849,5.3525904673520515
L95,free_ligand_L95_SP,22,8,True,0.08836111111111111,1.5520555555555555,,,,,1.95342,C,20,1.95184,C,23,1.95964,C,31,0.03936,C,20,0.04553,C,23,0.02615,C,31,1.95873,C,6,1.95923,C,9,1.94831,C,17,0.03073,C,6,0.03820,C,9,0.04436,C,17,2.3834975938733396,1.30434,1.2893,-3.1864772523827996,0.82911,0.83802,0.322571,0.337593,-4.7720605962185,-0.5684458336945,4.203614762524,2.101807381262,0.4757809915957019,2.6702532149565,1.6962192386307697
L96,free_ligand_L96_SP,17,7,True,0.041138888888888885,1.188638888888889,,,,,1.95259,C,16,1.95438,C,20,1.96028,C,21,0.04206,C,16,0.04810,C,20,0.02608,C,21,1.95607,C,3,1.96335,C,13,1.94738,C,14,0.03488,C,3,0.03265,C,13,0.04351,C,14,1.7108406880829086,1.29372,1.28794,-5.041008924526525,0.81885,0.83862,0.300369,0.334853,-4.687433188713,-0.5499420918605,4.1374910968525,2.06874554842625,0.4833847259566198,2.6186876402867503,1.6574114111344653
L97,free_ligand_L97_SP,1,2,True,0.05661111111111111,1.6398333333333333,,,,,1.95202,C,14,1.95483,C,74,1.95324,C,85,0.03963,C,14,0.03554,C,74,0.03072,C,85,1.95361,C,15,1.96670,C,38,1.96956,C,56,0.04600,C,15,0.03464,C,38,0.04017,C,56,0.38010990515902104,1.30889,1.28491,-4.232749720383184,0.86443,0.79655,0.435538,0.34728,-4.818047836953,-0.6772913738945,4.1407564630585005,2.0703782315292503,0.48300353277061203,2.74766960542375,1.823263050585944
L98,free_ligand_L98_SP,26,13,True,0.06775,1.2771944444444443,,,,,1.95578,C,2,1.96113,C,27,1.95718,C,33,0.03789,C,2,0.03804,C,27,0.03451,C,33,1.95684,C,3,1.96280,C,14,1.95562,C,20,0.03694,C,3,0.03733,C,14,0.03451,C,20,2.7775236812671826,1.25753,1.26695,-2.8213148625556297,0.86119,0.85495,0.385799,0.376291,-5.0395485112600005,-0.714570971413,4.3249775398470005,2.1624887699235003,0.46243014711025565,2.8770597413365,1.9138764719485855
L99,free_ligand_L99_SP,2,1,True,0.015583333333333334,0.45008333333333334,,,,,1.98930,H,45,1.98793,H,46,,,,0.00716,H,45,0.00984,H,46,,,,1.95698,C,9,1.95429,C,14,1.95585,C,20,0.03679,C,9,0.03719,C,14,0.04463,C,20,2.54792088966671,1.42439,1.25197,-2.043090113094548,-0.85782,0.88489,-0.516386,0.411168,-5.246899265341,-0.6157936436815,4.6311056216595,2.31555281082975,0.4318623161272933,2.93134645451125,1.85545153541468
L100,free_ligand_L100_SP,1,2,True,0.12594444444444444,3.0308611111111112,,,,,1.95120,C,14,1.95535,C,64,1.95312,C,75,0.03977,C,14,0.03501,C,64,0.03141,C,75,1.95465,C,15,1.94874,C,38,1.94552,C,51,0.03442,C,15,0.05202,C,38,0.04667,C,51,1.130105663201455,1.31311,1.35762,-3.7515275759800213,0.85604,0.77231,0.416546,0.349508,-5.095059736762,-0.717836337619,4.377223399143,2.1886116995715,0.4569106526277759,2.9064480371904997,1.929862705783397
L101,free_ligand_L101_SP,1,2,True,0.044055555555555556,1.2671944444444443,,,,,1.96368,C,14,1.94698,C,64,1.94019,C,77,0.02771,C,14,0.04329,C,64,0.04925,C,77,1.95432,C,15,1.94424,C,38,1.94743,C,51,0.03398,C,15,0.04422,C,38,0.05015,C,51,0.8752907688305641,1.37888,1.37279,-3.746928321284563,0.78952,0.7793,0.403813,0.373956,-5.2879884567665005,-0.516472088249,4.7715163685175,2.38575818425875,0.41915396396751664,2.9022302725077505,1.7652544608743321
L102,free_ligand_L102_SP,35,34,True,0.0185,0.518361111111111,,,,,,,,,,,,,,,,,,,,,,,1.96377,C,1,1.94811,C,27,1.95754,C,28,0.03151,C,1,0.04559,C,27,0.02530,C,28,1.6162409628517649,1.37932,1.38278,-2.337832559558183,0.81525,0.80143,0.322001,0.283954,-5.041997535914501,-0.017143172581500003,5.0248543633330005,2.5124271816665003,0.3980214858751437,2.5295703542480004,1.2734152503568403
L103,free_ligand_L103_SP,1,2,True,0.05455555555555556,1.5235,,,,,1.96207,C,14,1.95151,C,64,1.96331,C,81,0.03218,C,14,0.03820,C,64,0.02895,C,81,1.95463,C,15,1.94522,C,38,1.94740,C,51,0.03407,C,15,0.04556,C,38,0.05048,C,51,1.0206600266494226,1.33237,1.35081,-4.034618316892911,0.82048,0.77909,0.397155,0.345766,-5.124448032616,-0.4454503732685,4.6789976593475,2.33949882967375,0.4274419748863277,2.78494920294225,1.6576075962496337
L104,free_ligand_L104_SP,4,48,True,0.025805555555555557,0.6623333333333333,,,,,1.97420,N,2,1.95332,O,5,1.96097,O,18,0.07284,N,2,0.14632,O,5,0.11137,O,18,,,,,,,,,,,,,,,,,,,2.453383414796799,1.40487,1.41709,-3.817149836507174,1.51789,1.52844,0.787913,0.782234,-5.4164261942025,-1.5232933350990001,3.8931328591035,1.94656642955175,0.5137250826987072,3.46985976465075,3.0926061920000025
L105,free_ligand_L105_SP,44,21,True,0.051027777777777776,1.3463333333333334,,,,,,,,,,,,,,,,,,,,,,,,,,,,,,,,,,,,,,,,,1.8295334705875157,1.29153,1.24242,-2.2631208855250553,-0.54612,0.88497,-0.371077,0.410112,-5.25723959166,-0.694434546476,4.5628050451840005,2.2814025225920003,0.4383268581924143,2.975837069068,1.9408250350266967
L106,free_ligand_L106_SP,13,14,True,0.18819444444444444,4.095222222222222,,,,,1.95064,C,5,1.95682,C,15,1.95479,C,16,0.04284,C,5,0.04159,C,15,0.02947,C,16,1.95097,C,12,1.95500,C,17,1.95590,C,18,0.04081,C,12,0.02721,C,17,0.04117,C,18,3.663370965381475,1.27062,1.28102,-4.543910844464779,0.85479,0.86856,0.348411,0.380846,-5.095059736762,-0.4753828968235,4.6196768399385,2.30983841996925,0.43293071556637824,2.7852213167927498,1.6792208745969364
L107,free_ligand_L107_SP,4,7,True,0.01836111111111111,0.35675,,,,,1.98755,C,5,1.97925,H,25,,,,0.01389,C,5,0.01827,H,25,,,,1.95976,C,6,1.95534,C,8,1.96206,C,14,0.03001,C,6,0.03220,C,8,0.03417,C,14,2.1617537186275406,1.37539,1.28022,-1.2544577190689903,-0.6956,0.84178,-0.39761,0.345982,-5.255062680856001,-0.543139245598,4.711923435258001,2.3559617176290004,0.424455114239455,2.899100963227,1.7837272847205161
L108,free_ligand_L108_SP,4,17,True,0.036222222222222225,0.7415833333333333,,,,,1.96148,C,3,1.95761,C,5,1.95996,C,11,0.03798,C,3,0.04206,C,5,0.03068,C,11,1.94935,C,2,1.95704,C,18,1.96160,C,24,0.04824,C,2,0.03242,C,18,0.03436,C,24,2.5236745749006544,1.28797,1.28695,-2.1443643085377424,0.81771,0.82957,0.307311,0.349161,-4.8664841023420005,-0.7872253694965,4.0792587328455,2.03962936642275,0.49028515497100955,2.8268547359192504,1.9589607380493055
L109,free_ligand_L109_SP,5,47,True,0.09580555555555555,1.7490555555555556,,,,,1.93626,C,2,1.97682,C,6,1.95285,C,13,0.06096,C,2,0.03050,C,6,0.03193,C,13,,,,,,,,,,,,,,,,,,,3.601301395329194,1.39512,1.40273,-3.262761042418083,0.75978,0.77155,0.300165,0.29739,-5.5127544972794995,-0.536064285485,4.9766902117945,2.48834510589725,0.4018735173148015,3.0244093913822496,1.8379790136430647
L110,free_ligand_L110_SP,5,16,True,0.008527777777777778,0.24080555555555555,,,,,1.93279,C,2,1.96615,C,6,1.94750,C,9,0.07605,C,2,0.03343,C,6,0.02773,C,9,1.96342,C,6,1.94642,C,17,1.94538,C,21,0.04670,C,6,0.05303,C,17,0.04862,C,21,1.4835809448762816,1.35856,1.35085,-2.117807077020929,0.81245,0.73742,0.355461,0.330081,-4.8526062959665,-0.4427292347635,4.409877061203,2.2049385306015,0.4535273823380479,2.647667765365,1.5896462641615112
L111,free_ligand_L111_SP,5,13,True,0.017777777777777778,0.36319444444444443,,,,,1.93578,C,2,1.98107,C,6,1.96008,C,7,0.05738,C,2,0.02093,C,6,0.03888,C,7,1.96007,C,12,1.98093,C,14,1.93606,C,15,0.03884,C,12,0.02081,C,14,0.05755,C,15,1.70712554019908,1.32578,1.32583,-1.602553871063612,0.78263,0.7824,0.261534,0.26174,-4.7018552227895,-0.6786519431470001,4.0232032796425,2.01160163982125,0.4971163177660064,2.69025358296825,1.7989308114991953
L112,free_ligand_L112_SP,22,27,True,0.04655555555555555,1.3198333333333332,,,,,,,,,,,,,,,,,,,,,,,,,,,,,,,,,,,,,,,,,2.0219045353329617,1.27657,1.35335,-3.888393337881524,0.87188,0.7679,0.401948,0.340543,-5.027575501838,-1.4141756810485,3.6133998207895,1.80669991039475,0.5534953504157244,3.2208755914432503,2.870991335049178
L113,free_ligand_L113_SP,2,4,True,0.07555555555555556,1.3371388888888889,,,,,1.96161,C,1,1.95461,C,5,1.96106,C,6,0.03213,C,1,0.03777,C,5,0.03794,C,6,1.96150,C,3,1.95464,C,7,1.96109,C,8,0.03214,C,3,0.03778,C,7,0.03773,C,8,2.0205720675095953,1.29727,1.29733,-2.6238421568998462,0.81385,0.81389,0.280274,0.281165,-5.004173710695,-1.205464357715,3.7987093529800005,1.8993546764900002,0.5264946101841264,3.104819034205,2.5376780215099606
L114,free_ligand_L114_SP,2,1,True,0.02075,0.5950277777777777,,,,,1.98358,C,50,1.98343,C,54,,,,0.01153,C,50,0.01067,C,54,,,,1.95692,C,9,1.95479,C,14,1.95700,C,20,0.03890,C,9,0.03761,C,14,0.03992,C,20,1.976697624827834,1.28741,1.24743,-2.2946077642111886,-0.54341,0.87421,-0.36407,0.384099,-5.298056669235001,-0.7102171498050001,4.58783951943,2.293919759715,0.4359350390373905,3.0041369095200006,1.9671216774081146
L115,free_ligand_L115_SP,40,21,True,0.10180555555555555,2.1817777777777776,,,,,,,,,,,,,,,,,,,,,,,,,,,,,,,,,,,,,,,,,4.453114785181267,1.29279,1.24605,-2.7159141585305884,-0.5502,0.90525,-0.376867,0.439704,-5.8953465710825,-1.7798966961204998,4.1154498749620005,2.0577249374810003,0.48597360210066143,3.8376216336015,3.57854918663594
L116,free_ligand_L116_SP,18,67,True,0.13469444444444445,3.2633055555555552,,,,,1.95282,C,10,1.95651,C,33,1.95060,C,42,0.04178,C,10,0.03404,C,33,0.03796,C,42,1.98624,O,68,1.95761,C,69,1.95652,C,78,0.03462,O,68,0.11375,C,69,0.11596,C,78,3.9090433829774773,1.29014,0.88676,-4.498847626174699,0.87101,1.92419,0.437026,0.807076,-5.0681204655625,-0.9099487160719999,4.1581717494905,2.07908587474525,0.480980613714443,2.98903459081725,2.148619230602191
L117,free_ligand_L117_SP,13,62,True,0.17066666666666666,3.118333333333333,,,,,1.93670,C,12,1.95185,C,14,1.95756,C,21,0.04247,C,12,0.02289,C,14,0.03579,C,21,,,,,,,,,,,,,,,,,,,1.4724881561493117,1.34653,1.34763,-4.501841629564426,0.83182,0.83173,0.282158,0.254085,-5.1630881993869995,-0.6046369758110001,4.558451223575999,2.2792256117879997,0.438745508486772,2.883862587599,1.8244493614717172
L118,free_ligand_L118_SP,38,8,True,0.17716666666666667,3.2471944444444443,,,,,1.94834,C,34,1.95696,C,39,1.95386,C,46,0.03977,C,34,0.03686,C,39,0.03501,C,46,1.94966,C,5,1.95000,C,9,1.95671,C,16,0.03583,C,5,0.03951,C,9,0.03158,C,16,2.1369191748870615,1.2873,1.2951,-4.326413680558061,0.86628,0.86389,0.432912,0.396278,-5.022133224828,-0.464226228953,4.557906995875,2.2789534979375,0.4387978960101734,2.7431797268905,1.650984765778097
L119,free_ligand_L119_SP,14,27,True,0.13841666666666666,2.214583333333333,,,,,1.96613,C,13,1.95037,C,15,1.95848,C,21,0.02662,C,13,0.04282,C,15,0.03096,C,21,1.96189,C,10,1.96287,C,28,1.96023,C,34,0.02808,C,10,0.03835,C,28,0.02656,C,34,3.704119771281701,1.30869,1.35765,-3.4066710101252027,0.82946,0.8024,0.341178,0.321194,-5.096148192164,-0.681917309353,4.414230882810999,2.2071154414054996,0.4530800615318953,2.8890327507585,1.8908186854150537
L120,free_ligand_L120_SP,36,7,True,0.10305555555555555,2.0758055555555552,,,,,1.95668,C,26,1.94989,C,37,1.95225,C,43,0.03512,C,26,0.03711,C,37,0.04455,C,43,1.95509,C,4,1.95637,C,8,1.95079,C,14,0.03154,C,4,0.03798,C,8,0.03977,C,14,2.282091385111473,1.28911,1.28119,-3.4654624674128556,0.84207,0.85922,0.360486,0.380756,-5.4300318867275,-1.1834231358245,4.246608750903,2.1233043754515,0.47096403679164445,3.3067275112759997,2.5748656104719942
L121,free_ligand_L121_SP,7,12,True,0.014,0.27955555555555556,,,,,1.97229,C,1,1.95900,C,8,1.96110,C,9,0.02988,C,1,0.03478,C,8,0.04013,C,9,1.97229,C,2,1.95903,C,13,1.96108,C,14,0.02991,C,2,0.03480,C,13,0.04011,C,14,1.8027600755508204,1.37405,1.3741,-1.377565214209518,0.74757,0.74743,0.23323,0.233385,-4.7502914881785,0.921377497793,5.6716689859715,2.83583449298575,0.3526298881240898,1.91445699519275,0.6462199390528518
L122,free_ligand_L122_SP,22,21,True,0.11058333333333334,2.1390833333333332,,,,,1.95222,C,16,1.95604,C,25,1.95602,C,26,0.03919,C,16,0.03132,C,25,0.04088,C,26,1.95219,C,8,1.95603,C,23,1.95601,C,24,0.03916,C,8,0.04080,C,23,0.03135,C,24,4.980518034301252,1.27341,1.27353,-3.6558553366754385,0.8632,0.86313,0.380367,0.380752,-4.840361172694,-0.611167708223,4.229193464471,2.1145967322355,0.4729034074231376,2.7257644404585,1.7567869257542659
L123,free_ligand_L123_SP,4,47,True,0.024583333333333332,0.6874166666666666,,,,,1.98253,N,2,,,,,,,0.08921,N,2,,,,,,,,,,,,,,,,,,,,,,,,,2.5027480196775707,1.42835,1.42357,-3.698177946714515,1.51871,1.53341,0.794827,0.799152,-5.514115066532,-0.17578554742299998,5.338329519109,2.6691647595545,0.3746490344668368,2.8449503069774997,1.516156359437749
L124,free_ligand_L124_SP,82,9,True,0.19230555555555554,5.843,,,,,,,,,,,,,,,,,,,,,,,,,,,,,,,,,,,,,,,,,2.2250451725751548,1.4185,1.40765,-6.95436757297881,1.56965,1.5383,0.788745,0.782839,-4.8330140987305,-0.4378311854545,4.395182913276,2.197591456638,0.4550436328733534,2.6354226420924998,1.5802419693329532
L125,free_ligand_L125_SP,19,18,True,0.13758333333333334,2.3306388888888887,,,,,1.95493,C,17,1.95728,C,22,1.95517,C,23,0.04144,C,17,0.03072,C,22,0.04324,C,23,1.95212,C,10,1.95775,C,20,1.95477,C,21,0.04190,C,10,0.03462,C,20,0.03410,C,21,2.1315589060591313,1.27456,1.28165,-3.7136209818906147,0.86966,0.85863,0.404121,0.411407,-5.087984776649001,-0.8177021207525,4.270282655896501,2.1351413279482503,0.468353071953763,2.9528434487007504,2.0418518246081816
L126,free_ligand_L126_SP,28,5,True,0.05583333333333333,1.1949444444444446,,,,,1.96488,C,20,1.95270,C,27,1.93801,C,29,0.04252,C,20,0.03216,C,27,0.05356,C,29,1.93162,C,2,1.96471,C,6,1.95004,C,13,0.06862,C,2,0.04147,C,6,0.02674,C,13,1.3336904888316479,1.36521,1.37336,-3.097647664154768,0.78705,0.79386,0.343699,0.324074,-5.245266582238,-0.8579749706265001,4.3872916116115,2.19364580580575,0.4558621074347456,3.05162077643225,2.12258272016991
L127,free_ligand_L127_SP,32,12,True,0.09641666666666668,1.9198333333333333,,,,,1.98646,C,31,1.96326,C,33,,,,0.02609,C,31,0.02589,C,33,,,,1.95813,C,8,1.95061,C,13,1.95160,C,19,0.03871,C,8,0.03521,C,13,0.03641,C,19,2.0009526456165823,1.39397,1.29866,-3.394676125470761,-0.5481,0.8583,-0.225393,0.416379,-5.4713931920035,-0.7322583716955,4.739134820308,2.369567410154,0.4220179580943043,3.1018257818495,2.030185581494169
L128,free_ligand_L128_SP,36,37,True,0.10672222222222222,2.226,,,,,,,,,,,,,,,,,,,,,,,1.96565,C,1,1.95737,C,20,1.95829,C,21,0.02829,C,1,0.03128,C,20,0.03426,C,21,1.867836272267995,1.31139,1.3479,-3.182433172528547,0.8053,0.81779,0.319659,0.338968,-5.025942818735,0.0214969941895,5.0474398129245,2.52371990646225,0.39624048510272275,2.5022229122727504,1.2404545145185228
L129,free_ligand_L129_SP,33,8,True,0.14030555555555557,2.649611111111111,,,,,1.95971,C,29,1.95166,C,34,1.95311,C,41,0.03907,C,29,0.03625,C,34,0.04374,C,41,1.95545,C,5,1.95725,C,9,1.95255,C,16,0.03370,C,5,0.03544,C,9,0.04338,C,16,2.0018087146378396,1.26618,1.28402,-4.1056853959734285,0.84577,0.85731,0.364117,0.406818,-4.9592749253625,-0.641100231778,4.3181746935845,2.15908734679225,0.46315865890543856,2.80018757857025,1.8158252112469067
L130,free_ligand_L130_SP,14,13,True,0.1949722222222222,4.643083333333333,,,,,1.95012,C,3,1.95572,C,17,1.95604,C,18,0.04193,C,3,0.02888,C,17,0.04140,C,18,1.95006,C,12,1.95660,C,15,1.95535,C,16,0.04184,C,12,0.04078,C,15,0.02851,C,16,4.402275434363461,1.26827,1.26856,-5.175495733811172,0.86516,0.86767,0.369171,0.373726,-4.6882495302645,-0.255242791769,4.4330067384955,2.21650336924775,0.4511610556853725,2.4717461610167497,1.3781907957519883
L131,free_ligand_L131_SP,53,5,True,0.15308333333333335,2.808638888888889,,,,,,,,,,,,,,,,,,,,,,,1.93383,C,2,1.97554,C,6,1.95161,C,13,0.06149,C,2,0.02897,C,6,0.03294,C,13,5.051870570392714,1.38971,1.37782,-3.9151412586213525,0.76619,0.76066,0.320113,0.274142,-5.0683925794130005,-0.6849105617085001,4.3834820177045,2.19174100885225,0.45625828780001265,2.8766515705607505,1.8877970127371644
L132,free_ligand_L132_SP,7,58,True,0.08302777777777777,2.4921666666666664,,,,,1.97339,N,4,1.95617,O,8,1.95873,O,21,0.07411,N,4,0.14382,O,8,0.10593,O,21,,,,,,,,,,,,,,,,,,,3.7323672354150794,1.41357,1.41222,-4.493850687971289,1.5315,1.53759,0.788924,0.806532,-5.439555871495,-1.5066943902185002,3.9328614812765,1.96643074063825,0.5085355814135754,3.47312513085675,3.0671301880364026
L133,free_ligand_L133_SP,9,34,True,0.20052777777777778,3.317388888888889,,,,,1.95855,C,6,1.95244,C,10,1.94873,C,18,0.03106,C,6,0.04098,C,10,0.04109,C,18,1.94859,C,24,1.95872,C,35,1.95236,C,43,0.04139,C,24,0.03078,C,35,0.04121,C,43,3.040306514152808,1.27956,1.27936,-4.0210035983514905,0.84888,0.84824,0.386253,0.38469,-4.776142303976,-0.9344389626170001,3.841703341359,1.9208516706795,0.5206024053102709,2.8552906332965002,2.1221536064017696
L134,free_ligand_L134_SP,29,2,True,0.09730555555555556,2.945111111111111,,,,,1.94407,C,28,1.95094,C,30,1.93224,C,35,0.04898,C,28,0.02968,C,30,0.04016,C,35,1.95088,C,3,1.93226,C,8,1.94407,C,28,0.02969,C,3,0.04021,C,8,0.04898,C,28,0.30241092903531114,1.35656,1.35601,-4.890164026493873,0.81824,0.81819,0.310717,0.310721,-4.833830440282,-1.399753646972,3.43407679331,1.717038396655,0.5823981583336295,3.116792043627,2.8288221923695454
L135,free_ligand_L135_SP,4,53,True,0.029916666666666668,0.8141111111111111,,,,,1.98304,N,2,,,,,,,0.09490,N,2,,,,,,,,,,,,,,,,,,,,,,,,,3.4299067188481964,1.40541,1.41473,-4.19072011437491,1.51724,1.52811,0.786617,0.779469,-5.236831052872501,-0.660692429014,4.5761386238585,2.28806931192925,0.4370496972212882,2.9487617409432505,1.9001163468949003
L136,free_ligand_L136_SP,40,39,True,0.048916666666666664,1.190777777777778,,,,,1.96227,C,1,1.96228,C,20,1.94863,C,21,0.03005,C,1,0.03113,C,20,0.04752,C,21,,,,,,,,,,,,,,,,,,,1.5520378958002283,1.34626,1.34629,-2.180899035207576,0.81419,0.81427,0.295874,0.295991,-4.9951939536285,0.032381548209500004,5.027575501838,2.513787750919,0.39780605965416777,2.4814062027095,1.2247208899387276
L137,free_ligand_L137_SP,40,39,True,0.059416666666666666,1.4452222222222222,,,,,1.96203,C,1,1.96228,C,20,1.94871,C,21,0.02997,C,1,0.02762,C,20,0.04429,C,21,,,,,,,,,,,,,,,,,,,1.514753980024479,1.33917,1.33949,-2.5650284406992223,0.83037,0.83043,0.313738,0.31375,-4.9881189935155,0.032109434359,5.0202284278745,2.51011421393725,0.398388246418256,2.4780047795782503,1.2231530448929122
L138,free_ligand_L138_SP,20,5,True,0.04666666666666667,0.9209166666666667,,,,,1.96359,C,16,1.95005,C,19,1.93671,C,21,0.04367,C,16,0.02845,C,19,0.05665,C,21,1.93361,C,2,1.96394,C,6,1.94943,C,9,0.06790,C,2,0.04378,C,6,0.02600,C,9,2.279664602523801,1.35907,1.36758,-2.306072935717416,0.79964,0.79882,0.356898,0.351818,-4.950839395997,-0.42123224057400005,4.529607155423,2.2648035777115,0.44153939433920486,2.6860358182854998,1.5928066539887158
L139,free_ligand_L139_SP,36,22,True,0.19916666666666666,3.280777777777778,,,,,1.96548,N,35,1.95558,C,37,1.95046,C,43,0.02897,N,35,0.06725,C,37,0.04774,C,43,1.96548,N,21,1.94989,C,23,1.95444,C,29,0.04104,N,21,0.04389,C,23,0.06072,C,29,2.6497431592514777,1.29612,1.34356,-4.06860015033037,1.05036,1.04608,0.501103,0.547162,-5.1475777099085,-0.7752523600745,4.372325349834,2.186162674917,0.45742250175319915,2.9614150349915,2.0057928694182534
L140,free_ligand_L140_SP,56,22,True,0.06761111111111111,1.6672500000000001,,,,,,,,,,,,,,,,,,,,,,,,,,,,,,,,,,,,,,,,,1.8957992773497936,1.43035,1.25345,-2.4675536648261573,-0.8463,0.88178,-0.49147,0.396183,-5.343771796119,-0.592663966389,4.7511078297300005,2.3755539148650002,0.42095445350345956,2.968217881254,1.8543711711751794
L141,free_ligand_L141_SP,53,21,True,0.1303888888888889,3.216,,,,,,,,,,,,,,,,,,,,,,,,,,,,,,,,,,,,,,,,,2.280479749964906,1.29639,1.27563,-3.757708024395688,0.8461,0.87618,0.368114,0.416413,-5.2060821877659995,-0.9494052243944999,4.2566769633715,2.12833848168575,0.4698500772339324,3.0777437060802497,2.2253289130998315
L142,free_ligand_L142_SP,6,45,True,0.08277777777777778,1.5678888888888889,,,,,1.94758,C,2,1.96093,C,5,1.96118,C,7,0.04480,C,2,0.03677,C,5,0.03232,C,7,,,,,,,,,,,,,,,,,,,1.9327003544264176,1.37405,1.3685,-3.089578938817465,0.74526,0.77675,0.276078,0.271446,-5.212068692477,-0.4002794740855,4.8117892183915,2.40589460919575,0.4156458043414808,2.80617408328125,1.6365249241552842
L143,free_ligand_L143_SP,10,23,True,0.016666666666666666,0.4529722222222222,,,,,1.96455,C,9,1.95768,C,11,1.95702,C,17,0.02804,C,9,0.03813,C,11,0.03504,C,17,1.95048,C,6,1.95749,C,24,1.96102,C,30,0.04678,C,6,0.04000,C,24,0.02842,C,30,2.2601985819834507,1.30116,1.29885,-3.111072430901709,0.82036,0.81195,0.264904,0.382661,-5.129890309626,-0.746680405772,4.3832099038540004,2.1916049519270002,0.4562866127495905,2.938285357699,1.9696799908389493
L144,free_ligand_L144_SP,11,50,True,0.17191666666666666,2.7570833333333336,,,,,1.95885,O,10,1.97308,N,12,1.95564,O,18,0.09566,O,10,0.07334,N,12,0.15663,O,18,,,,,,,,,,,,,,,,,,,1.694799135591,1.4116,1.40133,-4.352751708041466,1.53218,1.52977,0.786749,0.797134,-5.5203736850935,-1.588600659219,3.9317730258745005,1.9658865129372503,0.5086763622513948,3.55448717215625,3.213404989015919
L145,free_ligand_L145_SP,36,11,True,0.13972222222222222,2.6806944444444443,,,,,1.95763,C,32,1.94988,C,37,1.95411,C,43,0.03366,C,32,0.04464,C,37,0.03130,C,43,1.94912,C,7,1.95697,C,12,1.95352,C,18,0.03908,C,7,0.02947,C,12,0.03785,C,18,3.878709862828103,1.2798,1.30505,-4.0609799910699245,0.85422,0.85709,0.392556,0.423707,-5.1307066511775,-0.5793303877145,4.551376263463,2.2756881317315,0.43942752350654096,2.8550185194460003,1.7909155988298122
L146,free_ligand_L146_SP,11,29,True,0.016777777777777777,0.4569722222222222,,,,,1.98380,N,10,1.98448,C,12,,,,0.01474,N,10,0.03300,C,12,,,,1.95330,C,20,1.95641,C,30,1.95457,C,36,0.04032,C,20,0.04380,C,30,0.03166,C,36,5.473893861777007,1.32151,1.26202,-3.088163704613538,-0.23174,0.88124,-0.071902,0.414574,-5.1328835619815,-1.4672378818960001,3.6656456800855,1.83282284004275,0.5456064700594169,3.30006072193875,2.970936560412159
L147,free_ligand_L147_SP,14,13,True,0.11213888888888889,2.162888888888889,,,,,1.95157,C,12,1.95581,C,17,1.95619,C,18,0.04099,C,12,0.02832,C,17,0.04147,C,18,1.95154,C,5,1.95617,C,15,1.95580,C,16,0.04094,C,5,0.04149,C,15,0.02831,C,16,3.698281897043545,1.27079,1.27109,-3.601572171865299,0.86812,0.86816,0.380092,0.380407,-5.1908438121380005,-0.6427329148809999,4.548110897257001,2.2740554486285003,0.43974301532669635,2.9167883635095,1.8705907902631524
L148,free_ligand_L148_SP,85,16,True,0.07088888888888889,2.022972222222222,,,,,,,,,,,,,,,,,,,,,,,1.97955,N,8,,,,,,,0.09685,N,8,,,,,,,1.9381949050598601,1.45592,1.44217,-6.780939249881705,1.55358,1.54607,0.810841,0.802859,-5.0316572095955,-0.33796540232100003,4.6936918072745,2.34684590363725,0.4261038180862893,2.68481130595825,1.535723273826719
L149,free_ligand_L149_SP,8,28,True,0.15280555555555556,2.8009166666666663,,,,,1.95363,C,5,1.95006,C,9,1.95679,C,16,0.04353,C,5,0.03552,C,9,0.03548,C,16,1.95070,C,27,1.95563,C,29,1.95628,C,36,0.04127,C,27,0.03078,C,29,0.03875,C,36,5.86424553885664,1.27489,1.2739,-4.137085688032332,0.84839,0.8594,0.350778,0.371818,-4.808251738335,-0.3507547532945,4.4574969850405,2.22874849252025,0.44868230011418136,2.5795032458147498,1.4927294437885916
L150,free_ligand_L150_SP,19,18,True,0.04325,1.172972222222222,,,,,1.98199,C,20,1.97829,H,43,,,,0.02134,C,20,0.01939,H,43,,,,1.95302,C,10,1.95509,C,53,1.95355,C,62,0.04231,C,10,0.03551,C,53,0.03219,C,62,2.6328924132975886,1.30901,1.2964,-5.263852233062139,-0.66181,0.87061,-0.396791,0.407824,-5.347037162325,-0.606813886615,4.74022327571,2.370111637855,0.4219210538559359,2.97692552447,1.869550243266464
L151,free_ligand_L151_SP,13,16,True,0.023111111111111114,0.6528333333333333,,,,,,,,,,,,,,,,,,,,,,,,,,,,,,,,,,,,,,,,,2.5342508735324527,1.38973,1.2618,-2.5413742830078534,-0.56083,0.89774,-0.235745,0.444495,-5.344043909969501,-0.711849832908,4.6321940770615,2.31609703853075,0.431760838757587,3.0279468714387505,1.9792914769391234
L152,free_ligand_L152_SP,13,16,True,0.03308333333333333,0.9461944444444444,,,,,,,,,,,,,,,,,,,,,,,,,,,,,,,,,,,,,,,,,2.522679896459319,1.39538,1.26348,-2.991412942062498,-0.55146,0.89304,-0.229066,0.40502,-5.253974225454,-1.3265550211875001,3.9274192042664997,1.9637096021332499,0.5092402659301881,3.29026462332075,2.7564771490946343
L153,free_ligand_L153_SP,5,22,True,0.04275,0.8060277777777777,,,,,1.93614,C,2,1.96442,C,6,1.95307,C,13,0.05756,C,2,0.04446,C,6,0.02814,C,13,1.96481,C,14,1.95292,C,21,1.93493,C,23,0.04415,C,14,0.02727,C,21,0.06221,C,23,0.3436720820782509,1.35431,1.3563,-2.019541317886092,0.7911,0.78945,0.323218,0.318772,-5.173972753407,-0.6081744558675,4.5657982975395,2.28289914876975,0.438039499265177,2.89107360463725,1.8306342161313824
L154,free_ligand_L154_SP,13,16,True,0.03283333333333333,0.9008611111111111,,,,,,,,,,,,,,,,,,,,,,,,,,,,,,,,,,,,,,,,,4.958548761482537,1.3994,1.27194,-2.7349271287821373,-0.56011,0.89306,-0.243129,0.415617,-6.177528634051,-1.6541800971895,4.5233485368615,2.26167426843075,0.44215031932686066,3.91585436562025,3.389947798138616
L155,free_ligand_L155_SP,27,22,True,0.15244444444444444,3.502666666666667,,,,,,,,,,,,,,,,,,,,,,,,,,,,,,,,,,,,,,,,,2.34824676301278,1.29214,1.24726,-3.8922556620104745,0.8468,0.89574,0.337029,0.399701,-4.747298235823,-0.5415065624950001,4.205791673328,2.102895836664,0.4755347281424951,2.644402399159,1.6626748521627304
L156,free_ligand_L156_SP,40,39,True,0.16924999999999998,4.22725,,,,,,,,,,,,,,,,,,,,,,,,,,,,,,,,,,,,,,,,,1.7367554951690811,1.24978,1.24827,-4.057455490844093,0.89019,0.88962,0.417261,0.383069,-4.9179136200865,-0.6234128314955,4.294500788591,2.1472503942955,0.4657118716367003,2.770663225791,1.7875359881513093
L157,free_ligand_L157_SP,10,26,True,0.17075,3.7979999999999996,,,,,1.95989,C,9,1.95909,C,11,1.95939,C,17,0.03026,C,9,0.03342,C,11,0.03799,C,17,1.95967,C,25,1.95900,C,27,1.95938,C,33,0.03015,C,25,0.03355,C,27,0.03754,C,33,3.7368077459243203,1.29095,1.29064,-4.312356956604718,0.83727,0.83651,0.390589,0.389492,-4.6615823729154995,-0.221500674307,4.440081698608499,2.2200408493042496,0.450442162050034,2.44154152361125,1.342571019219338
L158,free_ligand_L158_SP,19,18,True,0.042249999999999996,1.1578888888888887,,,,,1.98000,C,20,1.97618,H,50,,,,0.01488,C,20,0.02088,H,50,,,,1.95545,C,10,1.95463,C,51,1.95437,C,60,0.03989,C,10,0.03706,C,51,0.03032,C,60,1.7598614831855375,1.29618,1.28363,-5.021111170647799,-0.65506,0.88815,-0.397169,0.404709,-5.1317951065795,-0.5415065624950001,4.5902885440845,2.29514427204225,0.435702457654301,2.83665083453725,1.7529590743158197
L159,free_ligand_L159_SP,48,14,True,0.024333333333333332,0.6493333333333333,,,,,,,,,,,,,,,,,,,,,,,1.95921,C,2,1.96120,C,11,1.96031,C,16,0.02800,C,2,0.03844,C,11,0.02845,C,16,7.106199905716135,1.36149,1.36101,-4.039094698579176,0.78781,0.78836,0.286146,0.285537,-4.9813161472530005,-0.9107650576235,4.0705510896295,2.03527554481475,0.49133396337792656,2.9460406024382504,2.1321818692624985
L160,free_ligand_L160_SP,14,48,True,0.02325,0.6017222222222222,,,,,1.95353,C,2,1.96708,C,11,1.96208,C,33,0.03704,C,2,0.02746,C,11,0.03104,C,33,,,,,,,,,,,,,,,,,,,5.457498538708004,1.35,1.33848,-4.026248666290617,0.79088,0.75852,0.291027,0.257062,-4.7508357158795,-1.0288624687405001,3.721973247139,1.8609866235695,0.5373493755059514,2.88984909231,2.243763515158079
L161,free_ligand_L161_SP,28,15,True,0.04505555555555555,0.8788055555555555,,,,,1.98756,H,51,1.98855,H,52,,,,0.00745,H,51,0.00695,H,52,,,,1.94465,C,8,1.96015,C,16,1.95475,C,22,0.04742,C,8,0.03287,C,16,0.03162,C,22,1.929806562845095,1.42378,1.28802,-2.0880371986355115,-0.86819,0.82955,-0.490601,0.332738,-5.2509809730985,-0.5559285965715001,4.695052376526999,2.3475261882634997,0.4259803383661994,2.903454784835,1.7955177091798686
L162,free_ligand_L162_SP,10,11,True,0.020111111111111114,0.42438888888888887,,,,,1.98922,H,32,1.99085,H,33,,,,0.00630,H,32,0.01002,H,33,,,,1.95623,C,2,1.96152,C,12,1.95620,C,18,0.03848,C,2,0.03272,C,12,0.03491,C,18,1.9763940700174143,1.41261,1.25562,-1.5478267307372737,-0.84851,0.86427,-0.468984,0.400807,-5.3434996822685,-0.6272224254025001,4.716277256866,2.358138628433,0.4240632793774754,2.9853610538354998,1.889706676761439
L163,free_ligand_L163_SP,27,6,True,0.10113888888888889,2.3368055555555554,,,,,1.95340,C,2,1.95308,C,28,1.96052,C,38,0.03986,C,2,0.04622,C,28,0.02657,C,38,1.94817,C,4,1.96017,C,7,1.95951,C,17,0.04489,C,4,0.03842,C,7,0.03118,C,17,2.4688619908775786,1.30082,1.2875,-4.017857194878652,0.82785,0.83789,0.327172,0.342594,-4.8009046643715,-0.5532074580665001,4.247697206305,2.1238486031525,0.47084335414288303,2.677056061219,1.6871798545978551
L164,free_ligand_L164_SP,1,68,True,0.19827777777777778,4.669555555555556,,,,,1.96045,C,13,1.95835,C,14,1.92672,C,15,0.02870,C,13,0.03334,C,14,0.05027,C,15,1.92662,C,60,1.96045,C,72,1.95839,C,73,0.05030,C,60,0.02867,C,72,0.03331,C,73,0.5674264269489041,1.32443,1.32478,-4.328129208722846,0.8405,0.84048,0.380437,0.38079,-5.261593413268,-0.63130413316,4.630289280108,2.315144640054,0.43193845546370496,2.9464487732139997,1.8749498893019032
L165,free_ligand_L165_SP,15,22,True,0.12347222222222222,2.2905277777777777,,,,,1.94867,C,1,1.94567,C,14,1.95912,C,16,0.04291,C,1,0.03299,C,14,0.04088,C,16,1.95891,C,21,1.93780,C,23,1.95465,C,36,0.03961,C,21,0.03686,C,23,0.04247,C,36,1.7279565995707182,1.33883,1.34399,-3.9933903011443017,0.80202,0.80666,0.230961,0.231555,-4.961996063867501,-1.4277813735735,3.5342146902940006,1.7671073451470003,0.5658965782391748,3.1948887187205006,2.8881420115874192
L166,free_ligand_L166_SP,24,11,True,0.023583333333333335,0.4967777777777778,,,,,1.98851,H,45,1.99073,H,46,,,,0.00786,H,45,0.00861,H,46,,,,1.95431,C,10,1.95338,C,12,1.95653,C,18,0.03838,C,10,0.03345,C,12,0.03786,C,18,2.3183310980099456,1.42565,1.26519,-1.7110675003944649,-0.84928,0.86845,-0.480835,0.402133,-5.2482598345935,-0.6811009678015,4.567158866792,2.283579433396,0.43790900608736916,2.9646804011975,1.9244633562349118
L167,free_ligand_L167_SP,15,8,True,0.05486111111111111,1.0365555555555555,,,,,1.96126,C,14,1.96384,C,16,1.94802,C,19,0.03774,C,14,0.04284,C,16,0.03754,C,19,1.95772,C,4,1.95356,C,7,1.96098,C,9,0.04341,C,4,0.04221,C,7,0.03656,C,9,1.852629617597646,1.34243,1.33775,-2.697057923135789,0.76276,0.75122,0.26426,0.276031,-4.7655298638065,-0.762463009101,4.0030668547055,2.00153342735275,0.49961693686155967,2.76399643645375,1.9084558359920447
L168,free_ligand_L168_SP,81,23,True,0.20325000000000001,4.360166666666667,,,,,,,,,,,,,,,,,,,,,,,1.95049,C,16,1.97665,C,22,1.93141,C,24,0.02778,C,16,0.03011,C,22,0.05683,C,24,4.0252046817522205,1.40487,1.40379,-4.606976633462424,0.76672,0.78407,0.302756,0.30708,-5.1824082827725,-0.4149736220125,4.76743466076,2.38371733038,0.4195128286626943,2.7986909523925,1.642952993456442
L169,free_ligand_L169_SP,1,2,True,0.2413611111111111,7.390694444444445,,,,,1.96195,C,7,1.95178,C,81,1.96387,C,11,0.03003,C,7,0.04296,C,81,0.03418,C,11,,,,,,,,,,,,,,,,,,,1.225330804313676,1.32648,1.3261,-5.847005831260718,0.80728,0.80729,0.374233,0.374372,-5.114107706297,-0.26122929648,4.852878409817,2.4264392049085,0.4121265424565663,2.6876685013885,1.4885108101499502
L170,free_ligand_L170_SP,34,11,True,0.11858333333333333,3.266166666666667,,,,,1.95812,C,21,1.95173,C,35,1.94886,C,41,0.03873,C,21,0.04445,C,35,0.03600,C,41,1.95467,C,8,1.95412,C,12,1.95469,C,28,0.04125,C,8,0.02941,C,12,0.04096,C,28,2.5632841902528094,1.26886,1.26813,-8.567408796195984,0.85207,0.86957,0.33649,0.355346,-4.944308663585,-1.377440311231,3.5668683523539997,1.7834341761769998,0.5607159565281054,3.160874487408,2.801092313528481
L171,free_ligand_L171_SP,24,11,True,0.05608333333333333,1.1479166666666667,,,,,1.95291,C,17,1.96345,C,23,1.93625,C,25,0.02630,C,17,0.04994,C,23,0.05194,C,25,1.96341,C,3,1.95292,C,10,1.93623,C,12,0.04984,C,3,0.02625,C,10,0.05202,C,12,0.2076090075117166,1.39269,1.39284,-2.6209119043430142,0.77158,0.77154,0.355955,0.355835,-5.269212601082001,-0.8694037523475,4.399808848734501,2.1999044243672503,0.4545652024349312,3.0693081767147503,2.1411504471058214
L172,free_ligand_L172_SP,5,54,True,0.12383333333333334,2.422555555555556,,,,,1.96315,C,28,1.95063,C,35,1.93248,C,36,0.04010,C,28,0.02980,C,35,0.06166,C,36,1.96315,C,28,1.95063,C,35,1.93248,C,36,0.04010,C,28,0.02980,C,35,0.06166,C,36,0.8086530096401051,1.3796,1.37971,-4.366397907434251,0.79757,0.7974,0.356767,0.356699,-5.446630831608,-1.85581646041,3.5908143711980003,1.7954071855990001,0.5569767170483786,3.651223646009,3.712649202951558
L173,free_ligand_L173_SP,21,5,True,0.017527777777777778,0.36863888888888885,,,,,1.98209,C,16,1.98449,C,20,,,,0.02686,C,16,0.01665,C,20,,,,1.93290,C,2,1.96095,C,6,1.94851,C,9,0.05773,C,2,0.03872,C,6,0.02672,C,9,1.2315135971640754,1.35157,1.35793,-1.3819344483460103,-0.48228,0.8292,-0.141681,0.384991,-5.4942507554455,-0.6751144630904999,4.819136292355,2.4095681461775,0.4150121263789048,3.084682609268,1.9744755538487886
L174,free_ligand_L174_SP,22,27,True,0.022166666666666664,0.6178611111111112,,,,,,,,,,,,,,,,,,,,,,,,,,,,,,,,,,,,,,,,,5.156872840200736,0.95975,1.29807,-2.647234486644264,1.71064,0.87617,0.686396,0.404531,-5.226218612703001,-0.530622008475,4.695596604228001,2.3477983021140005,0.42593096651427925,2.878420310589,1.7644836604897103
L175,free_ligand_L175_SP,54,21,True,0.18525,4.281027777777778,,,,,,,,,,,,,,,,,,,,,,,,,,,,,,,,,,,,,,,,,2.2692085933205877,1.28518,1.28063,-4.432523556815721,0.84982,0.87722,0.38471,0.431664,-4.9685267962795,-0.724911297732,4.2436154985475,2.12180774927375,0.4712962332908242,2.8467190470057497,1.9096474068772458
L176,free_ligand_L176_SP,34,21,True,0.10888888888888888,2.6980833333333334,,,,,,,,,,,,,,,,,,,,,,,,,,,,,,,,,,,,,,,,,1.81005628917998,1.27857,1.28865,-3.3328800523532114,0.79684,0.82591,0.341342,0.365054,-5.36064285485,-0.49034915860100003,4.870293696249,2.4351468481245,0.41065285273049523,2.9254960067255,1.757291740323268
L177,free_ligand_L177_SP,58,33,True,0.04986111111111111,1.4245555555555554,,,,,,,,,,,,,,,,,,,,,,,1.96166,O,31,1.95682,O,32,1.97182,N,49,0.08233,O,31,0.15234,O,32,0.08056,N,49,0.4343483164466049,1.42085,1.42032,-5.185293840629388,1.53591,1.53562,0.783011,0.782852,-5.325268054285001,-1.2998878638385,4.0253801904465005,2.0126900952232503,0.4968474790894614,3.3125779590617506,2.7259966054646267
L178,free_ligand_L178_SP,8,27,True,0.02022222222222222,0.5473055555555555,,,,,1.95301,C,4,1.95479,C,9,1.95615,C,15,0.04019,C,4,0.04280,C,9,0.02940,C,15,1.95291,C,26,1.95479,C,28,1.95616,C,34,0.04014,C,26,0.04285,C,28,0.02940,C,34,3.336799709302313,1.2742,1.27414,-3.3904165831485438,0.86176,0.86176,0.382042,0.382165,-5.0305687541935,-0.728176663938,4.3023920902555,2.15119604512775,0.4648576787154768,2.87937270906575,1.9270180457263446
L179,free_ligand_L179_SP,25,7,True,0.013027777777777777,0.3644722222222222,,,,,1.98057,C,24,1.98232,C,26,,,,0.02510,C,24,0.01790,C,26,,,,1.95449,C,4,1.95704,C,8,1.95393,C,14,0.03169,C,4,0.04230,C,8,0.03943,C,14,3.453863567079626,1.33927,1.25979,-2.438438089636544,-0.47667,0.87805,-0.135139,0.408516,-5.3331593559495,-1.6495541617310001,3.6836051942185,1.84180259710925,0.5429463513459706,3.4913567588402503,3.309141825685147
L180,free_ligand_L180_SP,2,1,True,0.034472222222222224,0.9928888888888889,,,,,1.94310,C,3,1.95984,C,18,1.95767,C,25,0.04741,C,3,0.03058,C,18,0.04284,C,25,1.95335,C,5,1.95854,C,44,1.95811,C,52,0.04228,C,5,0.05306,C,44,0.03899,C,52,2.9400705246643315,1.27901,1.27544,-3.163794108476693,0.83717,0.86033,0.324769,0.408772,-4.900226219804,-0.5591939627775,4.3410322570265,2.17051612851325,0.4607199121275249,2.72971009129075,1.7164850987766036
L181,free_ligand_L181_SP,27,22,True,0.13427777777777777,3.1822777777777778,,,,,,,,,,,,,,,,,,,,,,,,,,,,,,,,,,,,,,,,,4.594427360400859,1.27846,1.25845,-3.6474925515055925,0.84549,0.87884,0.346681,0.409589,-5.5889463754195,-1.5061501625175002,4.082796212902,2.041398106451,0.48986035445017356,3.5475482689685,3.0824704600468094
L182,free_ligand_L182_SP,2,1,True,0.05361111111111111,1.5235,,,,,1.93491,C,3,1.96133,C,18,1.95975,C,25,0.05706,C,3,0.03090,C,18,0.04422,C,25,1.95586,C,5,1.95907,C,56,1.95383,C,63,0.04390,C,5,0.03467,C,56,0.03970,C,63,2.968856604822806,1.27003,1.24622,-4.109506141106022,0.81265,0.87696,0.284973,0.390067,-4.733692543298,-0.4960635494615,4.2376289938365,2.11881449691825,0.4719620341726324,2.61487804637975,1.613540781267977
L183,free_ligand_L183_SP,22,8,True,0.08777777777777777,1.6398055555555555,,,,,1.96151,C,21,1.95264,C,23,1.96091,C,29,0.01989,C,21,0.04086,C,23,0.03053,C,29,1.96469,C,7,1.95356,C,9,1.95831,C,15,0.02222,C,7,0.04351,C,9,0.03057,C,15,2.2653525222357778,1.30611,1.30345,-2.7842501152489305,0.83743,0.81924,0.312054,0.32404,-5.1824082827725,-0.6043648619605,4.578043420812,2.289021710406,0.4368678529582979,2.8933865723665,1.828660213027401
L184,free_ligand_L184_SP,17,5,True,0.02775,0.53925,,,,,1.97891,C,16,1.97999,C,18,,,,0.02527,C,16,0.02953,C,18,,,,1.93588,C,2,1.96319,C,6,1.94954,C,9,0.05265,C,2,0.03669,C,6,0.02878,C,9,1.9369061051068015,1.35232,1.33919,-1.4736259831121221,-0.50859,0.83208,-0.147455,0.388068,-5.0730185148715,-0.765184147606,4.3078343672655,2.15391718363275,0.4642704035228604,2.91910133123875,1.978059473871751
L185,free_ligand_L185_SP,25,5,True,0.05036111111111111,1.0936666666666666,,,,,1.97906,C,24,1.97979,C,26,,,,0.02343,C,24,0.02990,C,26,,,,1.93233,C,2,1.96102,C,6,1.94888,C,13,0.05716,C,2,0.03676,C,6,0.02702,C,13,2.7928565985384926,1.35047,1.36627,-2.1637850468365425,-0.50869,0.82527,-0.14679,0.373652,-5.453705791721,-0.5991946988010001,4.85451109292,2.42725554646,0.41198793487502267,3.026450245261,1.886781369270899
L186,free_ligand_L186_SP,5,64,True,0.12141666666666667,3.6598333333333333,,,,,1.93028,C,2,1.94789,C,6,1.94940,C,13,0.05541,C,2,0.03816,C,6,0.03118,C,13,,,,,,,,,,,,,,,,,,,5.184872653209527,1.39579,1.42884,-5.478277062886125,0.7958,0.78746,0.319946,0.393881,-5.421052129661001,-2.0939160795975003,3.3271360500635003,1.6635680250317502,0.6011175887928685,3.7574841046292504,4.2434954820293616
L187,free_ligand_L187_SP,35,11,True,0.1855,3.256666666666667,,,,,1.95164,C,25,1.95568,C,36,1.95599,C,42,0.03849,C,25,0.04160,C,36,0.03168,C,42,1.95167,C,8,1.95567,C,12,1.95601,C,18,0.03848,C,8,0.04166,C,12,0.03164,C,18,4.306744815983413,1.27363,1.2736,-3.8068170504629717,0.86293,0.86299,0.378124,0.378001,-4.8188641785045,-0.6359300686185,4.182934109885999,2.0914670549429997,0.47813327856950333,2.7273971235615,1.7783438309560837
L188,free_ligand_L188_SP,27,22,True,0.23316666666666666,7.125694444444444,,,,,,,,,,,,,,,,,,,,,,,,,,,,,,,,,,,,,,,,,1.2769958887952617,1.32249,1.26688,-5.744278316559081,0.80797,0.86391,0.302011,0.374514,-4.6251191169485,-0.433749477697,4.1913696392515005,2.0956848196257503,0.47717098994808826,2.52943429732275,1.52647903075788
L189,free_ligand_L189_SP,20,7,True,0.051944444444444446,1.0385833333333334,,,,,1.94864,C,2,1.95835,C,21,1.96112,C,27,0.04099,C,2,0.03329,C,21,0.03518,C,27,1.95363,C,5,1.95501,C,8,1.96092,C,14,0.04261,C,5,0.04179,C,8,0.03057,C,14,2.019059023406696,1.28912,1.29819,-2.579065439119542,0.84104,0.82192,0.339211,0.370238,-4.996554522881,-0.6832778786055,4.313276644275501,2.1566383221377503,0.4636846103192482,2.83991620074325,1.8698369458745145
L190,free_ligand_L190_SP,12,71,True,0.12788888888888889,3.8654722222222224,,,,,1.96615,C,4,1.95053,C,11,1.93356,C,13,0.03762,C,4,0.02835,C,11,0.05503,C,13,,,,,,,,,,,,,,,,,,,1.6652339955693913,1.41732,1.37962,-5.462424033771478,0.76745,0.7752,0.328319,0.342031,-5.443365465402,-1.943437120271,3.499928345131,1.7499641725655,0.5714402704222052,3.6934012928364996,3.897569254211616
L191,free_ligand_L191_SP,9,29,True,0.17358333333333334,3.0145555555555554,,,,,1.95444,C,8,1.95353,C,10,1.94504,C,16,0.03303,C,8,0.03600,C,10,0.03558,C,16,1.95434,C,28,1.95023,C,30,1.94985,C,36,0.02987,C,28,0.03859,C,30,0.04311,C,36,3.5127021650006136,1.31882,1.30783,-3.7812402614763405,0.86385,0.85428,0.454776,0.463047,-5.129890309626,-0.8220559423605001,4.3078343672654995,2.1539171836327498,0.46427040352286053,2.9759731259932503,2.055885925868561
L192,free_ligand_L192_SP,65,5,True,0.09355555555555556,2.803972222222222,,,,,,,,,,,,,,,,,,,,,,,1.93152,C,2,1.97648,C,6,1.95050,C,13,0.06198,C,2,0.02842,C,6,0.02748,C,13,3.9744778348859864,1.39334,1.40361,-5.0289026527885206,0.75974,0.77281,0.29275,0.295876,-5.447175059309,-0.660148201313,4.7870268579960005,2.3935134289980002,0.4177958593775809,3.053661630311,1.9479417243832442
