Ligand#;distance_pi_bond_1;distance_pi_bond_2;dihedral_angle_1;dihedral_angle_2;NE_quad;NW_quad;SW_quad;SE_quad;+,+,+_octant;-,+,+_octant;-,-,+_octant;+,-,+_octant;+,-,-_octant;-,-,-_octant;-,+,-_octant;+,+,-_octant;bite_angle;cone_angle;distance_Rh_max_donor_gaussian;distance_Rh_min_donor_gaussian;buried_volume_Rh_3.5A;buried_volume_donor_max;buried_volume_donor_min;buried_volume_Rh_4A;buried_volume_Rh_5A;buried_volume_Rh_6A;buried_volume_Rh_7A;dispersion_p_int_Rh_gfn2_xtb;dispersion_p_int_donor_max_gfn2_xtb;dispersion_p_int_donor_min_gfn2_xtb;sasa_gfn2_xtb;ip_gfn2_xtb;dipole_gfn2_xtb;ea_gfn2_xtb;electrofugality_gfn2_xtb;nucleofugality_gfn2_xtb;nucleophilicity_gfn2_xtb;electrophilicity_gfn2_xtb;HOMO_LUMO_gap_gfn2_xtb;sum_electronic_and_free_energy_dft;sum_electronic_and_enthalpy_dft;zero_point_correction_dft;entropy_dft;dipole_moment_dft;lone_pair_occupancy_min_donor_dft;lone_pair_occupancy_max_donor_dft;dispersion_energy_dft;nbo_charge_Rh_dft;nbo_charge_min_donor_dft;nbo_charge_max_donor_dft;mulliken_charge_Rh_dft;mulliken_charge_min_donor_dft;mulliken_charge_max_donor_dft;homo_energy_dft;lumo_energy_dft;homo_lumo_gap_dft;hardness_dft;softness_dft;electronegativity_dft;electrophilicity_dft;min_NBO_donor;max_NBO_donor;min_bv_donor;max_bv_donor;Rh_donor_min_d;Rh_donor_max_d;std_quad;min_quad;max_quad;std_oct;min_oct;max_oct;ratio_std_oct_std_quad;ratio_min_oct_min_quad;lone_pair_occ_min;lone_pair_occ_max;bite_angle_sin;bite_angle_cos;cone_angle_sin;cone_angle_cos
L17;1.388727029;1.399945424;24.18099457;6.02395917;0.644614238;0.721161014;0.503494223;0.517377935;0.329575102;0.449496832;0.107389117;0.176714499;0.959653373;0.992825196;0.927366754;0.830273947;98.31465224;231.6444661;2.38736931;2.346828383;0.596388138;0.906232529;0.876316157;0.602100273;0.583076456;0.511485782;0.418932131;65.88771019;64.79215064;50.73723379;884.5560349;3.515083478;1.428870496;5.56589795;4.317135234;0.082153806;-3.515083478;0.802051756;0.076625186;-2866.358221;-2866.231472;0.79631;0.000425118;6.211881217;1.12166;1.15419;-5.256909319;-0.26915;1.26196;1.22196;-0.597744;0.562925;0.579856;-8.38355562;-4.21259452;4.1709611;2.08548055;0.479505791;6.29807507;9.509978307;1.22196;1.26196;0.876316157;0.906232529;2.346828383;2.38736931;0.104507766;0.503494223;0.721161014;0.37059509;0.107389117;0.992825196;3.54610098;0.213287685;1.12166;1.15419;-0.798789233;-0.601610972;-0.740215134;0.672370103
L32;1.389178185;1.389261232;-4.616787866;-4.948256999;0.518612561;0.516516027;0.519847186;0.516399553;0.076220649;0.180068953;0.17918375;0.077105852;0.961004473;0.852963101;0.853615356;0.96258852;91.26745686;222.3121588;2.334118645;2.333368482;0.517651649;0.8996168;0.899902162;0.520164794;0.50511455;0.457072883;0.381757968;52.95211357;58.0545758;57.66546743;863.5149927;3.663286655;1.96789438;5.616579801;4.512801174;0.078934717;-3.663286655;0.849514518;0.07419289;-2755.870848;-2755.750234;0.762891;0.000404541;8.743306963;1.12034;1.12062;-5.125367503;-0.28188;1.08669;1.08674;-0.541731;0.390673;0.391294;-8.470087825;-4.455864302;4.014223523;2.007111761;0.498228359;6.462976063;10.40551413;1.08669;1.08674;0.8996168;0.899902162;2.333368482;2.334118645;0.001678628;0.516399553;0.519847186;0.420424981;0.076220649;0.96258852;250.4574523;0.147600145;1.12034;1.12062;-0.160571764;-0.987024168;0.674966726;-0.737848168
L33;1.389043181;1.389068797;-8.17144219;-8.467586553;0.519404584;0.533987141;0.520709094;0.535594484;0.075335445;0.181047335;0.182165486;0.076407007;0.963473723;0.886926947;0.889023481;0.965011182;90.5299928;242.3027927;2.326484332;2.327489346;0.527773248;0.904118524;0.9041127;0.538494662;0.548782363;0.529868702;0.489859845;56.96867788;59.30070845;60.42020547;1110.218263;4.897318641;0.375626968;6.90297572;7.025680048;0.071385688;-4.897318641;2.128361407;0.075996449;-5598.228551;-5598.023379;0.840613;0.00068815;3.606458692;1.1188;1.11877;-6.095336436;-0.28688;1.087;1.08875;-0.583871;0.389757;0.389757;-8.71852777;-4.997370864;3.721156906;1.860578453;0.537467258;6.857949317;12.63893731;1.087;1.08875;0.9041127;0.904118524;2.326484332;2.327489346;0.00854854;0.519404584;0.535594484;0.429051958;0.075335445;0.965011182;50.19008429;0.145041933;1.11877;1.1188;0.544836528;-0.838542282;-0.389564209;-0.920999309
L34;1.38920899;1.389361942;-3.725967222;-3.818762497;0.516259784;0.516748975;0.5179836;0.515770593;0.073005963;0.180022363;0.178484905;0.075102497;0.959513604;0.853475587;0.85305628;0.960864704;91.58755947;222.8109737;2.335190635;2.333885375;0.516649972;0.898661713;0.89871995;0.519214357;0.504105437;0.456092113;0.383055908;53.04698376;57.95201236;58.25583271;957.2948698;3.513309211;2.054784816;5.500708416;4.272962805;0.104945178;-3.513309211;0.759653594;0.074014928;-2912.739848;-2912.598881;0.871835;0.000472806;10.84923855;1.11818;1.11867;-5.515785239;-0.407;1.21895;1.21896;-0.536323;0.395618;0.395384;-8.331581875;-4.321712174;4.009869701;2.00493485;0.498769324;6.326647024;9.981985838;1.21895;1.21896;0.898661713;0.89871995;2.333885375;2.335190635;0.00094996;0.515770593;0.5179836;0.420804255;0.073005963;0.960864704;442.9705102;0.141547355;1.11818;1.11867;-0.462996155;-0.886360288;0.239746478;-0.97083553
L35;1.389475521;1.389493709;-4.213739784;-4.193059013;0.514768915;0.521151696;0.515537644;0.520615915;0.071934402;0.184401789;0.183982482;0.072540067;0.957603429;0.857901603;0.857249348;0.958535222;91.82377475;230.8333568;2.334401649;2.334583633;0.517727357;0.898871366;0.899279025;0.520389796;0.51555651;0.483893827;0.426590261;54.38234807;57.9754991;58.56195684;1015.394957;3.437520991;2.172260206;5.43105954;4.146608318;0.124027787;-3.437520991;0.709087327;0.074641652;-3069.606439;-3069.446592;0.98082;0.000536129;2.991824388;1.1188;1.11883;-6.024622427;-0.28127;1.091;1.09096;-0.521833;0.38884;0.389359;-8.272805283;-4.264296151;4.008509132;2.004254566;0.498938616;6.268550717;9.802828633;1.09096;1.091;0.898871366;0.899279025;2.334401649;2.334583633;0.003330562;0.514768915;0.521151696;0.420579568;0.071934402;0.958535222;126.2788562;0.139741154;1.1188;1.11883;-0.657569246;-0.753394111;-0.997285146;-0.073636529
L36;1.3888023;1.389141524;-4.27463754;-3.926050712;0.521687477;0.523318114;0.524482855;0.521105106;0.080833023;0.187243757;0.187430116;0.083162505;0.962541931;0.859392471;0.854780097;0.965803205;91.94235997;223.5096036;2.328633855;2.33230214;0.522520266;0.900746599;0.902330647;0.524951896;0.510305966;0.462379246;0.385571378;53.29309931;57.88547947;56.35710207;876.9940207;3.313699953;0.032755865;5.252362749;3.908697434;0.188634732;-3.313699953;0.594997481;0.076207933;-2760.582989;-2760.456901;0.855613;0.000422901;8.928515322;1.11988;1.11923;-5.268053538;-0.28593;1.08466;1.08467;-0.538405;0.383973;0.386677;-8.485054086;-4.318991035;4.166063051;2.083031526;0.480069547;6.402022561;9.838039503;1.08466;1.08467;0.900746599;0.902330647;2.328633855;2.33230214;0.001540441;0.521105106;0.524482855;0.418640109;0.080833023;0.965803205;271.7664799;0.155118463;1.11923;1.11988;-0.742083304;-0.670307669;-0.440831825;-0.897589718
L37;1.389387752;1.389340798;5.271677978;5.105783897;0.510622438;0.516632501;0.510832091;0.51542117;0.176714499;0.075708163;0.074636601;0.176854268;0.844530376;0.957556839;0.95620574;0.844809914;92.10840527;222.5965028;2.332982944;2.33292553;0.513342108;0.897141726;0.897502795;0.515928558;0.501058387;0.45259649;0.376294382;52.03819578;57.05361732;57.39634884;830.8424176;3.468867397;0.506195173;5.348391102;4.133414004;0.162155506;-3.468867397;0.664546608;0.076147211;-2825.620834;-2825.499104;0.700406;0.000408284;3.235272491;1.12029;1.12044;-4.601110909;-0.28929;1.09012;1.09031;-0.536859;0.395172;0.396012;-8.322874231;-4.382665676;3.940208555;1.970104278;0.507587345;6.352769954;10.24252537;1.09012;1.09031;0.897141726;0.897502795;2.33292553;2.332982944;0.003100596;0.510622438;0.516632501;0.418080596;0.074636601;0.957556839;134.8387736;0.146167883;1.12029;1.12044;-0.842667475;-0.53843433;0.440877072;-0.897567495
L38;1.389574689;1.389560167;5.611686268;5.576834788;0.513883712;0.515118338;0.514699031;0.514489378;0.177087216;0.073145732;0.072307119;0.177273574;0.850680209;0.957090943;0.956671636;0.852124488;91.86575793;231.2604797;2.331336077;2.331481202;0.514728149;0.897264023;0.897828923;0.517007014;0.5120187;0.478818767;0.419923376;53.85105504;58.73856078;59.36779092;997.2826951;3.219682438;0.517795727;5.146236388;3.750169572;0.230250746;-3.219682438;0.530487134;0.076496871;-3139.351155;-3139.194135;0.919167;0.000526648;3.15310355;1.11816;1.11816;-5.460862138;-0.42619;1.20764;1.20768;-0.54149;0.396087;0.396614;-8.178653891;-4.163069799;4.015584092;2.007792046;0.498059549;6.170861845;9.482938232;1.20764;1.20768;0.897264023;0.897828923;2.331336077;2.331481202;0.000514072;0.513883712;0.515118338;0.42025623;0.072307119;0.957090943;817.5044936;0.140707163;1.11816;1.11816;-0.68861041;-0.725131508;-0.938194628;0.346108133
L39;1.38964221;1.389485954;6.117127228;7.581954387;0.542396571;0.538226798;0.520033545;0.553834327;0.196701454;0.103848304;0.129798733;0.176155423;0.888091688;0.972605293;0.977869922;0.863911666;90.8211261;256.7059609;2.319125554;2.325521924;0.538995527;0.906779957;0.903134318;0.559819378;0.586103797;0.577277881;0.540098086;64.2211773;64.81266393;65.80290966;1265.523422;3.280478558;0.963844026;5.341388036;3.92036658;0.144499987;-3.280478558;0.639888023;0.07614337;-4537.427411;-4537.197741;1.73372;0.000770317;1.790588493;1.11148;1.10835;-9.37492744;-0.25078;1.07915;1.09085;-0.714771;0.398854;0.392111;-8.104911037;-4.031910923;4.073000114;2.036500057;0.491038533;6.06841098;9.041397198;1.07915;1.09085;0.903134318;0.906779957;2.319125554;2.325521924;0.014039814;0.520033545;0.553834327;0.416392496;0.103848304;0.977869922;29.65797837;0.199695395;1.10835;1.11148;0.28121585;-0.959644541;-0.786200694;0.617971252
L41;1.389146133;1.389062482;-5.705058562;-3.268312319;0.551085539;0.533800783;0.536339918;0.527324823;0.127096534;0.203130824;0.182398435;0.102077898;0.975074543;0.864470742;0.872251211;0.970601938;91.08660045;258.4516671;2.31929495;2.317522763;0.537440598;0.907187616;0.903972931;0.557716777;0.582579783;0.573606513;0.537986087;62.91056487;65.84372981;66.08218385;1261.154586;3.149328086;1.052088183;5.227263665;3.712224944;0.181633192;-3.149328086;0.562896858;0.075139492;-4389.610936;-4389.380661;1.766935;0.000772346;6.161740666;1.11047;1.11131;-9.415569951;-0.23877;1.08116;1.13366;-0.694515;0.393008;0.38565;-8.125047462;-4.00061783;4.124429632;2.062214816;0.484915535;6.062832646;8.912247989;1.08116;1.13366;0.903972931;0.907187616;2.317522763;2.31929495;0.010043343;0.527324823;0.551085539;0.412992431;0.102077898;0.975074543;41.12101076;0.193576888;1.11047;1.11131;0.019585252;-0.999808191;0.745356549;0.666666044
L42;1.389217468;1.392737107;11.75773443;-4.305781021;0.525833955;0.48003634;0.505893589;0.53804044;0.090057771;0.100680209;0.195350354;0.11982855;0.961610138;0.859392471;0.880730526;0.891958628;90.18643639;227.674923;2.351347136;2.334688544;0.512451081;0.914979734;0.889075895;0.515191484;0.506423244;0.474416073;0.416304942;50.71776891;58.3454033;54.60909633;997.9544802;3.154271365;0.666939444;5.104412886;3.656989898;0.244305646;-3.154271365;0.502718533;0.076088721;-2991.535008;-2991.3766;0.952058;0.000531303;6.978884887;1.12432;1.1241;-5.507858307;-0.25816;1.10387;1.10558;-0.479403;0.369385;0.349114;-8.299744554;-4.137491097;4.162253457;2.081126729;0.480508941;6.218617825;9.290930516;1.10387;1.10558;0.889075895;0.914979734;2.334688544;2.351347136;0.025348457;0.48003634;0.53804044;0.414805393;0.090057771;0.961610138;16.36412821;0.187606153;1.1241;1.12432;0.795450482;-0.606018589;0.995903657;0.090420718
L43;1.387962878;1.393124248;-2.595645669;10.71755212;0.525670891;0.47225587;0.520219903;0.54509877;0.096393962;0.092433843;0.198704808;0.12108647;0.95494782;0.852077898;0.891492732;0.919353336;88.78113144;256.1784186;2.345927854;2.32177587;0.515537644;0.920989797;0.89314084;0.526220439;0.545362808;0.536590095;0.502820742;57.00902844;66.71307504;61.74614034;1286.454526;3.127541277;0.41065663;5.218617433;3.683414674;0.183255964;-3.127541277;0.555873397;0.075243685;-4153.415911;-4153.182357;1.70089;0.000783344;3.70900177;1.11898;1.12276;-8.860936292;-0.26766;1.08699;1.08886;-0.492907;0.358249;0.338602;-7.737557339;-4.005243766;3.732313573;1.866156787;0.535860656;5.871400552;9.236454485;1.08699;1.08886;0.89314084;0.920989797;2.32177587;2.345927854;0.030937995;0.47225587;0.54509877;0.417718705;0.092433843;0.95494782;13.50180249;0.195728309;1.11898;1.12276;0.728779014;0.684748968;-0.990407991;0.138173842
L44;1.392151084;1.395117411;4.297271079;8.850679225;0.459816437;0.480968133;0.467899739;0.508665673;0.134690645;0.066483414;0.085911293;0.128540813;0.784942229;0.895452851;0.931420052;0.807258666;90.12444651;231.7799548;2.340454687;2.344307706;0.479529678;0.874778699;0.873037411;0.479536497;0.458015357;0.413170665;0.339298116;46.61349148;51.6194267;50.29376571;783.2040182;3.424935723;0.393824569;5.173501228;3.993179503;0.240742551;-3.424935723;0.56824378;0.081317663;-2669.07984;-2668.96305;0.611896;0.000391716;7.717672259;1.13983;1.13993;-3.782966642;-0.24975;1.02731;1.01985;-0.358862;0.385213;0.373662;-8.558524826;-4.368515756;4.19000907;2.095004535;0.477325936;6.463520291;9.970645374;1.01985;1.02731;0.873037411;0.874778699;2.340454687;2.344307706;0.021406346;0.459816437;0.508665673;0.404533171;0.066483414;0.931420052;18.89781505;0.144586858;1.13983;1.13993;0.831465579;-0.55557627;-0.642611299;0.766192351
L45;1.389749829;1.389521129;-6.685076364;-6.35125628;0.561731271;0.531634365;0.55858647;0.527953783;0.147456206;0.201267238;0.186451733;0.134737234;0.976006336;0.862001491;0.869455833;0.982435706;90.44798289;258.5300831;2.325917139;2.323694448;0.54520942;0.904287411;0.906389769;0.56501381;0.597838684;0.589829471;0.548882662;65.77382084;66.63120057;65.61523669;1259.704699;3.148008905;0.84535905;5.217054866;3.705445653;0.186381882;-3.148008905;0.557436748;0.075483568;-4389.612577;-4389.381241;1.766223;0.000775905;5.421681877;1.10905;1.10976;-9.439715772;-0.2877;1.08195;1.08611;-0.733431;0.39408;0.384402;-8.148721367;-3.988916934;4.159804433;2.079902216;0.480791833;6.068819151;8.85391765;1.08195;1.08611;0.904287411;0.906389769;2.323694448;2.325917139;0.017642176;0.527953783;0.561731271;0.406367825;0.134737234;0.982435706;23.03388373;0.255206494;1.10905;1.10976;0.611697089;-0.791092075;0.795289824;0.606229409
L46;1.390074215;1.39024858;-8.507546689;-10.19325356;0.554836004;0.531401416;0.551877562;0.516981923;0.132221394;0.196561685;0.178345136;0.124394335;0.977450615;0.866241148;0.85561871;0.97936079;90.31098897;257.1989231;2.326590342;2.327133868;0.539275065;0.903617685;0.904537831;0.556324095;0.578350178;0.567994013;0.525765244;63.66591277;65.72343628;66.48025993;1240.62467;3.04357537;0.069260745;5.046800021;3.506414075;0.262038683;-3.04357537;0.462838705;0.076712938;-3932.556499;-3932.340496;1.633272;0.000724478;6.728549985;1.11334;1.11272;-8.50625886;-0.28453;1.08962;1.08757;-0.720778;0.387961;0.390065;-8.185184623;-3.98293043;4.202254193;2.101127097;0.475935036;6.084057526;8.808547575;1.08757;1.08962;0.903617685;0.904537831;2.326590342;2.327133868;0.017878674;0.516981923;0.554836004;0.410260015;0.124394335;0.97936079;22.94689308;0.240616411;1.11272;1.11334;0.714002236;-0.700143419;-0.400144482;0.916452068
L47;1.389580032;1.392563819;13.64962129;-5.659732601;0.530073612;0.479686918;0.505054976;0.526742452;0.093458815;0.107389117;0.198704808;0.119176295;0.966688408;0.851984719;0.854780097;0.890933656;90.44709394;247.8346392;2.349203524;2.345021932;0.510220602;0.909732575;0.890083395;0.521627304;0.534489215;0.509050297;0.453018706;52.18970596;62.21923048;57.04726997;1157.311014;3.464915901;0.643228136;5.45103877;4.188921263;0.118966592;-3.464915901;0.724005362;0.076705017;-4049.1848;-4048.991922;1.1254;0.000646916;5.124622043;1.12639;1.12067;-6.470635083;-0.2781;1.08922;1.09312;-0.516664;0.364086;0.349074;-8.181919257;-4.298582496;3.88333676;1.94166838;0.515021005;6.240250877;10.0276472;1.08922;1.09312;0.890083395;0.909732575;2.345021932;2.349203524;0.023280815;0.479686918;0.530073612;0.409660199;0.093458815;0.966688408;17.59647181;0.194832945;1.12067;1.12639;0.612400088;-0.790547995;0.344006435;-0.93896729
L48;1.393914628;1.394239493;5.548385963;4.636151707;0.530446329;0.45944372;0.530423034;0.457766493;0.109066344;0.103242639;0.10175177;0.109112933;0.951826314;0.815644801;0.813781215;0.951733135;89.10539642;234.4716877;2.373643865;2.371754249;0.49435683;0.897491148;0.8980444;0.498161194;0.47973495;0.442723026;0.383055197;50.56159273;55.86177368;57.32670299;898.4736366;3.413280877;0.775053281;5.326127424;4.059284761;0.165876461;-3.413280877;0.646003884;0.072844439;-2906.365925;-2906.235179;0.799552;0.000438524;4.566810066;1.13822;1.13669;-4.967469169;-0.26604;1.06791;1.07101;-0.444246;0.351292;0.351888;-8.198246088;-4.366338845;3.831907243;1.915953621;0.521933302;6.282292466;10.29962265;1.06791;1.07101;0.897491148;0.8980444;2.371754249;2.373643865;0.041476478;0.457766493;0.530446329;0.418790735;0.10175177;0.951826314;10.09706601;0.222278763;1.13669;1.13822;0.908968164;0.416865537;0.911847181;-0.410529803
L49;1.394510399;1.394370581;5.40719775;5.431450572;0.534942229;0.458791465;0.53484905;0.459001118;0.113865076;0.102497205;0.102497205;0.113958256;0.956019381;0.815085725;0.815505032;0.955739843;89.36178704;243.0673852;2.373698307;2.374570399;0.496837728;0.897991987;0.897881336;0.500430606;0.490476491;0.464045988;0.41567732;52.01438174;58.4153853;56.48938939;1071.613729;3.144604123;1.36668534;5.118865725;3.65296781;0.235497962;-3.144604123;0.508363687;0.072401805;-3220.096021;-3219.929623;1.018513;0.000558102;1.466844296;1.13634;1.1359;-5.806757937;-0.25674;1.08576;1.08601;-0.461528;0.354113;0.354607;-7.991711675;-4.135858414;3.855853262;1.927926631;0.518691938;6.063785045;9.536018767;1.08576;1.08601;0.897881336;0.897991987;2.373698307;2.374570399;0.043878344;0.458791465;0.534942229;0.418934565;0.102497205;0.956019381;9.547638479;0.223406957;1.1359;1.13634;0.984968706;0.172732884;-0.918689967;-0.394979423
L50;1.387810198;1.391807264;9.117102554;-5.96358567;0.534196795;0.45872158;0.547964033;0.525670891;0.109066344;0.081811405;0.190132315;0.143868804;0.959327246;0.835631755;0.861209467;0.952059262;88.85811008;253.9951101;2.338556818;2.312874412;0.516312197;0.916028;0.89824823;0.536698529;0.570722699;0.567127761;0.535505485;60.06414981;68.50963844;62.60927385;1303.944198;3.101255835;1.832484834;5.232657769;3.661446562;0.173532958;-3.101255835;0.560190727;0.075795007;-4618.180521;-4617.938454;1.83186;0.000811897;2.926654893;1.11568;1.11831;-9.754522424;-0.39843;1.21514;1.22982;-0.54932;0.327666;0.334625;-7.878784427;-3.962794005;3.915990423;1.957995211;0.510726479;5.920789216;8.95194859;1.21514;1.22982;0.89824823;0.916028;2.312874412;2.338556818;0.039688522;0.45872158;0.547964033;0.415211412;0.081811405;0.959327246;10.46175029;0.178346536;1.11568;1.11831;0.779279814;0.626676129;0.456355358;-0.88979761
L51;1.385467305;1.39634386;-2.445255608;-5.762660484;0.475004659;0.480735184;0.511018449;0.549548081;0.093505404;0.09918934;0.147968692;0.195303764;0.856503914;0.862281029;0.951127469;0.826733135;89.98334874;223.6568951;2.333149335;2.405670229;0.504082417;0.906302413;0.917577106;0.509760412;0.485874381;0.408932378;0.308247895;50.37417845;59.65970429;59.61071068;711.8328961;3.253033768;0.199929735;4.701624599;3.608589883;0.499931516;-3.253033768;0.355556115;0.077602732;-2226.108198;-2225.996238;0.747406;0.000375516;4.563988745;1.17096;1.14671;-3.930067405;-0.26015;1.05645;1.05065;-0.487528;0.317327;0.321757;-8.534034579;-4.346746648;4.187287931;2.093643966;0.477636129;6.440390614;9.905846442;1.05065;1.05645;0.906302413;0.917577106;2.333149335;2.405670229;0.034185008;0.475004659;0.549548081;0.39841347;0.093505404;0.951127469;11.65462563;0.196851551;1.14671;1.17096;0.901333375;-0.433126017;-0.567788408;-0.823174541
L52;1.389033182;1.389061863;-5.658645328;-5.581486914;0.5179836;0.509457697;0.519940365;0.508572493;0.076639955;0.176621319;0.175829296;0.078922848;0.959327246;0.842294074;0.841315691;0.960957883;91.01959816;221.9958059;2.328430196;2.32776979;0.514233135;0.89887719;0.899226612;0.516653994;0.500299581;0.451913919;0.375445455;52.59780782;57.96461815;57.18712656;839.6641665;3.390390709;0.277902021;5.247445959;3.991690939;0.199854271;-3.390390709;0.60130023;0.075566883;-2715.843476;-2715.72408;0.74242;0.000400456;5.51916626;1.12008;1.12047;-4.701106235;-0.28222;1.08757;1.08733;-0.544025;0.396868;0.397638;-8.533218238;-4.356542747;4.176675491;2.088337746;0.478849746;6.444880492;9.944867549;1.08733;1.08757;0.89887719;0.899226612;2.32776979;2.328430196;0.005809384;0.508572493;0.519940365;0.417776427;0.076639955;0.960957883;71.91406602;0.150696225;1.12008;1.12047;0.086480633;-0.996253532;0.871018843;-0.491249606
L53;1.391548381;1.389716142;-16.36647244;-16.16677688;0.554579761;0.519451174;0.55539508;0.529211703;0.137765561;0.149319791;0.094250839;0.176434961;0.971393962;0.889582557;0.964172568;0.934355199;84.75121347;220.9726869;2.332377832;2.339179171;0.53972349;0.875186359;0.893455321;0.546008938;0.509799439;0.408712413;0.297559105;53.40101521;55.76654991;63.36791325;670.0514749;3.096383355;1.551338701;4.022852656;3.261186311;0.9879503;-3.096383355;0.164802956;0.080993456;-1926.207161;-1926.10345;0.761223;0.000347848;4.257214278;1.18443;1.17994;-3.499044786;-0.29661;1.04549;1.03201;-0.715446;0.196975;0.233738;-8.947647632;-4.643894973;4.30375266;2.15187633;0.464710721;6.795771302;10.73075319;1.03201;1.04549;0.875186359;0.893455321;2.332377832;2.339179171;0.018145298;0.519451174;0.55539508;0.429125622;0.094250839;0.971393962;23.64941109;0.181443115;1.17994;1.18443;0.071726532;-0.997424335;0.872942061;0.487823901
L55;1.388588954;1.388620769;8.543906204;8.796778364;0.497577339;0.42198565;0.49748416;0.42144987;0.122950056;0.041651137;0.040905703;0.123415952;0.872204622;0.802320164;0.801994037;0.871552367;82.90504847;229.2463581;2.312230996;2.312139908;0.459373835;0.863562244;0.863655423;0.457327292;0.419127038;0.337251122;0.254162089;45.47793109;55.37261554;56.78980648;676.8032601;3.172184935;0.262953331;4.608143601;3.487807354;0.553478818;-3.172184935;0.315622419;0.088510921;-1995.219746;-1995.123406;0.6366;0.000323126;9.523437125;1.17922;1.17934;-3.292745366;-0.27839;1.08561;1.08581;-0.502701;0.286897;0.287564;-9.012138615;-4.692875466;4.319263149;2.159631574;0.463041943;6.85250704;10.87149616;1.08561;1.08581;0.863562244;0.863655423;2.312139908;2.312230996;0.043771213;0.42144987;0.497577339;0.40549391;0.040905703;0.872204622;9.263940436;0.097059475;1.17922;1.17934;0.940343825;0.340225648;0.089784543;-0.995961212
L56;1.38922468;1.388497704;11.69315362;-4.468213659;0.490845136;0.565574916;0.509387812;0.502585725;0.097232575;0.155795751;0.128447633;0.068440179;0.884457697;0.975354081;0.876723817;0.950335445;83.64344184;213.5336292;2.30937519;2.303599377;0.517092574;0.876380218;0.86063292;0.519827292;0.488379427;0.409526509;0.320946927;55.3372679;59.58756655;52.47170255;764.294761;3.134510095;1.117705889;4.948354132;3.566434201;0.329569974;-3.134510095;0.431924106;0.082054246;-2295.131221;-2295.021255;0.62661;0.000368828;3.489468786;1.12982;1.12555;-3.436033738;-0.24479;1.0703;1.06545;-0.480316;0.323781;0.348691;-8.561790192;-4.312460303;4.249329889;2.124664945;0.470662446;6.437125247;9.751321392;1.06545;1.0703;0.86063292;0.876380218;2.303599377;2.30937519;0.033212836;0.490845136;0.565574916;0.434436652;0.068440179;0.975354081;13.0803842;0.139433345;1.12555;1.12982;0.924438242;-0.381331793;-0.09452989;0.995522024
L59;1.395640433;1.389970499;14.70875122;5.029823443;0.559285315;0.476984719;0.539228476;0.57410082;0.228801714;0.129985091;0.177459933;0.173639583;0.889768915;0.823984346;0.970741707;0.904817369;96.38342375;241.6316849;2.343582538;2.334425683;0.537749255;0.92369782;0.889774739;0.543487369;0.543015436;0.510312259;0.446709751;50.64473765;0;52.94272316;985.54439;3.125647997;0.500981542;5.09768322;3.621755597;0.24442438;-3.125647997;0.4961076;0.076657265;-2956.655228;-2956.501791;0.987105;0.00051463;6.043276019;1.12286;1.12699;-5.844285659;-0.27828;1.07838;1.07827;-0.550386;0.411184;0.384326;-8.389814239;-4.165518823;4.224295415;2.112147708;0.473451737;6.277666531;9.329152723;1.07827;1.07838;0.889774739;0.92369782;2.334425683;2.343582538;0.042736661;0.476984719;0.57410082;0.387698944;0.129985091;0.970741707;9.071811672;0.272514162;1.12286;1.12699;0.844670073;-0.535287277;0.267646346;-0.96351722
L64;1.388968885;1.386543262;14.86559584;8.940507778;0.532146851;0.557491614;0.536549571;0.467713381;0.179509877;0.146244875;0.02185054;0.171543049;0.884783824;0.968738353;0.913576221;0.901556094;83.73938367;244.9947671;2.297078895;2.307650825;0.523457883;0.876490868;0.917076267;0.545380485;0.557241572;0.495050796;0.378940073;56.54637789;62.10345211;63.90355417;752.7142314;3.290298224;0.956152788;4.939185504;3.737888094;0.354404366;-3.290298224;0.44758987;0.08327555;-2377.899543;-2377.786781;0.748426;0.000378206;2.979828217;1.19053;1.19394;-4.266852745;-0.2723;1.05721;1.0637;-0.459339;0.229036;0.239124;-8.750909318;-4.577227079;4.173682239;2.086841119;0.479193165;6.664068199;10.64043749;1.05721;1.0637;0.876490868;0.917076267;2.297078895;2.307650825;0.038784162;0.467713381;0.557491614;0.424268373;0.02185054;0.968738353;10.93921732;0.0467178;1.19053;1.19394;0.883657286;-0.468134383;-0.049439717;0.998777109
L65;1.38698321;1.387779662;4.511383099;1.642669291;0.511833768;0.528838986;0.467969624;0.509597466;0.073611629;0.113492359;0.138278047;0.112234439;0.950055908;0.944185613;0.880916884;0.823704808;84.108962;209.9323443;2.300048637;2.309190982;0.504431839;0.882896944;0.890397876;0.505376761;0.479616695;0.405115878;0.312215008;48.96339066;51.98380654;55.86347196;741.3946582;3.339656263;0.36926402;5.133824096;3.878619951;0.251139592;-3.339656263;0.538963688;0.080998238;-2144.96344;-2144.861502;0.618103;0.000341902;3.206869149;1.13229;1.13093;-3.465100167;-0.29016;1.08205;1.07344;-0.515584;0.367074;0.321367;-8.811318593;-4.573961713;4.23735688;2.11867844;0.471992343;6.692640153;10.57060651;1.07344;1.08205;0.882896944;0.890397876;2.300048637;2.309190982;0.025862512;0.467969624;0.528838986;0.42459517;0.073611629;0.950055908;16.41739883;0.157300015;1.13093;1.13229;0.654891958;-0.755722517;0.526402224;-0.850235672
L66;1.388459814;1.38865366;-7.032748287;-3.6510427;0.45876817;0.441716362;0.438711331;0.45881476;0.086144242;0.091269102;0.089172568;0.02445956;0.831392098;0.792163623;0.828456951;0.852963101;84.06925172;214.4858149;2.31977022;2.320390525;0.449473537;0.869880963;0.820088287;0.453250109;0.430243054;0.350709783;0.250129509;46.55442399;60.11801401;51.07933665;645.5515502;3.044752197;1.789385934;4.0284949;3.205300461;0.978053364;-3.044752197;0.160548264;0.087597694;-1769.363745;-1769.268063;0.648188;0.000320919;8.588411432;1.18449;1.17112;-2.838633633;-0.28429;1.05483;1.0465;-0.449797;0.285037;0.224012;-8.957715845;-4.713556118;4.244159726;2.122079863;0.471235799;6.835635981;11.00946295;1.0465;1.05483;0.820088287;0.869880963;2.31977022;2.320390525;0.010795741;0.438711331;0.45881476;0.403644609;0.02445956;0.852963101;37.38924384;0.055753199;1.17112;1.18449;0.684377741;-0.729127635;0.756218562;0.654319102
L67;1.388970932;1.38813943;-0.759217391;-11.27052957;0.420215244;0.502981737;0.412574543;0.514303019;0.036479687;0.119409243;0.133898621;0.054975773;0.803950801;0.88655423;0.894707417;0.770173313;85.45464663;215.39098;2.34766672;2.313965015;0.462670052;0.852648621;0.840395546;0.460139811;0.416799376;0.318370448;0.223765107;44.40816056;54.8641893;50.12893104;635.9631889;4.092304683;2.697613394;5.340733599;4.823385449;0.236347168;-4.092304683;0.731080766;0.05245592;-1873.953003;-1873.858516;0.561993;0.000316911;6.997809877;1.16403;1.17295;-2.806265924;-0.28527;1.05101;1.04939;-0.49052;0.306917;0.307066;-9.040982683;-5.322002688;3.718979995;1.859489997;0.537781866;7.181492685;13.86773719;1.04939;1.05101;0.840395546;0.852648621;2.313965015;2.34766672;0.053550208;0.412574543;0.514303019;0.40552192;0.036479687;0.894707417;7.572742226;0.088419627;1.16403;1.17295;-0.590473152;-0.807057282;0.981646829;-0.190707898
L68;1.387684257;1.387973663;11.64338605;11.20042956;0.415998882;0.498625606;0.416744316;0.502772083;0.045238539;0.10957883;0.107156168;0.043235184;0.786759225;0.887672382;0.898387999;0.790253448;84.51968464;216.6050997;2.294239918;2.296418203;0.458517751;0.844291605;0.844588613;0.45663677;0.428069124;0.371650642;0.280543569;48.24347895;56.06771778;56.74864049;705.4723416;3.44787548;0.082962901;4.758354497;3.847079217;0.48684924;-3.44787548;0.399203736;0.077917565;-1921.504489;-1921.40302;0.672024;0.000340329;5.194953333;1.15571;1.15511;-3.094022479;-0.2689;1.0763;1.07617;-0.508419;0.352126;0.352514;-8.961525439;-4.830837188;4.130688251;2.065344125;0.484180814;6.896181313;11.51317016;1.07617;1.0763;0.844291605;0.844588613;2.294239918;2.296418203;0.048716728;0.415998882;0.502772083;0.411256475;0.043235184;0.898387999;8.441791776;0.10393101;1.15511;1.15571;0.298687433;-0.954350993;0.164048531;-0.986452269
L69;1.387806058;1.387754467;11.31414116;11.17938148;0.414275065;0.496692136;0.414624488;0.498299478;0.043747671;0.108879985;0.107156168;0.042955647;0.78480246;0.884504286;0.889442788;0.786293328;84.5274516;216.6586956;2.29514894;2.295513248;0.456036852;0.842317369;0.842113539;0.45423934;0.42285997;0.341162865;0.235524129;46.60365337;54.11843066;54.18357971;603.4922644;3.471640567;0.081671332;4.738749735;3.866983797;0.502593496;-3.471640567;0.39534323;0.077988186;-1764.665148;-1764.577373;0.557631;0.000294399;8.797733168;1.16194;1.16157;-2.701799738;-0.26822;1.06406;1.06394;-0.497865;0.325673;0.325739;-9.044520163;-4.906756952;4.137763211;2.068881605;0.483352937;6.975638558;11.75986416;1.06394;1.06406;0.842113539;0.842317369;2.29514894;2.295513248;0.04795135;0.414275065;0.498299478;0.409081768;0.042955647;0.889442788;8.531183486;0.10368871;1.16157;1.16194;0.291266092;-0.956642077;0.110968482;-0.993823926
L70;1.393598105;1.393488217;-6.557204508;-6.697412157;0.5863306;0.495969996;0.587658405;0.495177972;0.216082743;0.175409989;0.176667909;0.215477078;0.956578457;0.816530004;0.813688036;0.959839732;101.0725901;231.5622894;2.375945564;2.375328903;0.540969763;0.906448006;0.90687896;0.54529514;0.531716124;0.482335934;0.402335011;54.1612958;55.71261449;56.75907013;831.505264;3.431026057;0.689972031;5.35261438;4.093766717;0.15612628;-3.431026057;0.662740661;0.075439079;-2604.845674;-2604.729873;0.762274;0.000388398;3.771302344;1.13661;1.13693;-4.887580806;-0.26989;1.07097;1.06729;-0.556057;0.367462;0.367517;-8.696758662;-4.3497399;4.347018762;2.173509381;0.460085431;6.523249281;9.788957333;1.06729;1.07097;0.906448006;0.90687896;2.375328903;2.375945564;0.052785435;0.495177972;0.587658405;0.373465891;0.175409989;0.959839732;7.075169358;0.354236252;1.13661;1.13693;0.515529247;0.856871983;-0.79290819;0.609341122
L75;1.388033254;1.397111841;-17.65556947;-6.091367138;0.566972605;0.526299851;0.524273202;0.565178904;0.181653;0.121319419;0.23457883;0.152441297;0.95229221;0.931280283;0.895778979;0.896105106;98.34871583;234.2187407;2.383104484;2.368125908;0.545716083;0.917705227;0.908905609;0.549263702;0.540697629;0.507487868;0.444866022;51.22412449;60.55237672;61.85325206;1000.014809;3.149785213;0.983494322;5.110404157;3.654774364;0.240584995;-3.149785213;0.504989151;0.074968497;-2918.575618;-2918.422068;0.980353;0.000515009;1.959151168;1.12775;1.14581;-5.725048896;-0.27476;1.07592;1.06586;-0.552919;0.403165;0.325372;-8.498931893;-4.174226467;4.324705426;2.162352713;0.462459244;6.33657918;9.284386275;1.06586;1.07592;0.908905609;0.917705227;2.368125908;2.383104484;0.023575577;0.524273202;0.566972605;0.400607805;0.121319419;0.95229221;16.99249224;0.231404959;1.12775;1.14581;-0.818814915;-0.574057605;0.985569874;-0.169269087
L78;1.390479422;1.39025893;-0.991113432;0.725024019;0.512439433;0.434727917;0.512346254;0.442275438;0.070490123;0.079761461;0.083907939;0.069371972;0.954388744;0.789694372;0.800642937;0.955320537;86.24148038;207.8631415;2.336330019;2.333159688;0.475511321;0.874353569;0.87070793;0.476328285;0.452626849;0.40494807;0.330614586;49.04415561;56.7207696;56.84375009;776.2947944;3.431497877;0.216865979;5.236319137;4.031852482;0.210035468;-3.431497877;0.600354605;0.078382388;-2259.023958;-2258.917475;0.637996;0.000357146;6.955209642;1.10909;1.10653;-3.647448812;-0.26642;1.10884;1.11185;-0.551775;0.383059;0.392155;-8.691588499;-4.482803573;4.208784926;2.104392463;0.475196532;6.587196036;10.30966238;1.10884;1.11185;0.87070793;0.874353569;2.333159688;2.336330019;0.042772231;0.434727917;0.512439433;0.431430262;0.069371972;0.955320537;10.08669059;0.159575609;1.10653;1.10909;-0.988422086;-0.151729299;0.495166411;0.86879815
L80;1.390151974;1.389184619;2.458507845;7.299504451;0.468086098;0.56578457;0.523807305;0.549781029;0.160547894;0.182677972;0.124254566;0.15984905;0.775624301;0.948891167;0.975307492;0.887765561;96.22692975;222.9998525;2.314377417;2.317892606;0.526713334;0.862263558;0.875256243;0.525758798;0.496044354;0.42295569;0.336973352;53.45443878;55.45845513;67.24104846;824.7139963;3.335702016;0.167259378;5.134161645;3.874349016;0.250485355;-3.335702016;0.538647;0.086339621;-2411.594277;-2411.478716;0.6904;0.000387593;8.04053612;1.13273;1.13445;-3.756921928;-0.28543;1.0728;1.06909;-0.631842;0.3062;0.34118;-8.865469249;-4.528246586;4.337222663;2.168611332;0.461124585;6.696857918;10.34023601;1.06909;1.0728;0.862263558;0.875256243;2.314377417;2.317892606;0.042833733;0.468086098;0.56578457;0.400140325;0.124254566;0.975307492;9.341710245;0.265452374;1.13273;1.13445;0.917775764;-0.397099038;0.053200777;-0.998583836
L84;1.391290405;1.391340446;-18.59063883;-18.55721495;0.528070257;0.448797987;0.527581066;0.448495155;0.116054789;0.079621692;0.079202385;0.11591502;0.940085725;0.817974283;0.817787924;0.939247111;90.78365;220.2908876;2.318472323;2.318378938;0.488271059;0.888784709;0.888877889;0.49022795;0.464667229;0.377184906;0.274977514;49.02414869;54.53092423;55.11191478;628.1013046;3.710489038;0.570171746;5.136302717;4.29548402;0.294692264;-3.710489038;0.584994982;0.078983481;-2066.947199;-2066.851573;0.589085;0.000320731;7.74456933;1.18118;1.18162;-3.285338979;-0.28065;1.0359;1.0362;-0.51196;0.297352;0.297371;-9.097854478;-5.002541028;4.09531345;2.047656725;0.488363107;7.050197753;12.13711452;1.0359;1.0362;0.888784709;0.888877889;2.318378938;2.318472323;0.045714673;0.448495155;0.528070257;0.4202596;0.079202385;0.940085725;9.19310094;0.176595854;1.18118;1.18162;0.316973712;-0.948434323;0.370364921;0.928886336
L85;1.395100918;1.394853284;33.8223005;34.00254632;0.51411666;0.510389489;0.514722326;0.510319605;0.098537085;0.205600075;0.205413716;0.09918934;0.929696236;0.815178904;0.815225494;0.930255311;92.31161087;234.6069108;2.354777095;2.355469612;0.512177367;0.91283661;0.912580367;0.523213953;0.508244379;0.417798993;0.301448655;50.75805513;58.72429018;57.52160689;650.1319852;4.067600372;0.477871275;5.350205227;4.800798824;0.228993225;-4.067600372;0.733198452;0.061220804;-2145.368656;-2145.26887;0.64588;0.000334684;5.254797264;1.19708;1.197;-3.569711831;-0.29223;1.0462;1.0442;-0.530709;0.351213;0.351819;-9.069826751;-5.214789831;3.85503692;1.92751846;0.518801776;7.142308291;13.23270536;1.0442;1.0462;0.912580367;0.91283661;2.354777095;2.355469612;0.00236006;0.510319605;0.514722326;0.389598674;0.098537085;0.930255311;165.080017;0.193088966;1.197;1.19708;-0.933990765;-0.357297148;0.848179094;-0.529709566
L86;1.395040061;1.394585994;-26.48089533;-26.87361035;0.546659523;0.571421916;0.546729407;0.568812896;0.174291837;0.226705181;0.224515468;0.173825941;0.919027208;0.916138651;0.913110324;0.919632874;93.52897914;237.4075655;2.363339188;2.362880869;0.558382641;0.928263604;0.928537318;0.569948327;0.545224843;0.454392489;0.340330633;52.37454908;0;0;718.0925837;3.733481073;0.895950917;5.130449933;4.318564569;0.300633563;-3.733481073;0.585083496;0.072965614;-2302.209888;-2302.099691;0.760061;0.000369603;6.225401696;1.19305;1.19301;-4.098046948;-0.40873;1.12186;1.12333;-0.663093;0.33392;0.334069;-9.025472193;-4.965805658;4.059666536;2.029833268;0.492651301;6.995638926;12.05492213;1.12186;1.12333;0.928263604;0.928537318;2.362880869;2.363339188;0.013565153;0.546659523;0.571421916;0.383829231;0.173825941;0.919632874;28.2952386;0.317978438;1.19301;1.19305;-0.658482383;0.752596141;-0.976478766;0.215613588
L88;1.389886429;1.3899614;-9.089660524;-2.263160309;0.473024599;0.531541185;0.542117033;0.525158405;0.145732389;0.180534849;0.110417443;0.129472605;0.80031681;0.882547521;0.939899366;0.954761461;95.41861656;220.8300942;2.346546548;2.326073957;0.517884597;0.875925969;0.892907892;0.522259636;0.5025149;0.428012608;0.327400335;46.98804792;54.91110057;60.38296433;741.9938967;3.342719758;0.640083367;5.066330964;3.850957652;0.28790693;-3.342719758;0.508237894;0.078824521;-2238.220585;-2238.116496;0.644814;0.000349116;5.141770291;1.1332;1.14721;-3.701384849;-0.29264;1.08319;1.07008;-0.533914;0.297914;0.302766;-8.818393553;-4.528246586;4.290146967;2.145073483;0.466184496;6.67332007;10.38034387;1.07008;1.08319;0.875925969;0.892907892;2.326073957;2.346546548;0.03076263;0.473024599;0.542117033;0.405480366;0.110417443;0.954761461;13.18093975;0.233428543;1.1332;1.14721;0.921076814;0.389380923;0.79475782;0.60692669
L89;1.389230496;1.389289039;-5.233902957;-5.145869165;0.516422848;0.512346254;0.517144987;0.511577525;0.075568394;0.180860977;0.179929184;0.076313828;0.957277302;0.843831532;0.843225867;0.957976146;91.90425789;222.7848223;2.332624125;2.332821978;0.514483554;0.898888837;0.899016959;0.517515207;0.502936678;0.455206585;0.378640493;52.29519972;58.23874134;57.70121154;836.2744462;3.331872507;0.41529221;5.204982372;3.904648876;0.213793997;-3.331872507;0.572776369;0.076162631;-2677.804711;-2677.683826;0.733854;0.00040545;5.724398746;1.12111;1.12109;-4.632237335;-0.28367;1.08863;1.08853;-0.533174;0.390635;0.391343;-8.525326936;-4.346474534;4.178852402;2.089426201;0.478600297;6.435900735;9.91200796;1.08853;1.08863;0.898888837;0.899016959;2.332624125;2.332821978;0.002817101;0.511577525;0.517144987;0.416989784;0.075568394;0.957976146;148.0209027;0.147716407;1.12109;1.12111;-0.716010765;-0.698089238;0.265050317;-0.964234582
L98;1.390338379;1.389786945;-2.679474481;10.41628495;0.450009318;0.436032426;0.501374394;0.500023295;0.082696608;0.080460306;0.114983228;0.057072307;0.817322028;0.791604547;0.885063362;0.945676482;85.8941956;206.9730908;2.334330138;2.323832141;0.471656029;0.867813548;0.859794307;0.472821364;0.446020308;0.393514445;0.320816706;49.24732249;59.06423298;56.03595637;893.8160663;3.398424129;0.492176609;5.260480168;4.007443575;0.194539278;-3.398424129;0.609019446;0.079558312;-2468.769981;-2468.649764;0.724663;0.00040321;11.84334124;1.10971;1.11946;-3.915814457;-0.26939;1.10838;1.10008;-0.50653;0.406643;0.368658;-8.68669045;-4.496409266;4.190281184;2.095140592;0.477294939;6.591549858;10.36888161;1.10008;1.10838;0.859794307;0.867813548;2.323832141;2.334330138;0.033790225;0.436032426;0.501374394;0.417624471;0.057072307;0.945676482;12.35932776;0.130890052;1.10971;1.11946;-0.877773125;-0.479076551;-0.363502034;0.931593404
L106;1.38924565;1.388466881;9.872780718;2.666961214;0.480968133;0.640793887;0.520266493;0.511461051;0.063035781;0.319884458;0.172102124;0.076267238;0.898900485;0.961703317;0.850819978;0.964265747;92.23234294;225.9759382;2.342028144;2.34009218;0.538285035;0.893193254;0.919219391;0.541365371;0.530220192;0.485969885;0.422766177;55.55429107;56.4873122;57.08750522;1022.223763;3.315792571;0.310333297;5.196604433;3.882471074;0.21607407;-3.315792571;0.566678503;0.070809214;-3252.1998;-3252.035538;0.995817;0.000550937;0.925179599;1.11924;1.12539;-5.802559615;-0.26985;1.07241;1.08853;-0.548682;0.33753;0.401513;-8.082869815;-4.253683711;3.829186104;1.914593052;0.522304204;6.168276763;9.936220698;1.07241;1.08853;0.893193254;0.919219391;2.34009218;2.342028144;0.070326513;0.480968133;0.640793887;0.415687928;0.063035781;0.964265747;5.910828055;0.131060203;1.11924;1.12539;-0.902765425;-0.43013322;-0.216992848;0.976173194
L108;1.388204236;1.386992089;6.500355191;-9.493636415;0.506312896;0.516912039;0.474352404;0.465710026;0.120154678;0.09150205;0.091734998;0.091036154;0.892471114;0.942322028;0.839685054;0.857668654;84.55522413;203.6994718;2.306931234;2.28998091;0.490623835;0.872973351;0.857855013;0.492171498;0.464964839;0.390586875;0.302625624;50.57280131;57.56434266;52.8342276;741.6747867;3.375231805;0.413234791;5.159713834;3.930851601;0.241905962;-3.375231805;0.555619796;0.080950042;-2105.75913;-2105.657726;0.589092;0.000340111;3.382230993;1.12516;1.13059;-3.255001221;-0.27866;1.07712;1.0835;-0.515072;0.315621;0.356262;-8.811318593;-4.586206836;4.225111757;2.112555878;0.47336026;6.698762715;10.62064733;1.07712;1.0835;0.857855013;0.872973351;2.28998091;2.306931234;0.024647629;0.465710026;0.516912039;0.420442968;0.091036154;0.942322028;17.05815074;0.195478192;1.12516;1.13059;0.264588815;-0.964361322;0.482976405;-0.875633366
L110;1.387163269;1.391351549;5.680252775;-7.802854217;0.49617965;0.461493664;0.456461983;0.485743571;0.047008945;0.036013791;0.02576407;0.048546403;0.945350354;0.886973537;0.945723071;0.864377562;73.2840012;213.0608907;2.371925915;2.304979438;0.475016306;0.925217807;0.907135203;0.484827913;0.468094667;0.388128713;0.279150988;50.47535029;55.31350664;60.5222569;642.5125283;3.164066721;0.500480369;4.458014529;3.435270052;0.659188803;-3.164066721;0.271203331;0.086755088;-1994.385975;-1994.283897;0.640151;0.000342371;6.241510755;1.16466;1.19021;-3.192047099;-0.28557;1.08151;1.01528;-0.543305;0.321258;0.318291;-8.806420544;-4.658861234;4.147559309;2.073779655;0.482211308;6.732640889;10.92894639;1.01528;1.08151;0.907135203;0.925217807;2.304979438;2.371925915;0.019061981;0.456461983;0.49617965;0.466553865;0.02576407;0.945723071;24.47562267;0.05644297;1.16466;1.19021;-0.855942139;-0.517071615;-0.537449502;0.843295934
L111;1.389661441;1.389720168;-13.04391357;-12.95340388;0.417466455;0.543631196;0.415626165;0.543491428;0.037225121;0.126024972;0.127702199;0.037923966;0.79770779;0.961237421;0.959280656;0.793328364;84.39146038;225.6516587;2.324602388;2.324188905;0.480257641;0.85258456;0.851874068;0.475428279;0.426305146;0.322473808;0.224233333;46.30619303;56.7710751;55.07279381;573.6325183;3.317565073;0.062315643;4.50519035;3.62033179;0.643576368;-3.317565073;0.302766717;0.08113237;-1688.586219;-1688.499284;0.539086;0.000291581;6.499817294;1.15514;1.15527;-2.651060124;-0.27714;1.06391;1.07532;-0.511137;0.285713;0.286372;-9.050778781;-4.790836452;4.25994233;2.129971165;0.469489924;6.920807617;11.24371514;1.06391;1.07532;0.851874068;0.85258456;2.324188905;2.324602388;0.073336016;0.415626165;0.543631196;0.431162077;0.037225121;0.961237421;5.879267776;0.08956395;1.15514;1.15527;0.418271266;-0.908322161;-0.516717381;0.85615603
L119;1.395377786;1.393258604;9.545974044;9.896828596;0.494805255;0.512113306;0.629193067;0.587937943;0.159569512;0.108553858;0.191716362;0.280842341;0.830040999;0.915672754;0.984159523;0.977543794;95.1242799;237.0679861;2.382572975;2.348414272;0.556029864;0.906116055;0.894800596;0.5710423;0.568672937;0.484119461;0.386001178;53.42395121;63.14003932;56.59103514;829.2622212;3.146489093;1.91561306;4.561839574;3.445008563;0.582679896;-3.146489093;0.29851947;0.079986247;-2590.398029;-2590.275417;0.913181;0.000411243;2.555449528;1.14915;1.17749;-4.737824682;-0.27744;1.03825;1.07034;-0.439868;0.285371;0.31902;-8.518796204;-4.188920615;4.329875589;2.164937795;0.461907036;6.353858409;9.323943807;1.03825;1.07034;0.894800596;0.906116055;2.348414272;2.382572975;0.063372169;0.494805255;0.629193067;0.402006076;0.108553858;0.984159523;6.343574514;0.219387035;1.14915;1.17749;0.768504321;0.639844598;-0.992535643;-0.121954899
L120;1.391852807;1.389164622;-4.63879772;12.33457031;0.523760716;0.475307492;0.508456019;0.529840663;0.085119269;0.099468878;0.191436824;0.120853522;0.962402162;0.851146105;0.868244502;0.896058517;90.29355724;220.1173976;2.347835595;2.334492566;0.509288809;0.910489657;0.887649087;0.51158758;0.492490776;0.44451449;0.371178051;50.22514521;57.660326;54.43615326;854.7399958;4.067298726;3.872625064;5.878672489;5.138670633;0.038699418;-4.067298726;1.071371907;0.073962785;-3222.0109;-3221.884702;0.668672;0.00042327;7.554929215;1.12905;1.1266;-4.646848524;-0.2737;1.08338;1.08483;-0.481451;0.368577;0.357314;-8.826556969;-4.683351481;4.143205488;2.071602744;0.482718032;6.754954225;11.01306868;1.08338;1.08483;0.887649087;0.910489657;2.334492566;2.347835595;0.024407835;0.475307492;0.529840663;0.414108703;0.085119269;0.962402162;16.9662201;0.179082532;1.1266;1.12905;0.726097852;-0.687591383;0.204459831;0.978874955
L121;1.389043844;1.389101729;-15.80601587;-15.58951221;0.449077525;0.443114051;0.449217294;0.442741334;0.026136787;0.100214312;0.099049571;0.026136787;0.872018263;0.786013791;0.786433097;0.872297801;84.28685518;218.5622839;2.310391721;2.310036425;0.446002609;0.827222326;0.827466921;0.445235398;0.411582337;0.313133249;0.205564063;44.73017492;49.76498366;49.78083065;561.8713569;3.204679734;1.711012643;4.088958333;3.393705271;0.946067204;-3.204679734;0.189025536;0.083676687;-1612.532177;-1612.449985;0.533353;0.000275673;2.753471282;1.18544;1.18558;-2.386479904;-0.27998;1.04645;1.04645;-0.457715;0.255848;0.255648;-9.114453422;-4.865667761;4.248785662;2.124392831;0.470722733;6.990060592;11.49997928;1.04645;1.04645;0.827222326;0.827466921;2.310036425;2.310391721;0.003594631;0.442741334;0.449217294;0.411831799;0.026136787;0.872297801;114.5686028;0.059033989;1.18544;1.18558;0.510826974;-0.859683548;-0.975548247;0.21978539
L122;1.389093632;1.389044388;-4.770697614;-4.914798183;0.518426202;0.512159896;0.517494409;0.512882035;0.076779724;0.179370108;0.179509877;0.076127469;0.96007268;0.844949683;0.846254193;0.958861349;91.46178507;222.5121534;2.32974234;2.329532082;0.515502702;0.89982063;0.899209141;0.51814366;0.502924853;0.454912921;0.378789216;52.13176183;57.37471375;57.02324325;856.4828034;3.321311236;0.51819321;5.237475405;3.90943227;0.196645629;-3.321311236;0.588121035;0.076519503;-2904.04963;-2903.924772;0.759459;0.000418776;5.861064111;1.11905;1.11913;-4.850561061;-0.28571;1.09044;1.09061;-0.539349;0.393136;0.392685;-8.289404228;-4.280350868;4.009053359;2.00452668;0.498870886;6.284877548;9.852621617;1.09044;1.09061;0.899209141;0.89982063;2.329532082;2.32974234;0.003177068;0.512159896;0.518426202;0.418081573;0.076127469;0.96007268;131.5935284;0.148640043;1.11905;1.11913;-0.348151124;-0.937438422;0.514929156;-0.857232736
L125;1.395064907;1.390058626;4.748054109;15.05855214;0.555860977;0.476518822;0.54060287;0.573215617;0.229919866;0.129658964;0.175549758;0.174664555;0.881802087;0.823378681;0.970881476;0.906541185;96.53216226;231.5990286;2.342729014;2.334470531;0.536660222;0.921741055;0.889751444;0.542389516;0.532989341;0.484199964;0.401888132;49.16752991;0;51.19721868;819.2046033;3.388473784;0.592191513;5.288049279;4.010961604;0.180438541;-3.388473784;0.62248782;0.076217345;-2642.921156;-2642.805899;0.768917;0.000386574;7.680319275;1.12479;1.1289;-4.984424479;-0.27899;1.07588;1.07552;-0.534611;0.412373;0.384842;-8.605872636;-4.38647527;4.219397366;2.109698683;0.474001339;6.496173953;10.00149367;1.07552;1.07588;0.889751444;0.921741055;2.334470531;2.342729014;0.042179969;0.476518822;0.573215617;0.386905601;0.129658964;0.970881476;9.172733144;0.272096207;1.12479;1.1289;0.756019316;-0.654549306;-0.769991459;0.638054193
L126;1.387875715;1.398005575;17.80493237;-17.3916951;0.455437011;0.4748183;0.577525158;0.730991428;0.096207603;0.095741707;0.476332464;0.23714126;0.814666418;0.853894894;0.985650391;0.917909057;83.95897552;247.1809283;2.309671928;2.342920445;0.559681327;0.920401603;0.913582044;0.577439327;0.575736732;0.499514717;0.379730649;55.62292032;59.74682109;66.10980538;771.0835369;3.415398635;0.60159441;5.132934506;3.963082343;0.260749202;-3.415398635;0.547683708;0.086099413;-2528.050454;-2527.935859;0.752811;0.000384354;4.122230587;1.18275;1.18236;-4.440725553;-0.25998;1.04481;1.02748;-0.553032;0.350724;0.310745;-8.863836566;-4.487429509;4.376407058;2.188203529;0.456995881;6.675633037;10.18279969;1.02748;1.04481;0.913582044;0.920401603;2.309671928;2.342920445;0.126140349;0.455437011;0.730991428;0.378414504;0.095741707;0.985650391;2.999948123;0.210219426;1.18236;1.18275;0.76046321;-0.649381018;0.844103707;-0.536179944
L129;1.393691263;1.3869516;-13.09720228;2.231511069;0.560822773;0.509411107;0.548756057;0.531541185;0.240775252;0.161712635;0.105013045;0.130870294;0.880870294;0.857109579;0.958069325;0.966641819;93.34377298;218.4841779;2.370928401;2.309790115;0.537504659;0.922876677;0.901573565;0.541951151;0.527175113;0.477181505;0.398822604;49.34186822;58.64872309;57.23160362;923.8244579;3.19966162;0.457588693;5.212046102;3.760529506;0.194821784;-3.19966162;0.560867886;0.078174105;-2799.797557;-2799.662224;0.877581;0.000453909;2.471751915;1.11239;1.13398;-5.362482075;-0.21318;0.89192;1.05263;-0.469575;0.358178;0.377249;-8.323418459;-4.123885404;4.199533055;2.099766527;0.476243424;6.223651932;9.223369089;0.89192;1.05263;0.901573565;0.922876677;2.309790115;2.370928401;0.022323929;0.509411107;0.560822773;0.407562259;0.105013045;0.966641819;18.25674405;0.206145967;1.11239;1.13398;-0.785811175;0.618466488;-0.989723179;0.142996603
L130;1.38945638;1.389310025;-4.438999522;-3.257259782;0.508782147;0.518961983;0.513907007;0.516935334;0.067322028;0.184168841;0.179975773;0.071748043;0.950242266;0.853755125;0.853894894;0.956065971;91.80485952;231.5381866;2.331706297;2.333000071;0.514774739;0.897124255;0.89898784;0.517398827;0.512267037;0.483016237;0.435239635;54.7463108;59.37066477;59.46536345;1145.37245;3.034357967;0.995651485;5.071049818;3.507060611;0.247652826;-3.034357967;0.472702643;0.07668184;-3677.228828;-3677.042039;1.149556;0.000626493;7.481304713;1.11672;1.11644;-6.416463297;-0.27371;1.09399;1.08703;-0.517542;0.383473;0.391057;-7.911438089;-3.991638073;3.919800016;1.959900008;0.510230112;5.951538081;9.036380781;1.08703;1.09399;0.897124255;0.89898784;2.331706297;2.333000071;0.004427175;0.508782147;0.518961983;0.419550296;0.067322028;0.956065971;94.76704176;0.13231995;1.11644;1.11672;-0.643201842;-0.76569667;-0.807363288;0.590054676
L134;1.39104978;1.391271196;-9.367705668;-8.897918332;0.474422288;0.552320164;0.471300783;0.551225307;0.04384085;0.129985091;0.127748789;0.040160268;0.905003727;0.974655237;0.974701826;0.902441297;83.9268904;222.1711093;2.345453907;2.346850262;0.512625792;0.913762579;0.913681047;0.522853175;0.509200278;0.438025534;0.35244545;57.397964;68.12407284;67.45032439;969.9761984;3.471104708;2.344983008;5.713728311;4.375001662;0.036168643;-3.471104708;0.903896954;0.085243765;-3069.600517;-3069.463171;0.991605;0.000460661;14.31545968;1.1801;1.17943;-6.063306549;-0.23912;1.06935;1.06665;-0.524505;0.274842;0.274974;-8.266002437;-4.409877061;3.856125375;1.928062688;0.518655335;6.337939749;10.41705763;1.06665;1.06935;0.913681047;0.913762579;2.345453907;2.346850262;0.045579413;0.471300783;0.552320164;0.458324353;0.040160268;0.974701826;10.05551234;0.085211545;1.17943;1.1801;0.780903705;-0.624651425;0.771992001;-0.635632244
L138;1.388296514;1.389539702;-2.95794881;-15.93196223;0.53291558;0.481503914;0.477590384;0.466269102;0.177739471;0.110510622;0.099888185;0.103242639;0.888091688;0.852497205;0.832650019;0.851938129;84.54783369;233.9151245;2.311089833;2.314035148;0.489307678;0.908521245;0.900507827;0.50298321;0.502069471;0.43132455;0.320034669;49.31030614;58.85747988;63.99787638;708.6226653;3.375230779;1.068616445;4.895041829;3.815886852;0.391614244;-3.375230779;0.440656073;0.080668007;-2295.531691;-2295.422749;0.655154;0.000365393;5.14710577;1.17685;1.18025;-3.44894295;-0.27867;1.04697;1.05872;-0.407367;0.329692;0.3179;-8.718255656;-4.59491448;4.123341177;2.061670588;0.48504354;6.656585068;10.74616988;1.04697;1.05872;0.900507827;0.908521245;2.311089833;2.314035148;0.029610494;0.466269102;0.53291558;0.393078562;0.099888185;0.888091688;13.27497472;0.214228617;1.17685;1.18025;0.271708579;-0.962379576;0.991098349;0.13313175
L139;1.404033725;1.387965766;4.078225196;28.00548675;0.649180022;0.724352404;0.497903466;0.509760529;0.342154305;0.454761461;0.099375699;0.169353336;0.95620574;0.993943347;0.92014536;0.826453597;96.80063419;230.3979907;2.39199574;2.337293489;0.595462169;0.905277441;0.874947587;0.59960198;0.576190044;0.505580752;0.416625869;68.22849205;66.17115493;52.73128611;904.7544133;3.346948991;1.093723931;5.162898821;3.900726158;0.236878346;-3.346948991;0.553777167;0.075589346;-2871.073912;-2870.943453;0.888566;0.000437562;6.07345056;1.1176;1.15751;-5.419830845;-0.26898;1.26518;1.22372;-0.603673;0.563021;0.58043;-8.40124302;-4.081435644;4.319807377;2.159903688;0.462983607;6.241339332;9.017605013;1.22372;1.26518;0.874947587;0.905277441;2.337293489;2.39199574;0.110091879;0.497903466;0.724352404;0.370199032;0.099375699;0.993943347;3.362637044;0.199588285;1.1176;1.15751;0.555311992;-0.831642105;-0.873198457;-0.487364806
L143;1.391136733;1.390480918;12.32543824;-0.168744015;0.481364145;0.555697913;0.527185054;0.526020313;0.152534476;0.188361908;0.094483787;0.14307678;0.810193813;0.923033917;0.957556839;0.911293328;94.64553274;221.4768587;2.34110959;2.331080054;0.522753215;0.88352008;0.89469577;0.525238967;0.501738356;0.439338519;0.356075981;49.49495674;54.82031003;67.61049365;830.3932365;3.377491498;1.003263977;5.188027979;3.94720783;0.227688353;-3.377491498;0.569716332;0.084524521;-2583.305897;-2583.183371;0.774028;0.000410954;10.79974819;1.13241;1.14365;-4.315137206;-0.26924;1.06964;1.0458;-0.606315;0.245695;0.41842;-8.827645424;-4.52144374;4.306201684;2.153100842;0.46444643;6.674544582;10.34543866;1.0458;1.06964;0.88352008;0.89469577;2.331080054;2.34110959;0.03070605;0.481364145;0.555697913;0.406959533;0.094483787;0.957556839;13.25339918;0.196283392;1.13241;1.14365;0.387347859;0.92193364;0.999985294;0.005423351
L147;1.389453589;1.38950552;-5.556753383;-5.740276551;0.51551435;0.510669027;0.516213194;0.510901975;0.074403653;0.176155423;0.176015654;0.075009318;0.956625047;0.845182631;0.845788297;0.95741707;92.16642822;221.9509397;2.331764094;2.331487742;0.513353755;0.897234905;0.897042723;0.516196232;0.501263363;0.453316477;0.379908546;52.78438959;56.63313454;58.50192873;896.8933421;3.44356711;0.073533616;5.311661487;4.085044299;0.175815702;-3.44356711;0.641477189;0.075510416;-2938.47364;-2938.340566;0.775891;0.000446332;6.203901709;1.12057;1.1208;-4.792610365;-0.27048;1.08932;1.08559;-0.539199;0.388271;0.388342;-8.202327796;-4.435455763;3.766872032;1.883436016;0.530944503;6.318891779;10.59988048;1.08559;1.08932;0.897042723;0.897234905;2.331487742;2.331764094;0.002947324;0.510669027;0.516213194;0.418607817;0.074403653;0.95741707;142.0297823;0.145698386;1.12057;1.1208;-0.872473405;-0.488661598;0.892175429;-0.451689056
L149;1.392220122;1.388906455;10.35571433;-10.93646373;0.526672568;0.48008293;0.508479314;0.529770779;0.09019754;0.09019754;0.195723071;0.126956765;0.963147596;0.869968319;0.863818487;0.890001864;90.00911167;217.8874923;2.346450316;2.327156848;0.511216455;0.910285827;0.891999394;0.513888027;0.496485841;0.450560116;0.383125644;49.07336979;54.88326148;58.02741016;992.0537455;3.070340973;1.388657154;5.07902039;3.551084864;0.247723501;-3.070340973;0.480743891;0.079192468;-3063.244758;-3063.092201;0.908304;0.000511679;1.92606698;1.119;1.12255;-5.33889597;-0.27193;1.09306;1.08726;-0.501684;0.357599;0.349259;-7.987902081;-4.07055109;3.917350992;1.958675496;0.510549094;6.029226586;9.279631388;1.08726;1.09306;0.891999394;0.910285827;2.327156848;2.346450316;0.022803054;0.48008293;0.529770779;0.414462934;0.09019754;0.963147596;18.17576431;0.187879082;1.119;1.12255;0.88987691;-0.456200706;-0.899051864;-0.437842148
L153;1.391965187;1.389287961;-13.37823761;-20.94014404;0.485999814;0.480292583;0.468202572;0.472651882;0.09154864;0.095928066;0.101891539;0.072586657;0.880450988;0.8646571;0.843412225;0.863818487;85.08310159;222.2707877;2.308669633;2.318245021;0.476559588;0.894544353;0.891061778;0.486565856;0.476611034;0.394345549;0.284906326;49.71723202;62.97214683;65.93241914;659.6826873;3.71942064;0.247009741;5.148783828;4.311308572;0.289104104;-3.71942064;0.591887932;0.076041575;-2066.947301;-2066.849215;0.588487;0.000328982;6.069497866;1.17663;1.17471;-3.111908825;-0.26973;1.06155;1.06082;-0.378957;0.276896;0.27038;-8.915538198;-4.882810933;4.032727264;2.016363632;0.495942291;6.899174566;11.80308178;1.06082;1.06155;0.891061778;0.894544353;2.308669633;2.318245021;0.007915316;0.468202572;0.485999814;0.413172725;0.072586657;0.880450988;52.1991479;0.155032589;1.17471;1.17663;-0.257177135;-0.96636428;0.704906066;-0.709300669
L157;1.393172464;1.392833906;3.26832868;3.519779744;0.556932538;0.452012672;0.557235371;0.450475214;0.168654491;0.100680209;0.100447261;0.169027208;0.945210585;0.803345136;0.800503168;0.945443533;89.75944305;237.3108281;2.376741485;2.373852968;0.50418142;0.912382361;0.912609486;0.511184129;0.502126628;0.465473491;0.401572898;54.49269096;58.97245726;62.56772099;924.7210243;3.136931396;0.610737064;4.71039971;3.481007072;0.479675965;-3.136931396;0.344075676;0.077998498;-2920.526933;-2920.389332;1.081392;0.000461516;1.608545794;1.14697;1.14734;-5.537569727;-0.26269;1.06623;1.08576;-0.495344;0.406616;0.407524;-8.243689101;-4.122796949;4.120892152;2.060446076;0.485331799;6.183243025;9.277722613;1.06623;1.08576;0.912382361;0.912609486;2.373852968;2.376741485;0.061110108;0.450475214;0.557235371;0.399507848;0.100447261;0.945443533;6.5375085;0.222980661;1.14697;1.14734;0.97500508;-0.222182569;-0.992738705;0.12029075
L165;1.386186605;1.388004559;5.999781361;-0.079202025;0.418025531;0.412178531;0.480409057;0.442485091;0.09411107;0.063315319;0.05795751;0.133758852;0.741939993;0.761041744;0.827012672;0.827059262;83.10062715;231.9642673;2.289967332;2.300744543;0.438187197;0.823768869;0.828823845;0.435498262;0.410876746;0.364684339;0.312071267;47.25871747;50.17100374;54.54299964;1015.577652;3.68801774;0.863944135;6.011051356;4.854911986;0.00184289;-3.68801774;1.166894246;0.081028877;-2986.484412;-2986.356654;0.847355;0.000428502;6.381552179;1.1646;1.16559;-5.094194088;-0.26563;1.08219;1.08371;-0.43695;0.231843;0.22479;-8.295662846;-4.555457971;3.740204875;1.870102438;0.534730066;6.425560409;11.03892111;1.08219;1.08371;0.823768869;0.828823845;2.289967332;2.300744543;0.031005754;0.412178531;0.480409057;0.377032782;0.05795751;0.827059262;12.16009079;0.140612637;1.1646;1.16559;0.988534008;0.150998395;-0.491306433;0.87098679
L167;1.385702286;1.396335116;-28.43674033;-7.143272932;0.660664368;0.48457883;0.546845881;0.471440552;0.338613492;0.112513977;0.057771152;0.132361163;0.982715244;0.856643682;0.885109952;0.9613306;85.07532174;223.9320565;2.294821486;2.328083718;0.540631988;0.908352357;0.914886554;0.546986531;0.520805083;0.434976643;0.32063952;56.6258998;66.90833219;0;696.0218869;3.314006364;0.310146638;4.657445478;3.662624473;0.537172631;-3.314006364;0.348618109;0.080456437;-2078.337209;-2078.23002;0.785892;0.000359514;8.530775567;1.16633;1.1491;-3.919235636;-0.26351;1.04205;1.04897;-0.786695;0.26752;0.285574;-8.885605674;-4.597635618;4.287970056;2.143985028;0.466421168;6.741620646;10.59929252;1.04205;1.04897;0.908352357;0.914886554;2.294821486;2.328083718;0.086362695;0.471440552;0.660664368;0.416600021;0.057771152;0.982715244;4.823842301;0.122541754;1.1491;1.16633;-0.249651258;-0.968335814;-0.770087369;-0.637938433
L170;0;0;0;0;0.529537831;0.558772829;0.461703317;0.54118524;0.193114051;0.153559448;0.122111442;0.088660082;0.86596161;0.963986209;0.960259038;0.834746552;88.99766483;252.728616;2.34798401;2.317206414;0.522648388;0.916266772;0.899180022;0.545605487;0.578084103;0.567560887;0.529686104;60.37027768;66.40046256;64.84699631;1276.585189;3.569275207;1.476075346;5.700035956;4.470009904;0.046698741;-3.569275207;0.900734698;0.071381532;-4467.677785;-4467.448126;1.795702;0.00077028;4.785668021;1.11484;1.1207;-9.984668477;-0.22347;1.05834;1.10544;-0.583386;0.343628;0.340736;-8.147088684;-4.25504428;3.892044404;1.946022202;0.513868752;6.201066482;9.879955501;1.05834;1.10544;0.899180022;0.916266772;2.317206414;2.34798401;0.042466711;0.461703317;0.558772829;0.413201165;0.088660082;0.963986209;9.73000169;0.192028254;1.11484;1.1207;0.858875712;0.51218406;0.985653608;0.168780822
L178;1.388572607;1.388727944;-5.501883896;-5.613492276;0.513417816;0.508945211;0.513045099;0.509597466;0.071188968;0.176994037;0.177180395;0.071235557;0.955646664;0.840896385;0.842014536;0.95485464;90.23360833;222.1104036;2.325422163;2.327801348;0.51144358;0.898789834;0.899948751;0.514578549;0.499239223;0.450751735;0.374399418;53.36271777;58.04644754;57.89382193;854.3840705;3.363904355;0.419064336;5.234312126;3.955346639;0.203130158;-3.363904355;0.591442284;0.07581907;-2755.051098;-2754.929274;0.771857;0.0004086;5.200633967;1.12119;1.12013;-4.826228344;-0.28347;1.08727;1.08708;-0.530818;0.39401;0.393458;-8.51498661;-4.353005266;4.161981343;2.080990672;0.480540357;6.433995938;9.946297284;1.08708;1.08727;0.898789834;0.899948751;2.325422163;2.327801348;0.002306854;0.508945211;0.513417816;0.417978359;0.071188968;0.955646664;181.1898119;0.139875504;1.12013;1.12119;0.765989159;-0.642853489;0.809132778;-0.587625857
