Ligand#;lBCUT2D_CHGHI;lBCUT2D_CHGLO;lBCUT2D_LOGPHI;lBCUT2D_LOGPLOW;lBCUT2D_MRHI;lBCUT2D_MRLOW;lBCUT2D_MWHI;lBCUT2D_MWLOW;lBalabanJ;lBertzCT;lChi0;lChi0n;lChi0v;lChi1;lChi1n;lChi1v;lChi2n;lChi2v;lChi3n;lChi3v;lChi4n;lChi4v;lEState_VSA1;lEState_VSA10;lEState_VSA11;lEState_VSA2;lEState_VSA3;lEState_VSA4;lEState_VSA5;lEState_VSA6;lEState_VSA7;lEState_VSA8;lEState_VSA9;lExactMolWt;lFpDensityMorgan1;lFpDensityMorgan2;lFpDensityMorgan3;lFractionCSP3;lHallKierAlpha;lHeavyAtomCount;lHeavyAtomMolWt;lIpc;lKappa1;lKappa2;lKappa3;lLabuteASA;lMaxAbsEStateIndex;lMaxAbsPartialCharge;lMaxEStateIndex;lMaxPartialCharge;lMinAbsEStateIndex;lMinAbsPartialCharge;lMinEStateIndex;lMinPartialCharge;lMolLogP;lMolMR;lMolWt;lNHOHCount;lNOCount;lNumAliphaticCarbocycles;lNumAliphaticHeterocycles;lNumAliphaticRings;lNumAromaticCarbocycles;lNumAromaticHeterocycles;lNumAromaticRings;lNumHAcceptors;lNumHDonors;lNumHeteroatoms;lNumRotatableBonds;lNumSaturatedCarbocycles;lNumSaturatedHeterocycles;lNumSaturatedRings;lNumValenceElectrons;lPEOE_VSA1;lPEOE_VSA10;lPEOE_VSA11;lPEOE_VSA12;lPEOE_VSA13;lPEOE_VSA14;lPEOE_VSA2;lPEOE_VSA3;lPEOE_VSA4;lPEOE_VSA5;lPEOE_VSA6;lPEOE_VSA7;lPEOE_VSA8;lPEOE_VSA9;lRingCount;lSMR_VSA1;lSMR_VSA10;lSMR_VSA3;lSMR_VSA4;lSMR_VSA5;lSMR_VSA6;lSMR_VSA7;lSMR_VSA9;lSlogP_VSA1;lSlogP_VSA10;lSlogP_VSA11;lSlogP_VSA12;lSlogP_VSA2;lSlogP_VSA3;lSlogP_VSA4;lSlogP_VSA5;lSlogP_VSA6;lSlogP_VSA7;lSlogP_VSA8;lTPSA;lVSA_EState1;lVSA_EState10;lVSA_EState2;lVSA_EState3;lVSA_EState4;lVSA_EState5;lVSA_EState6;lVSA_EState7;lVSA_EState8;lVSA_EState9;lfr_Ar_N;lfr_C_O;lfr_C_O_noCOO;lfr_Imine;lfr_NH0;lfr_NH1;lfr_NH2;lfr_Ndealkylation2;lfr_alkyl_halide;lfr_allylic_oxid;lfr_amide;lfr_aniline;lfr_aryl_methyl;lfr_benzene;lfr_bicyclic;lfr_ether;lfr_furan;lfr_halogen;lfr_methoxy;lfr_morpholine;lfr_para_hydroxylation;lfr_piperdine;lfr_pyridine;lfr_sulfide;lfr_sulfonamd;lfr_unbrch_alkane;lqed
L17;2.229341071;-2.269611093;2.486696281;-2.17856968;7.742898939;1.642167503;31.13892854;9.911749046;1.369621727;2048.024782;32.12453433;26.36963581;28.15849019;23.83163248;16.21044294;18.89372451;11.65514166;15.50958716;8.630127586;12.81730758;6.373610313;10.22187653;16.14462839;0;0;0;0;11.37477255;53.88995943;0;0;204.2983363;0;652.2197223;0.270833333;0.5625;0.895833333;0;-5.26;48;618.446;2.28075E+11;30.09732136;13.84408902;6.095335673;284.2917171;4.121773139;0.356445577;4.121773139;0.052249558;0.897300004;0.052249558;-0.897300004;-0.356445577;10.5796;212.2794;652.718;2;2;0;0;0;8;0;8;2;2;4;9;0;0;0;230;10.17459013;0;0;0;0;0;0;0;0;0;181.9910121;33.67763099;43.71983512;16.14462839;8;0;70.28245739;0;0;0;10.17459013;194.1237462;11.12690298;31.39274971;11.37477255;0;16.14462839;0;0;0;0;194.1237462;0;32.67179984;24.06;0;0;0;18.25706351;4.663899807;0;70.02178483;0;0;-1.794600007;0;0;0;0;0;2;0;0;0;0;0;2;0;8;2;0;0;0;0;0;0;0;0;0;0;0;0.151711892
L32;2.274744553;-2.281253966;2.451389528;-2.257784981;7.804796107;1.717029034;31.13289597;9.934795021;1.528483741;2002.785661;30.71032077;25.36963581;27.15849019;22.86530598;15.71044294;18.39372451;11.37466542;15.74550869;8.603434962;13.57056304;6.580977167;11.52998133;15.84317618;0;0;0;0;0;64.49903922;0;0;194.1237462;0;622.1979243;0.239130435;0.52173913;0.847826087;0;-4.86;46;590.432;87689407603;28.6026882;12.86353286;5.35214591;273.079574;2.418872932;0.062222468;2.418872932;-0.000883552;0.851961457;0.000883552;-0.851961457;-0.062222468;9.1764;204.302;622.688;0;0;0;0;0;8;0;8;0;0;2;7;0;0;0;218;0;0;0;0;0;0;0;0;0;0;194.1237462;80.3422154;0;0;8;0;69.21531242;0;0;0;0;194.1237462;11.12690298;31.82723938;0;0;15.84317618;0;0;0;0;194.1237462;0;32.67179984;0;0;0;0;13.33069312;2.700147182;0;71.82123076;0;0;-1.703922914;0;0;0;0;0;0;0;0;0;0;0;0;0;8;2;0;0;0;0;0;0;0;0;0;0;0;0.155601811
L33;2.446820465;-2.305959569;2.525773243;-2.297864344;7.804946912;-0.144136136;31.13290373;10.01884625;2.002050145;2708.617792;58.84384155;38.83617201;40.62502639;35.50143332;20.81430851;23.49759009;16.17470746;20.54555073;11.07528769;15.84269823;7.690181542;12.94851332;199.9788342;105.3699611;0;48.53093655;26.35232922;26.35232922;0;0;0;0;18.94745182;1186.10796;0.243589744;0.423076923;0.564102564;0.25;-6.3;78;1158.424;6.22965E+15;60.92103252;21.06217299;13.22765519;424.5225809;14.66397246;0.496599348;14.66397246;0.415948236;0.105303629;0.415948236;-5.806044633;-0.496599348;15.0548;235.514;1186.648;0;4;0;0;0;6;0;6;4;0;30;11;0;0;0;422;18.94745182;22.99804733;0;0;0;49.41038814;0;0;105.3699611;0;0;121.9904747;33.86871691;72.9468021;6;124.317413;47.67041556;0;0;49.41038814;28.43919017;141.569485;34.12495032;50.77469119;105.3699611;22.99804733;15.84317618;28.43919017;49.41038814;0;44.50761193;97.0618731;0;11.12690298;36.92;373.4525872;0;0;-7.691674554;-19.81204023;-3.076975316;-0.051711277;-46.44835707;0;-4.890347268;0;0;0;0;0;0;0;0;24;0;0;0;0;6;0;4;0;24;4;0;0;0;0;0;0;0;0.095692284
L34;2.278395242;-2.28390299;2.454151012;-2.260031835;7.804838916;1.485281385;31.13289661;9.934780765;1.514838823;2172.505636;34.19129472;29.06023473;30.84908911;24.44069338;17.35317735;20.03645892;13.37466542;17.74550869;9.714546073;14.68167415;7.048054617;11.9048132;15.84317618;0;0;0;0;0;86.75284519;0;0;197.5532267;0;678.2605245;0.28;0.56;0.86;0.083333333;-4.86;50;638.476;3.55414E+11;32.35073549;13.80490242;6.201952253;298.5393424;2.439145041;0.061628986;2.439145041;-0.000883552;0.885373014;0.000883552;-0.885373014;-0.061628986;10.41008;223.25;678.796;0;0;0;0;0;8;0;8;0;0;2;7;0;0;0;242;0;0;0;0;0;0;0;0;0;0;192.1120839;108.0371642;0;0;8;0;69.21531242;0;0;27.6949488;0;192.1120839;11.12690298;31.82723938;0;0;15.84317618;0;0;27.6949488;22.25380597;169.8582779;0;32.67179984;0;0;0;0;13.39993467;7.838742357;0;64.62382747;0;8.723056347;-1.770746027;0;0;0;0;0;0;0;0;0;0;0;0;4;8;2;0;0;0;0;0;0;0;0;0;0;0;0.147277239
L35;2.287708051;-2.291685591;2.460603614;-2.268033212;7.805069881;1.398258676;31.13289735;9.934738303;1.559233588;2344.565561;37.67226867;32.75083365;34.53968803;26.01608078;18.99591176;21.67919333;15.4161173;19.78696058;10.40445942;15.21181346;8.591687784;14.3214679;15.84317618;0;0;0;0;0;109.0066512;0;0;200.9827072;0;734.3231248;0.277777778;0.537037037;0.814814815;0.153846154;-4.86;54;686.52;1.22014E+12;36.13287407;14.7576753;7.070165289;323.9991109;2.472370874;0.061628986;2.472370874;-0.000883547;0.937352404;0.000883547;-0.937352404;-0.061628986;11.64376;242.198;734.904;0;0;0;0;0;8;0;8;0;0;2;7;0;0;0;266;0;0;0;0;0;0;0;0;0;0;190.1004216;135.732113;0;0;8;0;69.21531242;0;0;55.3898976;0;190.1004216;11.12690298;31.82723938;0;0;15.84317618;0;0;55.3898976;44.50761193;145.5928096;0;32.67179984;0;0;0;0;13.58000895;13.20084659;0;56.60309819;0;17.97223256;-1.874704807;0;0;0;0;0;0;0;0;0;0;0;0;8;8;2;0;0;0;0;0;0;0;0;0;0;0;0.143074315
L36;2.311799848;-2.328532714;2.461554746;-2.287329318;7.804364083;0.682187807;31.13289601;9.80713437;1.479720274;1708.202812;30.71032077;26.4076879;28.19654228;22.86530598;16.96995596;19.65323754;12.62196168;16.99280496;9.811004753;14.77813283;7.724560694;12.70257929;15.84317618;0;0;0;0;0;83.19381236;33.38070895;0;145.5928096;0;630.2605245;0.304347826;0.608695652;0.934782609;0.181818182;-3.82;46;590.432;87689407603;29.57346494;13.49831253;5.682900989;276.6241195;2.546121373;0.062222468;2.546121373;-0.005594988;0.751870046;0.005594988;-0.751870046;-0.062222468;8.6276;202.574;630.752;0;0;2;0;2;6;0;6;0;0;2;7;0;0;0;226;0;0;0;0;0;0;0;0;0;0;145.5928096;132.4176975;0;0;8;0;47.67041556;0;0;51.36657298;0;167.8466156;11.12690298;31.82723938;0;0;15.84317618;0;25.68328649;0;47.93709246;145.5928096;0;11.12690298;0;0;0;0;8.787461621;9.542082231;0;55.48181845;9.840525933;0;-1.503740091;0;0;0;0;0;0;0;0;0;0;0;0;2;6;2;0;0;0;0;0;0;0;0;0;0;0;0.155050475
L37;2.349195114;-2.272600898;2.528917039;-2.258242252;7.804483094;0.172642586;31.13289589;10.01808492;1.462553984;1694.697338;29.2961072;23.79804038;25.58689476;21.86530598;14.52693952;17.21022109;10.39996688;14.77081016;7.823901419;12.79102949;5.942609695;10.8538015;15.84317618;0;0;13.58588461;0;34.12495032;31.82723938;0;0;145.5928096;18.94745182;610.1462826;0.340909091;0.659090909;0.977272727;0.052631579;-4.62;44;582.362;42368582760;26.966474;11.81194867;4.81349043;258.8886478;6.351510981;0.453569489;6.351510981;0.230835501;0.174834843;0.230835501;-0.968450025;-0.453569489;6.3274;181.536;610.586;0;4;0;2;2;6;0;6;4;0;6;7;0;0;0;214;18.94745182;0;22.99804733;13.58588461;0;0;0;0;0;0;121.3273414;71.93588384;11.12690298;0;8;18.94745182;47.67041556;0;0;0;13.58588461;145.5928096;34.12495032;50.77469119;0;22.99804733;15.84317618;13.58588461;0;0;0;145.5928096;0;11.12690298;36.92;24.73097981;0;0;7.397888576;2.019499034;2.989124675;51.59788641;0;0.349669687;-1.936900049;0;0;0;0;0;0;0;0;0;0;0;0;0;6;2;4;0;0;0;0;0;0;0;0;0;0;0.198278875
L38;2.355839672;-2.28392374;2.533374801;-2.268380095;7.804756082;0.172642585;31.13289727;10.01788171;1.498499745;2028.413343;36.25805511;31.17923822;32.9680926;25.01608078;17.81240834;20.49568991;14.44141876;18.81226204;9.624925875;14.43227992;7.953320312;13.64528807;15.84317618;0;0;13.58588461;0;34.12495032;76.33485131;0;0;152.4517707;18.94745182;722.2714831;0.346153846;0.615384615;0.884615385;0.217391304;-4.62;52;678.45;5.89833E+11;34.46498855;13.73839332;6.487104246;309.8081847;6.522879294;0.453569489;6.522879294;0.230835501;0.168100156;0.230835501;-1.053840971;-0.453569489;8.79476;219.432;722.802;0;4;0;2;2;6;0;6;4;0;6;7;0;0;0;262;18.94745182;0;22.99804733;13.58588461;0;0;0;0;0;0;117.3040168;127.3257814;11.12690298;0;8;18.94745182;47.67041556;0;0;55.3898976;13.58588461;141.569485;34.12495032;50.77469119;0;22.99804733;15.84317618;13.58588461;0;55.3898976;44.50761193;97.0618731;0;11.12690298;36.92;25.35247847;0;0;7.610704445;12.05449009;3.025624633;36.65169676;0;17.89416902;-2.107681942;0;0;0;0;0;0;0;0;0;0;0;0;8;6;2;4;0;0;0;0;0;0;0;0;0;0;0.154567769
L39;2.410637486;-2.351145741;2.56527921;-2.312048728;7.804986122;0.172642579;31.13290263;9.791923493;1.670281742;2937.313871;62.56745619;56.50283031;58.29168469;38.56878033;29.95249701;32.63577858;31.35432724;35.72517052;16.37449328;21.18184732;11.94164506;17.03732803;15.84317618;0;0;56.90580837;22.99804733;89.24164204;21.21815958;0;28.43919017;238.9660976;37.89490363;1178.689343;0.285714286;0.476190476;0.642857143;0.513513514;-5.42;84;1078.754;3.00E+18;64.57538598;22.38016471;12.30092794;508.4807448;6.979200502;0.49614282;6.979200502;0.230835501;0.070119177;0.230835501;-1.496501567;-0.49614282;16.7418;357.344;1179.554;0;8;0;2;2;6;0;6;8;0;10;11;0;0;0;454;37.89490363;22.99804733;22.99804733;13.58588461;0;0;0;0;0;0;166.1696928;163.7867441;55.63451492;28.43919017;8;37.89490363;47.67041556;0;0;209.4896165;42.02507478;117.3040168;57.12299765;69.72214301;0;45.99609467;15.84317618;42.02507478;43.31992376;0;210.6773047;72.79640482;0;11.12690298;73.84;53.10368979;0;0;6.977210237;8.786893204;6.419682285;28.38829204;0;55.1869564;4.285424194;0;0;0;0;0;0;0;0;0;0;0;0;0;6;2;8;0;0;4;0;0;0;0;0;0;0;0.118842723
L41;2.387899104;-2.352879078;2.529787159;-2.313035004;7.804929241;0.381281946;31.13290218;9.791924799;2.007057226;2758.487263;61.99854208;56.4268207;58.21567508;37.49983065;29.37271143;32.055993;30.67617489;35.04701817;15.7882626;20.59561664;11.41630013;16.55234053;15.84317618;0;0;43.31992376;0;56.23305378;65.72577152;0;42.65878525;251.0988318;28.42117772;1150.730814;0.243902439;0.414634146;0.548780488;0.513513514;-5.02;82;1046.756;5.93E+16;66.12423448;23.44505812;13.40285335;500.2653166;6.797700124;0.49614282;6.797700124;0.12701326;0.259296238;0.12701326;-1.426291606;-0.49614282;17.3016;358.202;1151.588;0;6;0;0;0;6;0;6;6;0;8;13;0;0;0;446;28.42117772;34.497071;0;0;0;0;0;0;0;0;190.4351611;151.65401;55.63451492;42.65878525;6;28.42117772;47.67041556;0;0;209.4896165;42.65878525;129.4367509;45.62397398;60.2484171;0;34.497071;15.84317618;42.65878525;43.31992376;0;210.6773047;84.92913896;0;11.12690298;55.38;39.62056904;0;0;7.217546594;9.304365231;5.302390279;33.01287708;0;55.26561612;8.09145048;0;0;0;0;0;0;0;0;0;0;0;0;0;6;0;6;0;0;6;0;0;0;0;0;0;0;0.107446333
L42;2.301263294;-2.290570183;2.471313393;-2.270523293;7.804699913;0.410590865;31.13289682;10.02824924;1.749861024;1858.135965;35.68914101;31.10322862;32.892083;23.9471311;17.23262276;19.91590433;13.76326641;18.13410969;9.038695195;13.84604924;7.427975374;13.16030058;15.84317618;0;0;0;0;22.62592665;76.33485131;14.21959508;0;164.5845048;9.473725908;694.312954;0.34;0.58;0.8;0.217391304;-4.22;50;646.452;93327584584;35.60070298;14.946049;7.43926424;301.5927565;6.341378916;0.496086241;6.341378916;0.12701326;0.852125535;0.12701326;-0.983631011;-0.496086241;9.35456;220.29;694.836;0;2;0;0;0;6;0;6;2;0;4;9;0;0;0;254;9.473725908;11.49902367;0;0;0;0;0;0;0;0;141.569485;115.1930473;11.12690298;14.21959508;6;9.473725908;47.67041556;0;0;55.3898976;14.21959508;153.7022192;22.62592665;41.30096529;0;11.49902367;15.84317618;14.21959508;0;55.3898976;44.50761193;109.1946072;0;11.12690298;18.46;12.68275783;0;0;7.851040802;12.37584812;1.704251071;41.26526387;0;17.64449593;1.624490519;0;0;0;0;0;0;0;0;0;0;0;0;8;6;0;2;0;0;2;0;0;0;0;0;0;0;0.140575588
L43;2.34437988;-2.335121791;2.511265223;-2.294163862;7.804935241;0.410590812;31.13290142;9.917257608;1.945402971;2577.909544;58.09831819;53.20148408;54.99033846;36.58541575;28.94236302;31.62564459;25.08625533;29.45709861;15.59239594;20.39974999;11.86660403;17.08253145;15.84317618;0;0;0;47.34324837;22.62592665;99.08439641;0;14.21959508;271.6899489;9.473725908;1090.732152;0.294871795;0.474358974;0.615384615;0.485714286;-5.02;78;990.744;1.88E+16;62.18148392;25.61745035;12.46679901;477.3907019;6.781084898;0.496086241;6.781084898;0.12701326;0.301031548;0.12701326;-1.251994748;-0.496086241;16.1384;352.414;1091.544;0;6;0;0;0;6;0;6;6;0;8;21;0;0;0;422;29.07336483;11.49902367;0;0;0;0;0;0;0;0;135.0452635;200.1849465;90.25782394;14.21959508;6;9.473725908;70.41996066;0;0;158.1230436;90.20060987;129.4367509;22.62592665;60.90060421;22.7495451;11.49902367;15.84317618;70.60097094;0;0;202.6306555;84.92913896;0;11.12690298;31.42;13.5621698;0;9.379620018;7.921536274;18.56419364;4.101298221;34.26348752;0;37.76885044;18.92032556;0;0;0;0;4;0;0;0;0;0;0;4;0;6;0;2;0;0;2;0;0;0;0;0;0;0;0.066793182
L44;2.325894719;-2.246103566;2.465036485;-2.249227294;7.797202755;0.410579664;31.13295124;10.0286944;1.671873082;1396.501638;25.89876598;20.73622178;22.52507616;18.7963563;11.88509236;14.56837393;8.184771164;12.25311563;6.08627428;10.57625577;4.535083335;8.886343797;15.84317618;0;0;0;11.49902367;43.74132607;0;39.27224707;72.79640482;12.13273414;27.14232966;542.1048117;0.447368421;0.789473684;1.052631579;0.066666667;-3.98;38;518.272;1211289138;24.36205487;10.78781562;4.364550875;221.8505367;5.994874076;0.496086209;5.994874076;0.137173681;0.715464853;0.137173681;-1.185855805;-0.496086209;5.2592;151.458;542.464;0;6;0;0;0;2;4;6;6;0;8;9;0;0;0;190;27.14232966;33.50436696;0;0;0;0;0;0;0;0;24.26546827;60.66367068;21.73598278;55.11542325;6;27.14232966;48.45759927;0;0;0;14.21959508;109.9817909;22.62592665;42.08814899;0;11.49902367;15.84317618;14.21959508;0;0;0;127.6503947;0;11.12690298;71.02;35.83421582;0;0;2.034888511;5.097115352;1.430929705;27.66688817;6.758148878;0;0.992628379;0;0;0;0;0;0;0;0;0;0;0;0;0;2;0;2;4;0;2;0;0;0;0;0;0;0;0.23236726
L45;2.293083021;-2.28291948;2.465585779;-2.262823963;7.804469722;0.410590898;31.13289608;10.02843501;1.684548207;1692.430697;32.20816706;27.41262969;29.20148408;22.3717437;15.58988835;18.27316992;11.72181453;16.09265781;8.348781851;13.31590992;5.884342208;10.74364588;15.84317618;0;0;0;0;22.62592665;54.08104534;14.21959508;0;161.1550243;9.473725908;638.2503538;0.347826087;0.608695652;0.847826087;0.142857143;-4.22;46;598.408;27253981055;31.74990598;14.04667875;6.521248095;276.1329881;6.239701111;0.496086241;6.239701111;0.12701326;0.845125556;0.12701326;-0.931651621;-0.496086241;8.12088;201.342;638.728;0;2;0;0;0;6;0;6;2;0;4;9;0;0;0;230;9.473725908;11.49902367;0;0;0;0;0;0;0;0;143.5811473;87.4980985;11.12690298;14.21959508;6;9.473725908;47.67041556;0;0;27.6949488;14.21959508;155.7138815;22.62592665;41.30096529;0;11.49902367;15.84317618;14.21959508;0;27.6949488;22.25380597;133.4600755;0;11.12690298;18.46;12.47940222;0;0;7.694524859;7.196449648;1.690251113;49.13852325;0;8.589116953;1.693213439;0;0;0;0;0;0;0;0;0;0;0;0;4;6;0;2;0;0;2;0;0;0;0;0;0;0;0.149061134
L46;2.350802665;-2.335090992;2.496655808;-2.305091634;7.804844045;0.410590641;31.1329007;9.805280507;1.91948569;2498.08907;55.68914101;51.10322862;52.892083;33.63773002;27.23262276;29.91590433;29.45386534;33.82470861;14.81219789;19.61955193;9.534198731;14.75012615;15.84317618;0;0;43.31992376;0;22.62592665;76.33485131;0;14.21959508;275.3643;9.473725908;1030.688556;0.256756757;0.432432432;0.581081081;0.485714286;-4.22;74;934.716;9.93053E+14;59.03157715;20.62359368;13.1209505;454.3513673;6.737176283;0.496086241;6.737176283;0.12701326;0.07866714;0.12701326;-1.234100351;-0.496086241;17.2672;331.994;1031.484;0;2;0;0;0;6;0;6;2;0;4;9;0;0;0;398;9.473725908;11.49902367;0;0;0;0;0;0;0;0;263.2315659;147.6306854;11.12690298;14.21959508;6;9.473725908;47.67041556;0;0;209.4896165;14.21959508;153.7022192;22.62592665;41.30096529;0;11.49902367;15.84317618;14.21959508;43.31992376;0;210.6773047;109.1946072;0;11.12690298;18.46;13.47435257;0;0;7.89498004;12.37377132;1.693309713;43.84532023;0;56.63327567;1.233138616;0;0;0;0;0;0;0;0;0;0;0;0;0;6;0;2;0;0;2;0;0;0;0;0;0;0;0.134402885
L47;2.335793753;-2.295826942;2.519847366;-2.270200191;7.805013517;0.324533314;31.13289998;10.02842712;1.833136214;2244.669454;47.65539633;39.69280703;41.48166141;32.11327015;20.27169091;22.95497248;13.91377314;18.28461642;10.81085419;15.61820824;7.894387908;12.93566756;15.84317618;0;0;0;80.49316567;42.95414236;0;99.53716558;72.79640482;12.13273414;66.31608135;942.3145297;0.242424242;0.439393939;0.606060606;0.28;-6.62;66;886.484;3.05776E+14;48.82771825;22.04334203;9.125039064;388.4150677;6.37741546;0.496086241;6.37741546;0.202802207;0.44704641;0.202802207;-1.609312046;-0.496086241;6.9904;261.018;942.932;0;14;0;0;0;6;0;6;14;0;16;21;0;0;0;350;66.31608135;11.49902367;45.99609467;22.99804733;0;0;0;0;0;0;24.26546827;108.3340862;11.12690298;99.53716558;6;66.31608135;47.67041556;0;0;0;99.53716558;84.92913896;91.62006865;98.14332073;0;80.49316567;15.84317618;99.53716558;0;0;0;84.92913896;0;11.12690298;129.22;83.61733385;0;0;5.131231526;1.515644264;6.742865487;27.67860371;0;0;19.12913598;0;0;0;0;0;0;0;0;0;0;0;0;0;6;0;14;0;0;14;0;0;0;0;0;0;0;0.068802414
L48;2.310178637;-2.289378645;2.486825043;-2.26482995;7.804561242;0.391828625;31.1328962;10.01922131;1.76062381;1662.760953;31.88189364;26.38382681;28.1726812;22.6600596;14.99326602;17.67654759;10.4605841;14.83142738;7.810349089;12.73753366;5.728041843;10.72199545;15.84317618;0;0;0;0;44.73403011;21.21815958;28.43919017;12.13273414;133.4600755;18.94745182;642.2088829;0.347826087;0.630434783;0.869565217;0.1;-4.62;46;606.384;39552736112;31.36617975;14.64967216;6.376333392;273.6301943;6.257831843;0.496599348;6.257831843;0.130709308;0.717131887;0.130709308;-1.042697488;-0.496599348;6.9044;195.498;642.672;0;4;0;0;0;6;0;6;4;0;6;11;0;0;0;230;18.94745182;22.99804733;0;0;0;0;0;0;0;0;121.3273414;49.19406991;33.86871691;28.43919017;6;18.94745182;47.67041556;0;0;0;28.43919017;145.5928096;34.12495032;50.77469119;0;22.99804733;15.84317618;28.43919017;0;0;0;145.5928096;0;11.12690298;36.92;24.32112518;0;0;7.129121359;1.964782481;2.90162265;51.06129991;0;0;4.770196574;0;0;0;0;0;0;0;0;0;0;0;0;0;6;0;4;0;0;4;0;0;0;0;0;0;0;0.14419025
L49;2.320043182;-2.298401585;2.493697368;-2.274204772;7.804834392;0.391828568;31.13289758;10.01901151;1.828435159;1995.506558;38.84384155;33.76502466;35.55387904;25.8108344;18.27873484;20.96201641;14.50203598;18.87287926;9.611373545;14.37878408;7.738752459;13.51348201;15.84317618;0;0;0;0;44.73403011;65.72577152;28.43919017;12.13273414;140.3190366;18.94745182;754.3340834;0.296296296;0.537037037;0.740740741;0.25;-4.62;54;702.472;5.50145E+11;39.0844862;16.39912234;8.215653567;324.5497312;6.429200155;0.496599348;6.429200155;0.130709308;0.727881866;0.130709308;-1.128088435;-0.496599348;9.37176;233.394;754.888;0;4;0;0;0;6;0;6;4;0;6;11;0;0;0;278;18.94745182;22.99804733;0;0;0;0;0;0;0;0;117.3040168;104.5839675;33.86871691;28.43919017;6;18.94745182;47.67041556;0;0;55.3898976;28.43919017;141.569485;34.12495032;50.77469119;0;22.99804733;15.84317618;28.43919017;0;55.3898976;44.50761193;97.0618731;0;11.12690298;36.92;24.95904852;0;0;7.341937229;11.84280829;2.940505809;36.21001846;0;17.47671969;4.710443488;0;0;0;0;0;0;0;0;0;0;0;0;8;6;0;4;0;0;4;0;0;0;0;0;0;0;0.12369662
L50;2.396064802;-2.354889545;2.542486525;-2.314772581;7.805064786;0.381279437;31.13290295;9.791923214;2.088811356;2902.534871;65.15324262;59.08861674;60.87747113;39.36353395;30.4188235;33.10210508;31.41494446;35.78578774;16.36094095;21.12835149;11.72707721;16.90552197;15.84317618;0;0;43.31992376;22.99804733;110.4598016;0;28.43919017;40.5719243;226.8333635;37.89490363;1210.751944;0.220930233;0.395348837;0.523255814;0.526315789;-5.42;86;1102.776;5.53E+19;69.67718047;24.86456729;14.18747697;523.2222913;6.885521364;0.496599348;6.885521364;0.130709308;0.306673732;0.130709308;-1.57074903;-0.496599348;17.3188;371.306;1211.64;0;8;0;0;0;6;0;6;8;0;10;15;0;0;0;470;37.89490363;45.99609467;0;0;0;0;0;0;0;0;166.1696928;141.0449302;78.37632885;56.87838033;6;37.89490363;47.67041556;0;0;209.4896165;56.87838033;117.3040168;57.12299765;69.72214301;0;45.99609467;15.84317618;56.87838033;43.31992376;0;210.6773047;72.79640482;0;11.12690298;73.84;52.79745659;0;0;6.70844302;8.392305457;6.26599847;27.98207113;0;54.84691935;11.15495412;0;0;0;0;0;0;0;0;0;0;0;0;0;6;0;8;0;0;8;0;0;0;0;0;0;0;0.09419305
L51;2.300878082;-2.326856802;2.529933709;-2.224217742;7.675938479;0.410567086;31.13309148;10.0284048;2.965153129;742.278463;22.58505748;20.48442646;22.27328085;14.14917213;11.06159005;14.02160836;8.89832987;15.62220383;5.480001526;11.78877039;4.617425511;10.70471873;0;0;0;15.84317618;22.6359778;11.49902367;21.73598278;14.21959508;0;91.78810001;9.473725908;446.2503538;0.533333333;0.833333333;1.066666667;0.538461538;-1.1;30;406.232;2611274.067;25.16308431;10.96968556;5.201411561;186.8241481;5.967273453;0.496086637;5.967273453;0.126989968;0.348169144;0.126989968;-0.348169144;-0.496086637;7.2188;138.634;446.552;0;2;0;0;0;2;0;2;2;0;4;9;0;0;0;166;9.473725908;11.49902367;0;0;0;0;0;0;0;0;95.49854206;45.37779173;11.12690298;14.21959508;2;9.473725908;26.45225598;0;0;78.0258754;14.21959508;36.39820241;22.62592665;20.0828057;0;11.49902367;15.84317618;36.85557289;0;0;55.3898976;36.39820241;0;11.12690298;18.46;11.93454691;0;0;2.865856009;4.8818613;1.906504157;13.17377614;0;18.83506698;2.883869992;0;0;0;0;0;0;0;0;0;0;0;0;0;2;0;2;0;0;2;0;0;0;0;0;0;0;0.378719788
L52;2.298196173;-2.280033696;2.468546648;-2.260673866;7.80443286;0.252264273;31.13289561;10.02849111;1.551434986;1578.751294;28.84851345;23.84335111;25.6322055;21.38214273;14.70800763;17.3912892;10.36404305;14.73488633;7.601647848;12.56877592;5.740796797;10.69234605;15.84317618;0;0;0;13.21376393;29.04674827;31.82723938;0;0;157.7255438;9.473725908;594.1877535;0.348837209;0.674418605;1;0.076923077;-4.22;43;562.375;15297059130;27.60346067;12.96709763;5.741779618;256.0323306;6.61162058;0.492783353;6.61162058;0.127444;0.611614652;0.127444;-0.88283946;-0.492783353;7.0313;184.897;594.631;0;2;0;1;1;6;0;6;2;0;4;6;0;0;0;210;9.473725908;11.49902367;0;0;0;0;0;0;0;0;145.5928096;59.8031497;17.54772461;13.21376393;7;9.473725908;47.67041556;0;0;6.420821623;13.21376393;157.7255438;22.62592665;41.30096529;0;11.49902367;15.84317618;13.21376393;0;0;6.420821623;157.7255438;0;11.12690298;18.46;13.22324116;0;0;7.797744963;2.29292496;1.846547409;56.87180582;0.825000112;1.223229305;-1.765678919;0;0;0;0;0;0;0;0;0;0;0;0;0;6;3;2;0;0;0;0;0;0;0;0;0;0;0.192928825
L53;2.415744555;-2.350664535;2.649647642;-2.205446759;7.632001338;0.543106532;31.13575969;10.012;2.065012355;306.1662045;18.01614338;17.75587003;19.54472441;11.23495856;10.75037974;14.08088192;9.875811597;15.48028014;6.914920239;15.57352455;5.597586215;14.74193227;0;0;0;15.84317618;0;46.30760199;25.68328649;12.32382005;0;55.3898976;0;370.2918247;0.5;0.708333333;0.875;1;0.86;24;326.19;205865.2656;21.16337668;9.177242965;4.769042061;155.3907439;2.49747155;0.09947159;2.49747155;-0.018316548;0.27250063;0.018316548;0.27250063;-0.09947159;7.6362;116.546;370.542;0;0;0;2;2;0;0;0;0;0;2;7;0;2;2;142;0;0;0;0;0;0;0;0;0;0;71.23307378;84.31470853;0;0;2;0;15.84317618;0;23.67162418;103.7091619;12.32382005;0;0;0;0;0;15.84317618;34.95979786;0;23.67162418;81.07318409;0;0;0;0;0;0;0;0;4.277789116;3.659290123;0;9.352961913;19.9797724;0.54500126;0;0;0;0;0;0;0;0;0;0;0;0;0;0;0;0;0;0;0;0;0;0;0;0;0;0;0.403954642
L55;2.497899637;-2.423147824;2.804770163;-2.202203365;7.63212935;0.736143681;31.13592746;9.97559467;1.888719573;739.9457355;18.68986997;17.08214345;18.87099783;12.17666993;9.868557829;13.06069164;9.884745644;16.19231538;6.122767752;13.66302366;4.822876847;12.28803973;0;0;0;15.84317618;10.31215775;11.3179889;12.32382005;22.25380597;0;90.07335975;0;382.1979243;0.615384615;0.961538462;1.307692308;0.5;-0.7;26;350.212;845530.894;18.65349424;6.428678567;3.083505292;161.8555112;2.483923007;0.08798583;2.483923007;0.01608817;0.069503443;0.01608817;-0.069503443;-0.08798583;8.057;119.12;382.468;0;0;0;2;2;2;0;2;0;0;2;1;0;0;0;138;0;0;0;0;0;0;0;0;0;0;105.9165359;44.88978377;11.3179889;0;4;0;15.84317618;0;0;75.4963899;0;70.78474251;0;0;0;0;15.84317618;10.31215775;12.32382005;0;75.11421807;48.53093655;0;0;0;0;0;0;0.796510535;8.072132779;0;18.72597283;2.622334184;14.90353804;-0.139006887;0;0;0;0;0;0;0;0;0;0;0;0;0;2;2;0;0;0;0;0;0;0;0;0;0;0;0.437593535
L56;2.226664822;-2.254417106;2.43686647;-2.210958499;7.764445854;0.417913302;31.13554268;10.33032401;1.719836362;1025.342749;22.17515134;18.51744218;20.30629656;15.81319305;10.72769534;13.78146078;7.318071922;11.92103071;5.434879407;10.87438321;3.898679319;9.512996533;15.84317618;0;0;0;0;23.82284372;21.21815958;14.21959508;12.13273414;97.0618731;9.473725908;458.1564534;0.46875;0.8125;1.1875;0.142857143;-2.66;32;430.254;30297559.94;22.53096382;11.27766143;5.209780667;193.2889154;5.761888028;0.496083186;5.761888028;0.126343733;0.554253433;0.126343733;-0.554253433;-0.496083186;5.2694;140.982;458.478;0;2;0;0;0;4;0;4;2;0;4;9;0;0;0;162;9.473725908;11.49902367;0;0;0;0;0;0;0;0;97.0618731;50.90881017;10.60907979;14.21959508;4;9.473725908;37.06133577;0;0;0;26.54341514;109.1946072;11.49902367;30.69188549;0;11.49902367;15.84317618;26.54341514;0;0;0;109.1946072;0;0;18.46;11.52377606;0;0;5.378290186;0;1.951471718;38.70590269;2.163425716;0;2.425281777;0;0;0;0;0;0;0;0;0;0;0;0;0;4;0;2;0;0;2;0;2;0;0;0;0;0;0.31836802
L59;2.486622856;-2.351074683;2.553497386;-2.357489744;7.800123769;0.511507317;31.13289224;9.763562145;1.405067141;1976.503518;35.60335457;31.61515916;33.40401354;24.48404125;18.67209145;21.35537302;15.75910018;20.12994346;11.19725284;16.00460688;9.687063823;15.69064018;15.84317618;0;0;5.414990469;0;12.84164325;78.56741476;32.86288576;0;164.5845048;0;700.3387749;0.37254902;0.647058824;0.921568627;0.265306122;-3.82;51;650.487;3.30102E+11;34.27581517;13.30235516;6.240809878;308.4488301;2.518050254;0.061314675;2.518050254;0.022733941;0.008431122;0.022733941;-0.769616499;-0.061314675;9.84886;225.614;700.887;0;0;2;0;2;6;0;6;0;0;2;6;0;0;0;256;0;0;0;0;0;0;0;0;0;0;153.7022192;150.9974056;5.414990469;0;8;0;47.67041556;0;0;86.48817456;0;175.9560251;0;31.82723938;0;0;15.84317618;0;18.25663372;55.3898976;79.60306115;109.1946072;0;0;0;0;0;0;9.035442387;17.25983717;0;43.83087422;4.666530822;18.14469655;-1.539232999;0;0;0;0;0;0;0;0;0;0;0;0;10;6;4;0;0;0;0;0;0;0;0;0;0;0;0.151906474
L64;2.406975547;-2.316868078;2.74533812;-2.046778546;7.624403828;0.76519865;31.13576062;10.03941612;1.300707146;1015.296012;24.158279;20.99347434;22.78232872;17.88214273;13.5956792;16.92618138;10.33627879;15.78097331;8.382188532;15.64300038;6.716799966;14.82306709;0;0;0;15.84317618;0;22.6359778;38.00710655;22.25380597;0;121.3273414;0;506.2292244;0.361111111;0.583333333;0.805555556;0.294117647;-2.26;36;470.322;522001925.3;24.09812183;11.4208176;5.092969309;219.2398153;2.396648505;0.090979973;2.396648505;0.004769741;0.100413179;0.004769741;-0.100413179;-0.090979973;10.503;158.774;506.61;0;0;0;2;2;4;0;4;0;0;2;7;0;2;2;182;0;0;0;0;0;0;0;0;0;0;137.1705176;60.26091251;22.6359778;0;6;0;15.84317618;0;0;48.31926429;12.32382005;143.5811473;0;0;0;0;15.84317618;12.32382005;0;0;70.57307026;121.3273414;0;0;0;0;0;0;0;9.314149809;0;45.83702853;8.197796163;0;-0.200826358;0;0;0;0;0;0;0;0;0;0;0;0;0;4;0;0;0;0;0;0;0;0;0;0;0;0;0.218733649
L65;2.314640099;-2.354770107;2.506382525;-2.312469586;7.771301983;0.911726614;31.13571293;10.33363612;1.765096197;851.2127857;20.76093778;17.59613311;19.3849875;14.7540202;10.54159325;13.36324319;7.563408056;12.73808868;5.650139548;11.82677276;4.024552108;10.13823386;15.84317618;0;0;0;11.3179889;0;21.21815958;0;0;135.1748158;0;426.1666242;0.366666667;0.566666667;0.766666667;0.142857143;-2.26;30;398.256;11009524.86;20.99043971;10.16889115;4.725571886;183.061825;2.469825103;0.062222827;2.469825103;-0.008613281;0.44848188;0.008613281;-0.44848188;-0.062222827;6.0292;137.068;426.48;0;0;0;0;0;4;0;4;0;0;2;7;0;0;0;150;0;0;0;0;0;0;0;0;0;0;135.1748158;48.37932467;0;0;4;0;37.06133577;0;0;25.1654633;0;121.3273414;0;21.21815958;0;0;15.84317618;11.3179889;0;0;13.8474744;121.3273414;0;0;0;0;0;0;5.867123541;1.104302511;0;44.46736898;0;4.939650206;-0.896963761;0;0;0;0;0;0;0;0;0;0;0;0;0;4;0;0;0;0;0;0;0;0;0;0;0;0;0.316702898
L66;2.3664077;-2.297917271;2.628202015;-2.118181554;7.63140283;0.696321962;31.13575684;10.13249414;1.91288379;226.5917875;14.53516943;14.27489608;16.06375046;9.744243363;9.259664539;12.59016672;6.878640461;12.75113291;6.043692357;14.12201616;4.744890713;13.04451058;0;0;0;0;15.84317618;22.6359778;25.68328649;38.00710655;0;27.6949488;0;314.2292244;0.55;0.8;1;1;0.86;20;278.146;51777.5186;17.21759457;8.481447291;3.786430666;129.9309754;2.447060028;0.100009215;2.447060028;-0.020897561;0.379737969;0.020897561;0.379737969;-0.100009215;6.6522;98.358;314.434;0;0;0;2;2;0;0;0;0;0;2;7;0;2;2;118;0;0;0;0;0;0;0;0;0;15.84317618;27.6949488;86.32637084;0;0;2;0;15.84317618;0;0;101.6974996;12.32382005;0;0;0;0;0;15.84317618;34.95979786;0;0;79.06152178;0;0;0;0;0;0;0;0;4.528541194;0;0;15.40522424;9.788240111;0.759475939;0;0;0;0;0;0;0;0;0;0;0;0;0;0;0;0;0;0;0;0;0;0;0;0;0;0;0.461274904
L67;2.312076036;-2.33147289;2.488690518;-2.35933396;7.718787155;0.78748056;31.13516234;10.25215005;2.701836858;610.3219833;16.7067423;15.09825546;16.88710984;10.01487388;7.760631842;11.33834061;7.819209503;13.58577265;4.182309463;10.27805222;2.066845064;5.453135511;0;0;0;26.15533393;0;11.03340144;10.8700328;0;12.13273414;67.00480854;9.967957042;334.1727722;0.681818182;1;1.272727273;0.555555556;-0.58;22;306.16;46913.68082;17.76886654;6.138426714;3.661737005;137.2011555;5.058644547;0.24411244;5.058644547;0.089928767;0.245315453;0.089928767;-0.347733896;-0.24411244;4.7008;104;334.384;0;2;0;0;0;1;1;2;2;0;4;2;0;0;0;120;0;0;0;0;0;0;0;9.967957042;0;0;69.51833352;35.77454309;0;21.90343423;2;0;37.74661042;9.967957042;0;51.85458095;13.32965121;24.26546827;0;10.8700328;0;0;15.84317618;33.609766;0;0;41.5424232;24.26546827;0;11.03340144;25.78;0;0;10.11728909;0.490630905;4.559065361;0;8.258854062;0;18.58444318;-0.695467792;2;0;0;0;2;0;0;0;0;0;0;0;0;1;1;0;0;0;0;0;2;0;0;0;0;0;0.744029164
L68;2.399439536;-2.324966921;2.60922643;-2.296866945;7.732000549;0.696321962;31.13532269;10.13249414;2.007326835;455.4561293;17.10408353;16.17008359;17.95893798;11.74424336;10.40177287;13.36179118;7.706242237;13.22012094;6.562868892;14.27242337;5.213077308;13.14912764;0;0;0;15.84317618;0;22.6359778;51.36657298;0;10.60907979;51.96041707;0;362.2292244;0.625;0.916666667;1.166666667;0.727272727;0.08;24;326.19;495506.8987;18.85875061;8.643723875;3.482398393;152.2581854;2.553343621;0.068282792;2.553343621;-0.015818622;0.063894348;0.015818622;0.063894348;-0.068282792;6.603;114.334;362.478;0;0;0;2;2;1;0;1;0;0;2;6;0;2;2;134;0;0;0;0;0;0;0;0;0;0;67.80359326;84.61163058;0;0;3;0;26.45225598;0;0;101.6974996;0;24.26546827;0;10.60907979;0;0;15.84317618;22.6359778;0;0;79.06152178;24.26546827;0;0;0;0;0;0;3.682613169;3.958726379;0;9.785727303;11.51690434;9.743054926;0.127788696;0;0;0;0;0;0;0;0;0;0;0;0;0;1;0;0;0;0;0;0;0;0;0;0;0;0;0.499961415
L69;2.368382585;-2.296658514;2.583503956;-2.280807695;7.731299166;0.776935475;31.13531986;10.2098642;2.00022088;407.240956;14.2756564;13.34165647;15.13051085;9.592224153;8.249753662;11.20977197;6.854040514;12.97291685;5.341972749;12.2427281;4.240571893;11.47408027;0;0;0;15.84317618;0;22.6359778;25.68328649;10.60907979;0;51.96041707;0;306.1666242;0.65;0.95;1.25;0.666666667;0.08;20;278.146;53902.64962;14.99416588;6.060472758;2.595412214;126.7984169;2.500742263;0.068817405;2.500742263;-0.015838667;0.078539095;0.015838667;0.078539095;-0.068817405;5.0426;95.866;306.37;0;0;0;2;2;1;0;1;0;0;2;2;0;2;2;110;0;0;0;0;0;0;0;0;0;0;67.80359326;58.92834409;0;0;3;0;26.45225598;0;0;76.01421309;0;24.26546827;0;10.60907979;0;0;15.84317618;22.6359778;0;0;53.37823529;24.26546827;0;0;0;0;0;0;3.567983539;3.738390023;0;9.553799866;5.794594146;10.00296905;0.157078189;0;0;0;0;0;0;0;0;0;0;0;0;0;1;0;0;0;0;0;0;0;0;0;0;0;0;0.671300206
L70;2.230070833;-2.255836544;2.371040546;-2.256988033;7.799111829;0.932544686;31.13289034;9.964065496;1.313958029;1550.11379;28.14140667;23.73396131;25.5228157;20.83163248;14.8746565;17.55793808;10.93914638;15.30998966;8.204820959;13.25921859;6.089742068;11.21675832;15.84317618;0;0;0;0;25.68328649;54.08104534;0;0;157.7255438;0;576.2135743;0.30952381;0.619047619;0.928571429;0.1;-3.82;42;542.388;8633355558;27.03978735;12.58766206;5.758641515;252.1701822;2.54747155;0.062222468;2.54747155;-0.011624859;0.629856224;0.011624859;-0.629856224;-0.062222468;7.0868;185.112;576.66;0;0;4;0;4;6;0;6;0;0;2;6;0;0;0;204;0;0;0;0;0;0;0;0;0;0;157.7255438;95.60750802;0;0;10;0;47.67041556;0;0;25.68328649;0;179.9793497;0;31.82723938;0;0;15.84317618;0;25.68328649;0;22.25380597;157.7255438;0;0;0;0;0;0;8.728373937;5.841875022;0;59.33635681;4.167921496;0;-1.259712448;0;0;0;0;0;0;0;0;0;0;0;0;4;6;0;0;0;0;0;0;0;0;0;0;0;0;0.185919451
L75;2.247422481;-2.268139561;2.388004484;-2.26643695;7.799386045;0.932535972;31.13289173;9.964005882;1.35683796;1879.109188;35.10335457;31.11515916;32.90401354;23.98240728;18.16012532;20.8434069;14.98059827;19.35144155;10.00584541;14.90046901;8.100452685;14.00824489;15.84317618;0;0;0;0;25.68328649;98.58865728;0;0;164.5845048;0;688.3387749;0.3;0.56;0.82;0.25;-3.82;50;638.476;1.19879E+11;34.62089033;14.42800611;7.589659309;303.0897191;2.597841921;0.058712703;2.597841921;-0.011624267;0.707327186;0.011624267;-0.707327186;-0.058712703;9.55416;223.008;688.876;0;0;4;0;4;6;0;6;0;0;2;6;0;0;0;252;0;0;0;0;0;0;0;0;0;0;153.7022192;150.9974056;0;0;10;0;47.67041556;0;0;81.07318409;0;175.9560251;0;31.82723938;0;0;15.84317618;0;25.68328649;55.3898976;66.7614179;109.1946072;0;0;0;0;0;0;8.931056101;16.66411791;0;43.82523177;4.137332976;18.00506376;-1.414654372;0;0;0;0;0;0;0;0;0;0;0;0;12;6;0;0;0;0;0;0;0;0;0;0;0;0;0.153056427
L78;2.514429289;-2.401626134;2.636110415;-2.374112953;7.77283639;0.694633525;31.13571633;10.07256471;1.521909502;1029.037368;22.03695866;18.61264097;20.40149535;16.39897949;11.87005596;14.6917059;9.011697847;13.74986771;7.110820906;13.36482596;5.799376867;12.8072897;15.84317618;0;0;0;23.15380099;0;27.63898121;0;0;133.4793816;0;462.1666242;0.393939394;0.666666667;0.939393939;0.161290323;-2.52;33;434.289;123436204.6;21.04275984;9.383584228;4.013114953;199.455386;2.55212963;0.084419749;2.55212963;0.001365123;0.454268917;0.001365123;-0.454268917;-0.084419749;6.1953;146.457;462.513;0;0;2;0;2;4;0;4;0;0;2;6;1;0;1;162;0;0;0;0;0;0;0;0;0;0;133.4793816;55.31796948;11.3179889;0;6;0;37.06133577;0;11.83581209;17.73881052;0;133.4793816;0;21.21815958;0;0;15.84317618;11.3179889;0;11.83581209;6.420821623;133.4793816;0;0;0;0;0;0;6.07675317;1.317265474;1.340644159;45.40592435;6.416098828;0;-0.908537835;0;0;0;0;0;0;0;0;0;2;0;0;0;4;2;0;0;0;0;0;0;0;0;0;0;0;0.2366178
L80;2.431680738;-2.271905685;2.438593372;-2.332144383;7.731113091;-0.142260547;31.13284164;10.25061403;1.458142135;1009.867749;24.0893649;20.32684326;22.11569764;17.08924951;12.19909986;15.2528653;9.275842893;13.78385541;6.281558312;11.41759311;4.729752233;9.636525886;21.63028734;0;0;12.20793278;0;12.32382005;21.21815958;0;0;135.1748158;9.473725908;498.1877535;0.485714286;0.742857143;1;0.225806452;-2.34;35;466.287;147140642.9;24.35864243;11.15183687;6.084000163;211.3779106;6.611865552;0.34417857;6.611865552;0.163288535;0.03606282;0.163288535;-0.585226757;-0.34417857;5.7723;151.703;498.543;0;2;0;1;1;4;0;4;2;0;4;8;0;1;1;178;9.473725908;0;5.787111153;0;0;0;0;0;0;0;121.3273414;50.90881017;12.32382005;12.20793278;5;9.473725908;37.06133577;0;0;31.84251833;12.32382005;121.3273414;0;21.21815958;0;0;15.84317618;30.31886398;9.473725908;0;13.8474744;121.3273414;0;0;18.46;13.2237311;0;0;5.533848726;0;-0.585226757;43.59998968;1.969366444;4.112302427;-1.122530141;0;0;0;0;0;0;0;0;0;0;0;0;0;4;0;2;0;0;0;0;0;0;0;0;0;0;0.287252224
L84;2.390241468;-2.29608381;2.583876356;-2.217874122;7.682438447;0.399477699;31.13315082;10.04646117;1.92899354;774.6963569;18.68986997;16.58923895;18.37809333;12.17666993;9.250515154;12.3042806;9.049209392;14.85544059;5.145821256;11.1616732;3.724514798;8.417116443;0;0;0;26.15533393;0;24.1949644;21.73598278;0;0;77.94062561;9.473725908;386.1564534;0.653846154;1.038461538;1.384615385;0.454545455;-1.1;26;358.188;871739.27;18.27202759;6.216932952;2.961345823;159.3527174;6.116070497;0.488158717;6.116070497;0.127776453;0.23601344;0.127776453;-0.351240814;-0.488158717;5.8648;115.482;386.412;0;2;0;2;2;2;0;2;2;0;4;1;0;0;0;138;9.473725908;24.1949644;0;0;0;0;0;0;0;0;65.80789147;49.41497105;10.60907979;0;4;9.473725908;26.45225598;0;0;51.85458095;12.69594074;36.39820241;22.62592665;20.0828057;0;11.49902367;15.84317618;23.00809849;0;0;41.5424232;36.39820241;0;11.12690298;18.46;12.23214099;0;0;3.359358702;2.72247428;2.166927648;13.14297023;1.676065051;14.05069287;-0.702481628;0;0;0;0;0;0;0;0;0;0;0;0;0;2;2;2;0;0;0;0;0;0;0;0;0;0;0.571305494
L85;2.437973296;-2.325519827;2.622259688;-2.247927021;7.689267264;0.312393778;31.13330735;10.0462872;1.959989024;832.2967721;20.43035694;18.32972593;20.11858031;12.99803713;10.18321219;13.00486213;9.820600686;16.33275118;5.537664882;11.97994024;4.764669431;11.09151424;15.84317618;0;0;22.00226733;0;11.49902367;21.73598278;0;0;91.78810001;9.473725908;414.1877535;0.642857143;1;1.321428571;0.5;-1.1;28;382.21;1670608.363;20.18410197;6.715536904;3.177919658;172.0826016;6.345526515;0.485304725;6.345526515;0.128202024;0.201001866;0.128202024;-0.423521038;-0.485304725;6.6418;124.672;414.466;0;2;0;2;2;2;0;2;2;0;4;1;0;0;0;150;9.473725908;23.18913325;0;0;0;0;0;0;0;0;65.80789147;63.26244545;10.60907979;0;4;9.473725908;26.45225598;0;0;77.39216493;0;36.39820241;22.62592665;20.0828057;0;11.49902367;15.84317618;22.00226733;0;0;55.3898976;36.39820241;0;11.12690298;18.46;12.69105303;0;0;3.280359741;2.711455761;2.662779746;13.21174055;0;18.60446807;-0.847042076;0;0;0;0;0;0;0;0;0;0;0;0;0;2;2;2;0;0;0;0;0;0;0;0;0;0;0.487036477
L86;2.470751809;-2.354184404;2.640996855;-2.289138334;7.689917113;0.239484487;31.1333102;10.04580932;1.955406888;915.96757;23.58505748;21.48442646;23.27328085;14.81940434;12.0045794;14.82622934;11.89114018;17.96677992;6.36040585;13.55874003;5.089283896;11.73567677;15.84317618;0;0;22.00226733;11.83581209;11.49902367;21.73598278;0;0;105.6355744;9.473725908;470.2503538;0.625;0.96875;1.25;0.571428571;-1.1;32;430.254;10388894.91;24.03817318;8.285566073;4.009983761;197.5423701;6.645331042;0.484744743;6.645331042;0.128234092;0.175898985;0.128234092;-0.477633407;-0.484744743;7.914;143;470.574;0;2;0;2;2;2;0;2;2;0;4;3;0;0;0;174;9.473725908;23.18913325;0;0;0;0;0;0;0;0;93.50284027;61.25078315;10.60907979;0;4;9.473725908;26.45225598;0;11.83581209;91.23963933;0;36.39820241;22.62592665;20.0828057;0;11.49902367;15.84317618;22.00226733;0;11.83581209;69.237372;36.39820241;0;11.12690298;18.46;13.29066208;0;0;3.266531531;2.73757821;3.700701601;13.40365308;0;23.53762179;-0.955266813;0;0;0;0;0;0;0;0;0;0;0;0;0;2;2;2;0;0;0;0;0;0;0;0;0;0;0.424400353
L88;2.333067976;-2.256126636;2.448207803;-2.28366229;7.735572757;0.672080291;31.13292131;10.24050894;1.384804177;1008.077013;21.5893649;18.21745346;20.00630784;15.88214273;11.38680994;14.32451764;8.317501757;13.0746049;6.171316688;11.65287426;4.677632039;10.0617714;0;0;0;15.84317618;11.70083528;6.544756406;33.80089124;0;0;126.64413;0;453.1775232;0.5625;0.96875;1.40625;0.172413793;-2.3;32;424.274;52928845.69;21.54073119;10.54408831;5.023046634;193.9707981;3.929086357;0.312933734;3.929086357;0.011925083;0.364037704;0.011925083;-0.367427622;-0.312933734;4.9827;143.2067;453.506;1;1;0;1;1;4;0;4;1;1;3;7;0;1;1;160;5.316788604;0;0;0;0;0;0;0;0;0;121.3273414;49.64406742;18.24559169;0;5;0;37.06133577;5.316788604;0;18.1216569;12.70666643;121.3273414;0;26.53494819;0;0;15.84317618;24.40750171;0;0;6.420821623;121.3273414;0;0;12.03;0;0;0;9.876986481;0.669626585;0;45.11720964;2.445045089;1.104079008;-0.731465326;0;0;0;0;0;1;0;0;0;0;0;0;0;4;0;0;0;0;0;0;0;0;0;0;0;0;0.389309599
L89;2.289924547;-2.280321771;2.46317309;-2.260673866;7.80442729;0.410590904;31.13289543;10.02849111;1.687951377;1529.556158;28.7271931;23.72203077;25.51088515;20.7963563;13.94715394;16.63043551;9.721814528;14.09265781;7.23767074;12.20479881;5.417264758;10.36881401;15.84317618;0;0;0;0;22.62592665;31.82723938;14.21959508;0;157.7255438;9.473725908;582.1877535;0.333333333;0.619047619;0.880952381;0.052631579;-4.22;42;550.364;6718284347;27.92568552;13.17590867;5.617050631;250.6732196;6.170010603;0.496086241;6.170010603;0.12701326;0.841375556;0.12701326;-0.898240064;-0.496086241;6.8872;182.394;582.62;0;2;0;0;0;6;0;6;2;0;4;9;0;0;0;206;9.473725908;11.49902367;0;0;0;0;0;0;0;0;145.5928096;59.8031497;11.12690298;14.21959508;6;9.473725908;47.67041556;0;0;0;14.21959508;157.7255438;22.62592665;41.30096529;0;11.49902367;15.84317618;14.21959508;0;0;0;157.7255438;0;11.12690298;18.46;12.34002121;0;0;7.638224933;2.177091627;1.682751113;56.241042;0;0;1.735683935;0;0;0;0;0;0;0;0;0;0;0;0;0;6;0;2;0;0;2;0;0;0;0;0;0;0;0.173056771
L98;2.432498562;-2.344551441;2.541044034;-2.337965775;7.772774061;0.332668895;31.13571614;10.19416744;1.468335606;1225.54442;25.57249257;21.5514184;23.34027278;18.86530598;13.41630959;16.23795953;9.89657771;14.76875952;7.384420839;13.4105061;5.743568133;12.31034723;15.84317618;0;0;0;11.3179889;19.63426922;26.78161108;0;0;156.5590864;0;529.2088233;0.421052632;0.710526316;1.026315789;0.142857143;-3.08;38;496.34;1220130920;25.21185827;12.18749469;5.66900762;229.2378638;2.729259259;0.297736934;2.729259259;0.023377357;0.531203902;0.023377357;-0.531203902;-0.297736934;6.5052;167.439;529.604;0;1;0;1;1;5;0;5;1;0;3;8;0;1;1;188;0;0;0;0;0;0;4.899909731;0;0;0;151.6591767;42.62478726;30.95225812;0;6;0;37.06133577;4.899909731;0;17.86274531;13.08951281;157.2226282;0;21.21815958;0;0;15.84317618;29.30741144;6.544756406;0;5.563451492;151.6591767;0;0;3.24;0;0;2.729259259;5.949386915;2.52265852;0;56.26475443;0;3.24449683;-1.062407804;0;0;0;0;1;0;0;1;0;0;0;0;0;5;0;0;0;0;0;0;0;0;0;0;0;0;0.207407488
L106;2.333013254;-2.288690218;2.478162598;-2.280262204;7.804787476;0.361891876;31.13289763;10.08478634;1.828435159;2007.500908;38.84384155;33.50475131;35.29360569;25.8108344;18.01846149;20.70174306;14.19050871;18.56135199;9.279252372;14.04666291;7.474607814;13.18663678;15.84317618;0;0;0;23.51995335;21.73598278;65.72577152;28.43919017;0;140.3190366;28.91540886;756.3245813;0.333333333;0.574074074;0.777777778;0.260869565;-4.76;54;706.464;5.50145E+11;38.94872817;16.31125013;8.162507238;322.9890272;6.290311266;0.480885588;6.290311266;0.224802438;0.437881866;0.224802438;-1.195866213;-0.480885588;8.16176;228.984;756.864;0;6;0;0;0;4;2;6;6;0;8;11;0;0;0;278;18.94745182;0;0;23.51995335;0;0;0;0;9.967957042;0;117.3040168;92.45123337;22.74181393;39.56609315;6;18.94745182;47.67041556;9.967957042;0;55.3898976;28.43919017;129.4367509;34.64685633;50.77469119;0;23.51995335;15.84317618;38.40714721;0;55.3898976;44.50761193;84.92913896;0;11.12690298;62.7;24.42779852;0;9.931207535;6.944193464;11.27182064;1.819689482;31.52943734;0;17.29795425;4.259380248;2;0;0;0;2;0;0;0;0;0;0;0;8;4;0;4;0;0;4;0;0;0;2;0;0;0;0.124503301
L108;2.250002148;-2.295594297;2.457301642;-2.250923461;7.766870544;1.112833345;31.13562755;10.35845182;1.701360711;906.6357829;19.89069429;16.72588963;18.51474401;14.32649984;10.09718682;13.03489451;7.171825641;12.08017819;5.092034054;10.9090209;3.756865235;9.514969142;7.921588092;0;0;7.921588092;5.658994451;0;27.38006961;0;0;128.2510786;0;412.1509741;0.482758621;0.793103448;1.137931034;0.111111111;-2.26;29;386.245;7226165.305;20.03071998;9.975902769;5.023132656;176.6968828;2.451306584;0.062222829;2.451306584;-0.011186093;0.387267889;0.011186093;-0.409130029;-0.062222829;5.6407;132.473;412.453;0;0;0;0;0;4;0;4;0;0;2;7;0;0;0;144;0;0;0;0;0;0;0;0;0;0;128.2510786;48.88224025;0;0;4;0;37.06133577;0;0;12.58273165;6.161910027;121.3273414;0;21.21815958;0;0;15.84317618;11.82090448;0;0;6.9237372;121.3273414;0;0;0;0;0;0;5.877586504;0.584558663;0;44.33778849;1.193305829;2.451306584;-0.796397917;0;0;0;0;0;0;0;0;0;0;0;0;0;4;0;0;0;0;0;0;0;0;0;0;0;0;0.344724256
L110;2.521372711;-2.476061351;2.754477835;-2.346351507;7.816630462;0.35727144;31.18506579;10.229764;2.6343814;577.1271288;18.49963552;17.02032485;18.80917923;10.7810403;8.707040748;11.52869069;9.503621358;16.80116392;4.265062158;12.0038685;3.779927083;14.26573759;7.921588092;0;0;28.97596791;0;11.49902367;5.304539896;7.109797541;6.066367068;74.44636893;9.473725908;368.2034036;0.958333333;1.5;1.916666667;0.7;-0.32;24;334.166;97779.73798;19.99758207;6.441688464;3.756619187;150.7612228;6.681340021;0.495946502;6.681340021;0.140573152;0.177546296;0.140573152;-0.478395062;-0.495946502;6.3558;110.143;368.438;0;2;0;1;1;1;0;1;2;0;4;2;0;0;0;136;9.473725908;17.08516686;0;0;0;0;0;0;0;0;68.38000187;43.44414694;0;12.41433744;2;9.473725908;21.14771608;0;0;83.36801462;7.109797541;18.19910121;11.49902367;14.7782658;0;11.49902367;15.84317618;28.16417736;0;0;62.3136348;18.19910121;0;0;18.46;12.40651266;0;0;1.97581609;0.278981481;2.037213509;6.256461115;0;21.3418117;0.934684928;0;0;0;0;0;0;0;0;0;0;0;0;0;1;1;2;0;0;1;0;0;0;0;0;0;0;0.565896842
L111;2.279239376;-2.346697913;2.493297414;-2.314087751;7.722338715;0.788767804;31.13514819;10.25004993;3.23330817;357.2933668;14.1378282;13.20382827;14.99268265;8.048547388;6.616204651;10.19391342;6.94838911;12.83135004;3.616901555;10.04358226;1.754127593;5.555260377;0;0;0;15.84317618;10.31215775;0;0;10.60907979;0;79.13754268;0;282.1666242;0.666666667;0.944444444;1.166666667;0.625;0.08;18;254.124;5104.486171;16.13530973;5.601002265;3.78553013;116.080195;2.430555556;0.072288244;2.430555556;-0.014143468;0.100915638;0.014143468;-0.100915638;-0.072288244;4.7576;90.904;282.348;0;0;0;0;0;1;0;1;0;0;2;2;0;0;0;102;0;0;0;0;0;0;0;0;0;0;81.65106766;34.25088875;0;0;1;0;26.45225598;0;0;51.85458095;13.32965121;24.26546827;0;10.60907979;0;0;15.84317618;23.64180896;0;0;41.5424232;24.26546827;0;0;0;0;0;0;4.005544953;0;0;9.123215021;0;19.05455278;-0.201831276;0;0;0;0;0;0;0;0;0;0;0;0;0;1;0;0;0;0;0;0;0;0;0;0;0;0;0.68616491
L119;2.453055988;-2.416170404;2.61360705;-2.418311074;7.726016965;0.024153936;31.13303268;9.994255017;1.447867878;970.6657184;27.24406544;24.43342929;26.22228367;18.88796135;15.53579745;18.61187351;12.98863816;18.32796184;8.963735258;15.53009667;7.264523654;14.37903423;13.5226389;4.794537184;0;20.05666899;5.658994451;30.44547696;74.81729602;0;20.7712116;65.56358042;4.736862954;565.3238531;0.769230769;1.256410256;1.717948718;0.617647059;-1.43;39;516.327;862520637.3;29.07575942;13.48783494;7.652879498;239.5340021;13.76470233;0.443681478;13.76470233;0.410066322;0.084981424;0.410066322;-0.555933595;-0.443681478;8.6446;169.738;565.719;0;3;2;1;3;2;0;2;2;0;5;7;2;1;3;212;9.636772685;5.601050811;0;0;0;6.093240071;0;4.794537184;0;0;107.1101885;94.54488098;12.58659724;0;5;9.531400138;32.54549605;4.899909731;0;120.0201244;12.70666643;60.66367068;0;10.60907979;4.794537184;0;15.84317618;52.31969123;4.736862954;0;91.40024945;60.66367068;0;0;29.54;6.065322919;0;15.95727791;2.82058158;2.004305056;0;22.31181485;16.2897572;6.923336987;-0.64091502;0;1;1;0;1;0;0;1;0;0;1;0;0;2;0;1;0;0;0;0;0;0;0;0;0;0;0.314589261
L120;2.494914654;-2.271742112;2.56312881;-2.280696865;7.804495434;-0.287482528;31.13289691;10.01803247;1.495553449;1869.500343;32.88189364;24.89568471;26.68453909;23.27951954;14.94466451;17.62794608;10.92189985;15.29274313;7.887830505;12.85495858;6.023664878;10.93485669;28.43247589;17.56166019;0;34.12495032;10.60907979;21.21815958;12.13273414;12.13273414;121.3273414;0;18.94745182;682.1085954;0.354166667;0.645833333;0.9375;0.052631579;-4.9;48;658.354;1.27184E+11;30.43448871;11.963465;5.552404096;275.5507894;14.98651429;0.5858093;14.98651429;0.5858093;0.176855999;0.395258444;-3.985156547;-0.395258444;7.513;181.696;682.546;0;4;0;2;2;6;0;6;4;0;10;7;0;0;0;238;18.94745182;0;22.99804733;0;0;12.5892997;0;0;0;17.56166019;121.3273414;71.93588384;11.12690298;0;8;36.50911201;47.67041556;0;0;12.5892997;0;145.5928096;34.12495032;50.77469119;17.56166019;22.99804733;15.84317618;12.5892997;0;0;0;145.5928096;0;11.12690298;36.92;80.44158135;0;0;4.829919052;0.353711997;-0.955178047;44.85948605;-7.970313093;0;-2.911059158;0;0;0;0;0;0;0;0;4;0;0;0;0;6;2;4;0;4;0;0;0;0;0;0;0;0;0.12913254
L121;2.331205921;-2.262933615;2.603616314;-2.077307398;7.630596946;0.776935475;31.13575401;10.2098642;1.820470927;184.7752311;11.7067423;11.44646895;13.23532334;7.592224153;7.10764533;10.43814751;6.026438738;12.50392881;4.885445769;12.28026956;3.609436708;10.88061744;0;0;0;0;15.84317618;22.6359778;25.68328649;12.32382005;0;27.6949488;0;258.1666242;0.625;0.875;1.125;1;0.86;16;230.102;5582.458697;13.29538834;5.666808716;2.812248715;104.471207;2.517825596;0.100544602;2.517825596;-0.02348747;0.394382716;0.02348747;0.394382716;-0.100544602;5.0918;79.89;258.326;0;0;0;2;2;0;0;0;0;0;2;3;0;2;2;94;0;0;0;0;0;0;0;0;0;15.84317618;27.6949488;60.64308435;0;0;2;0;15.84317618;0;0;76.01421309;12.32382005;0;0;0;0;0;15.84317618;34.95979786;0;0;53.37823529;0;0;0;0;0;0;0;0;4.308204837;0;0;9.313208827;10.07130239;0.788765432;0;0;0;0;0;0;0;0;0;0;0;0;0;0;0;0;0;0;0;0;0;0;0;0;0;0;0.618291209
L122;2.340406249;-2.318748292;2.520999801;-2.286534543;7.804488246;0.169658124;31.13289621;10.00940866;1.479720274;1727.54068;30.71032077;25.21225394;27.00110832;22.86530598;15.52693952;18.21022109;10.9807612;15.35160448;8.163114116;13.13024219;6.229570068;11.14076188;15.84317618;0;0;0;26.42752786;34.12495032;31.82723938;0;0;145.5928096;18.94745182;638.1775828;0.326086957;0.630434783;0.956521739;0.1;-4.62;46;606.384;87689407603;28.82646497;13.00915677;5.427659528;271.618532;6.604983203;0.486121958;6.604983203;0.16949637;0.478075584;0.16949637;-0.983797483;-0.486121958;6.4124;191.27;638.64;0;4;0;2;2;6;0;6;4;0;6;7;0;0;0;226;18.94745182;26.42752786;22.99804733;0;0;0;0;0;0;0;121.3273414;71.93588384;11.12690298;0;8;18.94745182;47.67041556;0;0;0;26.42752786;145.5928096;34.12495032;50.77469119;0;22.99804733;15.84317618;26.42752786;0;0;0;145.5928096;0;11.12690298;36.92;25.73175142;0;0;7.432597676;2.042091627;3.042802396;51.88649325;0;1.980006747;-1.967594966;0;0;0;0;0;0;0;0;0;0;0;0;0;6;2;4;0;0;0;0;0;0;0;0;0;0;0.189567777
L125;2.484684247;-2.347034589;2.550331604;-2.35435151;7.799849213;0.511507352;31.13289085;9.763568639;1.373893396;1644.733754;28.64140667;24.23396131;26.0228157;21.33326645;15.38662263;18.0699042;11.71764829;16.08849157;9.396228383;14.36335646;7.676353206;12.89915361;15.84317618;0;0;5.414990469;0;12.84164325;34.05980283;32.86288576;0;157.7255438;0;588.2135743;0.348837209;0.674418605;1;0.12195122;-3.82;43;554.399;23720954561;26.78110071;11.35378592;4.604731831;257.5292932;2.467679884;0.062222468;2.467679884;0.022733941;0.047759354;0.022733941;-0.687525896;-0.062222468;7.3815;187.718;588.671;0;0;2;0;2;6;0;6;0;0;2;6;0;0;0;208;0;0;0;0;0;0;0;0;0;0;157.7255438;95.60750802;5.414990469;0;8;0;47.67041556;0;0;31.09827696;0;179.9793497;0;31.82723938;0;0;15.84317618;0;18.25663372;0;35.09544921;157.7255438;0;0;0;0;0;0;8.82733233;6.435455457;0;59.48032166;4.69675716;0;-1.375051793;0;0;0;0;0;0;0;0;0;0;0;0;2;6;4;0;0;0;0;0;0;0;0;0;0;0;0.178236892
L126;2.546008058;-2.395867949;2.689741142;-2.376596537;7.723003625;0.171271557;31.13603534;10.05677837;1.498290049;1338.808692;26.65612529;23.10322862;24.892083;18.14299642;13.43321219;16.25486213;12.13515712;18.21079685;7.343144053;14.12567422;5.858927629;12.761862;15.84317618;0;0;22.00226733;0;11.49902367;32.86288576;0;0;138.6042963;9.473725908;538.2190537;0.473684211;0.842105263;1.184210526;0.294117647;-2.66;38;502.32;515236225.5;25.60916033;9.514267631;4.368715167;229.4669058;7.014376548;0.480708742;7.014376548;0.162366828;0.008128044;0.162366828;-0.692128976;-0.480708742;8.9692;165.202;538.608;0;2;0;2;2;4;0;4;2;0;4;3;0;0;0;194;9.473725908;11.49902367;11.69010958;0;0;0;0;0;0;0;126.4715622;60.54187404;10.60907979;0;6;9.473725908;26.45225598;0;0;63.54469053;0;97.0618731;33.75282963;20.0828057;0;11.49902367;15.84317618;22.00226733;0;0;41.5424232;97.0618731;0;22.25380597;18.46;14.0287531;0;0;2.875901088;5.106730005;2.046868581;34.70758209;0;14.26657124;-1.384257953;0;0;0;0;0;0;0;0;0;0;0;0;0;4;2;2;0;0;0;0;0;0;0;0;0;0;0.242480034
L129;2.485265564;-2.348026228;2.55131066;-2.354976431;7.799891759;0.511507079;31.1328915;9.763565886;1.363187441;1809.2659;32.12238062;27.92456024;29.71341462;22.90865385;17.02935704;19.71263861;13.71764829;18.08849157;10.50733949;15.47446757;8.143430656;13.27398548;15.84317618;0;0;5.414990469;0;12.84164325;56.3136088;32.86288576;0;161.1550243;0;644.2761746;0.382978723;0.680851064;0.978723404;0.2;-3.82;47;602.443;96184011703;30.50945676;12.32529502;5.411224707;282.9890616;2.486794968;0.061314675;2.486794968;0.022733941;0.03155565;0.022733941;-0.719649999;-0.061314675;8.61518;206.666;644.779;0;0;2;0;2;6;0;6;0;0;2;6;0;0;0;232;0;0;0;0;0;0;0;0;0;0;155.7138815;123.3024568;5.414990469;0;8;0;47.67041556;0;0;58.79322576;0;177.9676874;0;31.82723938;0;0;15.84317618;0;18.25663372;27.6949488;57.34925518;133.4600755;0;0;0;0;0;0;8.882038111;11.70320761;0;52.10714102;4.682944283;8.795450453;-1.439299999;0;0;0;0;0;0;0;0;0;0;0;0;6;6;4;0;0;0;0;0;0;0;0;0;0;0;0.159417008
L130;2.331161742;-2.303597546;2.504477546;-2.27699058;7.804916834;0.391827625;31.13289906;10.01891661;1.853490445;2242.462752;45.15324262;39.08861674;40.87747113;29.67293503;20.4188235;23.10210508;15.569645;19.94048828;11.38243789;16.14984843;8.933737179;14.62857972;15.84317618;0;0;0;22.99804733;110.4598016;0;56.87838033;12.13273414;116.0535683;37.89490363;874.3763421;0.274193548;0.5;0.677419355;0.307692308;-5.42;62;814.512;2.42363E+13;46.09148056;19.31751474;8.651230871;370.4636806;6.489723996;0.496599348;6.489723996;0.130709308;0.65241852;0.130709308;-1.32027969;-0.496599348;9.40616;259.602;874.992;0;8;0;0;0;6;0;6;8;0;10;15;0;0;0;326;37.89490363;45.99609467;0;0;0;0;0;0;0;0;0;197.622516;33.86871691;56.87838033;6;37.89490363;47.67041556;0;0;55.3898976;56.87838033;117.3040168;57.12299765;69.72214301;0;45.99609467;15.84317618;56.87838033;0;55.3898976;44.50761193;72.79640482;0;11.12690298;73.84;48.80999937;0;0;6.664503782;10.21843499;6.13706992;26.34731679;0;16.85648201;11.11434129;0;0;0;0;0;0;0;0;0;0;0;0;8;6;0;8;0;0;8;0;0;0;0;0;0;0;0.094653823
L134;2.484336211;-2.475655335;2.791431195;-2.247565476;7.628092978;0.723328682;31.13591916;9.831542037;1.377139283;2584.375113;36.93178169;32.31974775;34.10860213;26.07564941;19.66599278;22.85812659;17.63061375;23.93818348;12.46572155;20.00597746;10.00456202;17.34735781;15.84317618;0;0;10.31215775;11.3179889;12.32382005;76.47050267;11.12690298;0;187.1352328;0;734.3231248;0.351851852;0.648148148;0.981481481;0.230769231;-4.34;54;686.52;2.63382E+12;34.17171748;12.60003855;5.319850546;322.6963577;2.587903019;0.087960719;2.587903019;0.016452964;0.122938138;0.016452964;-0.557296933;-0.087960719;16.0038;240.016;734.904;0;0;0;2;2;8;0;8;0;0;2;1;0;0;0;266;0;0;0;0;0;0;0;0;0;0;202.978409;110.2333835;11.3179889;0;10;0;58.9329699;0;0;75.4963899;0;167.8466156;22.25380597;0;0;0;15.84317618;10.31215775;12.32382005;0;75.11421807;145.5928096;0;65.34359968;0;0;0;0;11.14538407;12.84833422;0;56.53979894;2.240643585;15.32191453;-1.114593866;0;0;0;0;0;0;0;0;0;0;0;0;0;8;14;0;0;0;0;0;0;0;0;0;0;0;0.147356997
L138;2.550025128;-2.392059737;2.690489449;-2.375736756;7.72205126;0.171104909;31.13603436;10.24998387;1.849677059;867.6977194;21.8445705;19.14622251;20.93507689;14.07404674;10.33658986;13.1582398;9.712505871;15.78814561;5.539345717;12.28084328;4.424681534;11.2077847;15.84317618;0;0;22.00226733;0;22.99804733;10.60907979;14.21959508;24.26546827;53.67515734;18.94745182;446.1775828;0.666666667;1.033333333;1.333333333;0.5;-1.5;30;414.208;5174898.719;21.72146636;7.572541908;3.466953373;182.3096921;6.701825056;0.49594674;6.701825056;0.162490971;0.033572006;0.162490971;-0.690164242;-0.49594674;5.6524;127.434;446.464;0;4;0;2;2;2;0;2;4;0;6;3;0;0;0;162;18.94745182;22.99804733;11.69010958;0;0;0;0;0;0;0;53.67515734;50.42080221;0;24.82867488;4;18.94745182;26.45225598;0;0;63.54469053;14.21959508;36.39820241;22.99804733;29.55653161;0;22.99804733;15.84317618;36.22186242;0;0;41.5424232;36.39820241;0;0;36.92;24.93679087;0;0;2.535079496;0;3.65504236;12.25504173;0;13.82521321;2.10764714;0;0;0;0;0;0;0;0;0;0;0;0;0;2;2;4;0;0;2;0;0;0;0;0;0;0;0.571086469
L139;2.277048428;-2.314234306;2.495897617;-2.194461759;7.742842247;0.681805146;31.13892857;9.794706224;1.331813252;1752.707398;32.12453433;27.4076879;29.19654228;23.83163248;17.46995596;20.15323754;12.90243792;16.75688342;9.837697377;14.02487737;7.518906185;11.3671724;16.14462839;0;0;0;0;25.68328649;80.53002459;11.12690298;0;155.7673998;0;660.2823226;0.333333333;0.645833333;0.979166667;0.181818182;-4.22;48;618.446;2.28075E+11;31.07219435;14.49341552;6.451126318;287.8362626;4.221864551;0.356455501;4.221864551;0.052249414;0.82318853;0.052249414;-0.82318853;-0.356455501;10.0308;210.5514;660.782;2;2;2;0;2;6;0;6;2;2;4;9;0;0;0;238;10.17459013;0;0;0;0;0;0;0;0;0;133.4600755;85.75311309;43.71983512;16.14462839;8;0;48.73756053;0;0;51.36657298;10.17459013;167.8466156;11.12690298;31.39274971;11.37477255;0;16.14462839;0;25.68328649;0;47.93709246;145.5928096;0;11.12690298;24.06;0;0;0;13.80478742;11.54725678;0;53.837955;9.604526015;0;-1.646377061;0;0;0;0;0;2;0;0;0;0;0;2;2;6;2;0;0;0;0;0;0;0;0;0;0;0;0.150947868
L143;2.421348927;-2.308104093;2.477612719;-2.417988661;7.735635878;0.024165091;31.13292256;10.17682197;1.514514716;1248.506149;27.24406544;22.98116363;24.77001802;18.88796135;13.65498731;16.592695;10.99885728;15.75596042;6.983310111;12.42631794;5.330696339;10.80369918;21.444227;4.794537184;0;12.1350809;12.20375086;12.58273165;21.21815958;0;20.7712116;126.2272511;4.736862954;553.2299527;0.717948718;1.128205128;1.538461538;0.264705882;-2.99;39;516.327;862520637.3;27.57212509;12.45957684;6.964698986;235.2805475;13.68515553;0.443681476;13.68515553;0.410066654;0.105368376;0.410066654;-0.638870313;-0.443681476;6.6302;168.144;553.623;0;3;0;1;1;4;0;4;2;0;5;7;0;1;1;200;9.636772685;5.601050811;0;0;0;6.093240071;0;4.794537184;0;0;121.3273414;70.41527902;18.24559169;0;5;9.531400138;43.15457584;4.899909731;0;44.49391931;12.70666643;121.3273414;0;21.21815958;4.794537184;0;15.84317618;41.00170233;4.736862954;0;27.19203322;121.3273414;0;0;29.54;5.985776119;0;15.73906757;5.419525061;-0.18229785;0;43.44430231;1.695530518;6.570595133;-1.274350709;0;1;1;0;1;0;0;1;0;0;1;0;0;4;0;1;0;0;0;0;0;0;0;0;0;0;0.240597295
L147;2.324134994;-2.278560695;2.470201592;-2.271614875;7.804514493;0.361891931;31.13289625;10.085525;1.76062381;1674.216832;31.88189364;26.12355347;27.91240785;22.6600596;14.73299267;17.41627424;10.14905683;14.51990011;7.478227917;12.40541248;5.463897197;10.39515021;15.84317618;0;0;0;23.51995335;21.73598278;21.21815958;28.43919017;36.39820241;97.0618731;28.91540886;644.1993808;0.391304348;0.673913043;0.913043478;0.105263158;-4.76;46;610.376;39552736112;31.23193915;14.55754243;6.325953459;272.0694902;6.118942954;0.480885588;6.118942954;0.224802438;0.427131887;0.224802438;-1.110475266;-0.480885588;5.6944;191.088;644.648;0;6;0;0;0;4;2;6;6;0;8;11;0;0;0;230;18.94745182;0;0;23.51995335;0;0;0;0;9.967957042;0;121.3273414;37.06133577;22.74181393;39.56609315;6;18.94745182;47.67041556;9.967957042;0;0;28.43919017;133.4600755;34.64685633;50.77469119;0;23.51995335;15.84317618;38.40714721;0;0;0;133.4600755;0;11.12690298;62.7;23.78987518;0;9.677853626;6.731377595;1.617560259;1.780806323;46.23154183;0;0;4.319133334;2;0;0;0;2;0;0;0;0;0;0;0;0;4;0;4;0;0;4;0;0;0;2;0;0;0;0.168998978
L149;2.312942095;-2.291638237;2.488882807;-2.266865644;7.80460384;0.391828616;31.13289685;10.01917183;1.762376409;1827.801656;35.36286759;30.07442574;31.86328012;24.235447;16.63600043;19.319282;12.4605841;16.83142738;8.9214602;13.84864477;6.195119293;11.09682732;15.84317618;0;0;0;0;44.73403011;43.47196555;28.43919017;12.13273414;136.889556;18.94745182;698.2714831;0.34;0.6;0.82;0.181818182;-4.62;50;654.428;1.60418E+11;35.21460011;15.50997074;7.290182438;299.0899627;6.32752235;0.496599348;6.32752235;0.130709308;0.720881887;0.130709308;-1.076109045;-0.496599348;8.13808;214.446;698.78;0;4;0;0;0;6;0;6;4;0;6;11;0;0;0;254;18.94745182;22.99804733;0;0;0;0;0;0;0;0;119.3156791;76.88901871;33.86871691;28.43919017;6;18.94745182;47.67041556;0;0;27.6949488;28.43919017;143.5811473;34.12495032;50.77469119;0;22.99804733;15.84317618;28.43919017;0;27.6949488;22.25380597;121.3273414;0;11.12690298;36.92;24.58172932;0;0;7.185421286;6.853309335;2.915255102;44.01081666;0;8.519334159;4.748948958;0;0;0;0;0;0;0;0;0;0;0;0;4;6;0;4;0;0;4;0;0;0;0;0;0;0;0.12818648
L153;2.531780681;-2.390057286;2.674599857;-2.37371724;7.719625368;0.171252976;31.13603252;10.25105871;1.795002606;749.8773399;18.68986997;16.48442646;18.27328085;12.17666993;9.278511653;12.10016159;9.033923447;15.17874736;4.943329748;11.61673223;4.00904022;10.62211194;15.84317618;0;0;22.00226733;0;11.49902367;10.60907979;0;0;90.07335975;9.473725908;386.1564534;0.615384615;0.961538462;1.307692308;0.454545455;-1.1;26;358.188;831588.0547;18.27202759;6.216932952;2.961345823;159.3527174;6.606628296;0.480732567;6.606628296;0.162343074;0.11123714;0.162343074;-0.483826846;-0.480732567;5.6352;114.33;386.412;0;2;0;2;2;2;0;2;2;0;4;1;0;0;0;138;9.473725908;11.49902367;11.69010958;0;0;0;0;0;0;0;77.94062561;38.28806807;10.60907979;0;4;9.473725908;26.45225598;0;0;63.54469053;0;48.53093655;11.49902367;20.0828057;0;11.49902367;15.84317618;22.00226733;0;0;41.5424232;48.53093655;0;0;18.46;13.21325659;0;0;3.124629157;0;2.337199127;17.19897597;0;14.07507433;-0.967653691;0;0;0;0;0;0;0;0;0;0;0;0;0;2;2;2;0;0;0;0;2;0;0;0;0;0;0.591139799
L157;2.39299351;-2.415910811;2.61008905;-2.299391617;7.677799457;0.391704358;31.1330988;9.990627832;1.619803169;1122.876731;31.88189364;29.28835813;31.07721251;22.6600596;18.7548863;21.71490461;14.42944303;19.94332173;11.6996674;18.73049515;9.439768424;17.4048814;15.84317618;0;0;0;0;45.63402514;150.1524152;0;28.43919017;24.26546827;18.94745182;666.3966837;0.391304348;0.673913043;0.913043478;0.7;-1.5;46;606.384;39552736112;34.36593205;16.7450317;7.54419078;282.1371036;6.440309167;0.496599735;6.440309167;0.130686014;0.409261799;0.130686014;-0.409261799;-0.496599735;10.9332;198.686;666.864;0;4;4;0;4;2;0;2;4;0;6;11;4;0;4;254;18.94745182;22.99804733;0;0;0;0;0;0;0;0;92.89303566;96.74436472;23.25963712;28.43919017;6;18.94745182;26.45225598;0;0;151.0524103;28.43919017;24.26546827;34.12495032;29.55653161;0;22.99804733;15.84317618;51.07516797;0;0;128.4164325;24.26546827;0;11.12690298;36.92;24.99534852;0;0;3.049916961;5.723687716;3.788882868;9.211759574;27.47721576;0;6.56800341;0;0;0;0;0;0;0;0;0;0;0;0;0;2;0;4;0;0;4;0;0;0;0;0;0;0;0.223746098
L165;2.30473635;-2.256390037;2.562020804;-2.232558075;7.702171073;1.390817663;31.13499965;9.878607333;1.105916293;2511.770299;34.17442238;28.88866185;30.67751624;25.78112222;18.40582398;21.8300733;14.48412775;18.87198845;11.56919942;16.77792798;9.248692854;15.09211589;15.84317618;0;0;0;0;24.64764011;87.59740565;10.60907979;0;169.8582779;0;698.2292244;0.25;0.5;0.788461538;0.08;-5.12;52;662.498;3.03589E+12;30.50108201;12.243046;4.821194791;306.833915;2.503599773;0.065615766;2.503599773;-0.00231821;0.506671567;0.00231821;-0.506671567;-0.065615766;13.2754;228.146;698.786;0;0;0;2;2;9;0;9;0;0;2;2;0;0;0;246;0;0;0;0;0;0;0;0;0;0;185.7014541;122.8541256;0;0;11;0;69.54204969;0;0;24.64764011;0;192.1120839;22.25380597;10.60907979;0;0;15.84317618;0;24.64764011;0;22.25380597;169.8582779;0;65.34359968;0;0;0;0;14.02686942;11.80061129;0;64.94058347;4.393427108;0;-1.013343134;0;0;0;0;0;0;0;0;0;0;0;0;0;9;14;0;0;0;0;0;0;0;0;0;0;0;0.15771145
L167;2.443464336;-2.369291669;2.631850277;-2.335491555;7.732520455;0.543106532;31.13532554;10.012;2.084582639;546.0749158;20.58505748;19.65105755;21.43991193;13.23495856;11.89248807;14.85250638;10.70341337;15.94926817;7.461851558;15.80719611;5.964850039;14.54378101;0;0;0;15.84317618;0;46.30760199;25.68328649;0;10.60907979;79.65536587;0;418.2918247;0.535714286;0.785714286;1;0.769230769;0.08;28;374.234;1980316.025;22.75824454;9.479395918;4.397082302;177.7179539;2.575936214;0.067745949;2.575936214;-0.014282131;0.043342992;0.014282131;-0.043342992;-0.067745949;7.587;132.522;418.586;0;0;0;2;2;1;0;1;0;0;2;6;0;2;2;158;0;0;0;0;0;0;0;0;0;0;95.49854206;82.59996827;0;0;3;0;26.45225598;0;23.67162418;103.7091619;0;24.26546827;0;10.60907979;0;0;15.84317618;22.6359778;0;23.67162418;81.07318409;24.26546827;0;0;0;0;0;0;3.660576132;3.707974301;3.281720207;9.863036449;5.83212501;19.88940203;-0.086685983;0;0;0;0;0;0;0;0;0;0;0;0;0;1;0;0;0;0;0;0;0;0;0;0;0;0;0.417558755
L170;2.384273795;-2.353716634;2.526123432;-2.312000585;7.805301645;0.381282657;31.13290271;9.791909355;1.71881617;3278.26617;63.98166975;58.07442574;59.86328012;39.56878033;31.13600043;33.819282;32.32902578;36.69986906;17.15402682;21.96138087;12.58001253;17.71350785;15.84317618;0;0;43.31992376;0;22.99804733;109.0066512;0;28.43919017;287.4970342;18.94745182;1190.740985;0.244186047;0.430232558;0.604651163;0.45;-5.66;86;1086.824;4.74E+18;66.29638448;23.37146459;12.93396772;522.671671;6.581882813;0.49614282;6.581882813;0.125849194;0.243434188;0.125849194;-1.380012999;-0.49614282;19.5908;380.11;1191.656;0;4;0;0;0;8;0;8;4;0;6;11;0;0;0;458;18.94745182;22.99804733;0;0;0;0;0;0;0;0;238.9660976;172.1930757;44.50761193;28.43919017;8;18.94745182;69.21531242;0;0;209.4896165;28.43919017;165.8349533;34.12495032;50.77469119;0;22.99804733;15.84317618;28.43919017;43.31992376;0;210.6773047;121.3273414;0;32.67179984;36.92;26.32753125;0;0;12.64818137;10.25626011;3.87924441;48.30657734;0;56.06925248;4.66110119;0;0;0;0;0;0;0;0;0;0;0;0;0;8;2;4;0;0;4;0;0;0;0;0;0;0;0.120982775
L178;2.300510374;-2.297286636;2.469351186;-2.275200956;7.804430514;0.214461284;31.13289545;10.0249832;1.540888885;1561.569668;28.14140667;23.13624433;24.92509872;20.88214273;14.20800763;16.8912892;10.01048966;14.38133294;7.396306047;12.36343412;5.620866997;10.57241625;15.84317618;0;0;0;13.21376393;22.62592665;31.82723938;0;0;157.7255438;9.473725908;580.1721035;0.333333333;0.642857143;0.952380952;0.052631579;-4.22;42;550.364;8805120699;26.66452729;12.33663142;5.251932488;249.6673884;6.48662058;0.489364043;6.48662058;0.127637992;0.500846512;0.127637992;-0.874147094;-0.489364043;6.6412;180.28;580.604;0;2;0;1;1;6;0;6;2;0;4;6;0;0;0;204;9.473725908;24.7127876;0;0;0;0;0;0;0;0;145.5928096;59.8031497;11.12690298;0;7;9.473725908;47.67041556;0;0;0;13.21376393;157.7255438;22.62592665;41.30096529;0;11.49902367;15.84317618;13.21376393;0;0;0;157.7255438;0;11.12690298;18.46;12.97324116;0;0;7.778069037;2.279591627;1.833214076;56.69730008;0;1.001693024;-1.748294187;0;0;0;0;0;0;0;0;0;0;0;0;0;6;3;2;0;0;0;0;0;0;0;0;0;0;0.205804757
