Ligand#,NE_quad,NW_quad,SW_quad,SE_quad,"+,+,+_octant","-,+,+_octant","-,-,+_octant","+,-,+_octant","+,-,-_octant","-,-,-_octant","-,+,-_octant","+,+,-_octant",bite_angle,cone_angle,distance_Rh_max_donor_gaussian,distance_Rh_min_donor_gaussian,buried_volume_Rh_3.5A,buried_volume_donor_max,buried_volume_donor_min,buried_volume_Rh_4A,buried_volume_Rh_5A,buried_volume_Rh_6A,buried_volume_Rh_7A,dispersion_p_int_Rh_gfn2_xtb,dispersion_p_int_donor_max_gfn2_xtb,dispersion_p_int_donor_min_gfn2_xtb,sasa_gfn2_xtb,ip_gfn2_xtb,dipole_gfn2_xtb,ea_gfn2_xtb,electrofugality_gfn2_xtb,nucleofugality_gfn2_xtb,nucleophilicity_gfn2_xtb,electrophilicity_gfn2_xtb,HOMO_LUMO_gap_gfn2_xtb,sum_electronic_and_free_energy_dft,sum_electronic_and_enthalpy_dft,zero_point_correction_dft,entropy_dft,dipole_moment_dft,lone_pair_occupancy_min_donor_dft,lone_pair_occupancy_max_donor_dft,dispersion_energy_dft,nbo_charge_Rh_dft,nbo_charge_min_donor_dft,nbo_charge_max_donor_dft,mulliken_charge_Rh_dft,mulliken_charge_min_donor_dft,mulliken_charge_max_donor_dft,homo_energy_dft,lumo_energy_dft,homo_lumo_gap_dft,hardness_dft,softness_dft,electronegativity_dft,electrophilicity_dft,free_ligand_dipole_moment_dft,free_ligand_lone_pair_occupancy_min_donor_dft,free_ligand_lone_pair_occupancy_max_donor_dft,free_ligand_dispersion_energy_dft,free_ligand_nbo_charge_min_donor_dft,free_ligand_nbo_charge_max_donor_dft,free_ligand_mulliken_charge_min_donor_dft,free_ligand_mulliken_charge_max_donor_dft,free_ligand_homo_energy_dft,free_ligand_lumo_energy_dft,free_ligand_homo_lumo_gap_dft,free_ligand_hardness_dft,free_ligand_softness_dft,free_ligand_electronegativity_dft,free_ligand_electrophilicity_dft,min_NBO_donor,max_NBO_donor,min_bv_donor,max_bv_donor,Rh_donor_min_d,Rh_donor_max_d,std_quad,min_quad,max_quad,std_oct,min_oct,max_oct,ratio_std_oct_std_quad,ratio_min_oct_min_quad,lone_pair_occ_min,lone_pair_occ_max,bite_angle_sin,bite_angle_cos,cone_angle_sin,cone_angle_cos,nbo_charge_max_donor_dft_abs_diff,nbo_charge_min_donor_dft_abs_diff,mulliken_charge_max_donor_dft_abs_diff,mulliken_charge_min_donor_dft_abs_diff,lone_pair_occupancy_max_donor_dft_abs_diff,lone_pair_occupancy_min_donor_dft_abs_diff
L100,0.407302619,0.444487456,0.401735141,0.30400255,0.1442421,0.105987032,0.104347529,0.188884398,0.670363139,0.78298788,0.503657572,0.614585883,104.9055061,239.9390263,2.342848595,2.326688026,0.605607063,0.954085911,0.915573751,0.609467134,0.581359781,0.501028391,0.389340669,55.5386901,73.12650262,65.31589869,778.9643222,5.880179893,4.589464145,5.759953733,7.042034243,0.247900617,-5.880179893,1.16185435,0.061741864,,,,,10.41701889,1.21522,1.17402,-4.491492544,-0.07726,1.03136,1.03964,-0.152244,0.389674,0.359746,-6.010722844,-1.979628262,4.031094581,2.015547291,0.496143159,3.995175553,3.959576581,0.9117596503465154,1.32862,1.36377,-3.7152030735865296,0.83758,0.75551,0.422715,0.350616,-4.983493058057,-0.7660004891575001,4.2174925688995,2.10874628444975,0.4742154176508422,2.8747467736072503,1.9594981798679785,1.03136,1.03964,0.915573751,0.954085911,2.326688026,2.342848595,0.0600000290032313,0.30400255,0.444487456,0.2827168955091245,0.104347529,0.78298788,4.711945980791089,0.3432455714598447,1.17402,1.21522,-0.943470214063324,-0.3314573202922296,0.9238364296403412,0.3827874753298324,0.2841299999999999,0.19378,0.00913,0.0330409999999999,0.1897499999999998,0.1133999999999999
L180,0.337771756,0.385408424,0.401407809,0.369078861,0.011186192,0.135042667,0.117497709,0.06885343,0.664357321,0.635774181,0.620660014,0.733962189,95.28496666,224.8188747,2.267885482,2.298442664,0.495754519,0.8726414,0.895051016,0.496652132,0.482324745,0.443200372,0.37339323,49.89046719,53.27521315,64.28368392,845.6748115,5.963602499,4.96294823,5.77613479,7.143793189,0.2500559,-5.963602499,1.180190689,0.065752571,,,,,10.53622509,1.13534,1.1623,-3.749881567,-0.06547,1.09259,1.09272,-0.113384,0.483679,0.364759,-6.029498699,-1.826700278,4.202798421,2.10139921,0.475873406,3.928099489,3.671355142,1.4609236564584749,1.30786,1.27729,-3.112346067942389,0.82049,0.86551,0.337792,0.43139,-5.0784607918815,-0.4644983428034999,4.613962449078,2.306981224539,0.4334669001044117,2.7714795673425,1.664751084771371,1.09259,1.09272,0.8726414,0.895051016,2.267885482,2.298442664,0.0271826078433403,0.337771756,0.401407809,0.3141625226950116,0.011186192,0.733962189,11.557482803180708,0.0331176061979557,1.13534,1.1623,0.8609768460562848,0.508644149238908,-0.9810476756862032,0.1937665038924386,0.2272099999999999,0.2720999999999999,0.066631,0.145887,0.1149899999999999,0.17252
L22,0.442833721,0.57656137,0.459627241,0.45225517,0.154073425,0.255642907,0.113825905,0.180476253,0.731594018,0.897479834,0.790684436,0.738778229,101.6368974,237.9081067,2.313634534,2.327183688,0.550503168,0.900519474,0.925468226,0.549511979,0.540001892,0.518755953,0.482786643,53.34066883,59.5437721,67.04464348,1194.173694,5.815803435,3.931081359,5.8876668,7.047044328,0.189574093,-5.815803435,1.231240893,0.063148023,,,,,8.681799649,1.13691,1.15271,-7.34104391,-0.091,1.12254,1.08963,-0.171426,0.488544,0.383448,-5.859155429,-1.820985888,4.038169541,2.019084771,0.495273906,3.840070658,3.651689834,2.4689852065170417,1.30284,1.27643,-6.586064668222527,0.85918,0.87028,0.408793,0.419279,-5.000364116788,-0.6228686037945,4.3774955129935,2.18874775649675,0.4568822501504572,2.81161636029125,1.8058697111151447,1.08963,1.12254,0.900519474,0.925468226,2.313634534,2.327183688,0.0628714557891568,0.442833721,0.57656137,0.3341040346019486,0.113825905,0.897479834,5.314081412754085,0.2570398314359624,1.13691,1.15271,0.8938826138217599,0.448301096036111,-0.7532141991700263,0.657775318911143,0.21935,0.26336,0.035831,0.0797509999999999,0.12372,0.1659299999999999
L17,0.362438305,0.349327975,0.497389889,0.339718666,0.08841361,0.095341648,0.093741995,0.096821755,0.636463,0.603314301,0.585695337,0.897958022,95.3718145,218.2296484,2.274287934,2.29959014,0.558953364,0.881295425,0.905411387,0.56232155,0.537841758,0.468707198,0.387296983,53.22035054,53.39622005,71.76915139,878.9655352,6.229821842,4.559707674,6.175343392,7.687357561,0.128192327,-6.229821842,1.457535719,0.063025535,,,,,10.36494725,1.15472,1.16965,-4.618963904,-0.1061,1.28662,1.26777,-0.132611,0.543283,0.579766,-5.986504711,-1.988335906,3.998168805,1.999084403,0.500229004,3.987420308,3.976700707,3.0306253117137394,1.35856,1.32976,-3.897443346580808,1.03282,1.01609,0.583554,0.495282,-5.092338598257,-1.15920500313,3.933133595127,1.9665667975635,0.5085003983790234,3.1257718006935,2.484138693411252,1.26777,1.28662,0.881295425,0.905411387,2.274287934,2.29959014,0.0740353949879295,0.339718666,0.497389889,0.3281992682291396,0.08841361,0.897958022,4.433004892898162,0.2602553784901534,1.15472,1.16965,0.9018510421891373,0.4320471012544434,-0.9938412774866664,-0.1108129738057384,0.2516800000000001,0.2538,0.084484,0.040271,0.1601099999999999,0.20384
L5,0.470301088,0.452542653,0.393500623,0.332278283,0.151961426,0.190444203,0.05492904,0.1207881,0.78864075,0.714641103,0.609627525,0.666213147,95.47894574,235.342235,2.27071587,2.292897847,0.582725727,0.91967364,0.910151882,0.582385482,0.561920548,0.505398204,0.412095177,50.97371328,59.95700299,60.86091258,861.3146388,5.896001388,4.777677402,5.590051138,6.965749139,0.325696613,-5.896001388,1.069747751,0.069333809,,,,,10.73044516,1.12662,1.16414,-4.269139702,-0.11809,1.12373,1.07628,-0.177298,0.401408,0.355373,-6.093989682,-1.694180833,4.399808849,2.199904424,0.454565202,3.894085258,3.446490635,1.5964035141529849,1.32368,1.28286,-3.522993852535276,0.7977,0.85159,0.335256,0.401356,-5.0107044431070005,-0.6255897422995,4.385114700807501,2.1925573504037503,0.4560884119249397,2.81814709270325,1.8111163739113376,1.07628,1.12373,0.910151882,0.91967364,2.27071587,2.292897847,0.0625577220460078,0.332278283,0.470301088,0.3084851774664234,0.05492904,0.78864075,4.931208608260213,0.1653103522266605,1.12662,1.16414,0.942877926426426,0.3331384334744389,0.2736770975694533,-0.9618216291319092,0.2246899999999999,0.3260299999999999,0.0459829999999999,0.0661519999999999,0.1187199999999999,0.19706
L101,0.354605125,0.304144868,0.438521487,0.418642514,0.146758281,0.09961688,0.119826031,0.172956172,0.562451968,0.508672857,0.717458998,0.704086803,108.3919189,268.7825786,2.379747152,2.362361505,0.63513907,0.954359625,0.955250652,0.643954441,0.615082306,0.513462062,0.378940073,61.34945051,71.88252393,77.55377936,718.0934051,5.814566537,4.506135269,5.816110551,7.002311955,0.217634867,-5.814566537,1.187745417,0.053847277,,,,,10.3898597,1.24658,1.22638,-4.498747102,-0.05028,0.96431,1.01012,-0.177032,0.391074,0.367655,-5.901333076,-2.207115441,3.694217634,1.847108817,0.54138662,4.054224259,4.449314027,0.661126599071615,1.37732,1.39924,-3.68764338280789,0.75928,0.76948,0.357289,0.405005,-4.997642978282999,-0.54966997801,4.447973000273,2.2239865001365,0.4496430171399978,2.7736564781465,1.729590143261181,0.96431,1.01012,0.954359625,0.955250652,2.362361505,2.379747152,0.0614077497679144,0.304144868,0.438521487,0.2705343766295108,0.09961688,0.717458998,4.405541281873594,0.3275310238014603,1.22638,1.24658,0.999975693258176,-0.0069722946603217,-0.9844806436062344,0.1754931974882635,0.2406399999999998,0.20503,0.0373499999999999,0.0337849999999999,0.17286,0.13074
L23,0.43522825,0.573347831,0.453621423,0.451321565,0.136579701,0.250855331,0.114127619,0.17611563,0.733876798,0.895840331,0.78851551,0.731127215,101.7101569,238.897582,2.314331555,2.326835114,0.550607995,0.900362234,0.925328457,0.5499775,0.540853332,0.519712912,0.478356996,52.57473364,60.0095778,67.6463859,1101.525349,5.759339671,4.170090972,5.759246864,6.907775454,0.235188918,-5.759339671,1.148435782,0.063039756,,,,,9.487178322,1.14006,1.15628,-6.719148502,-0.0911,1.1171,1.08538,-0.172811,0.486413,0.383607,-5.877114943,-1.837584832,4.039530111,2.019765055,0.49510709,3.857349888,3.683385876,2.1261490516894623,1.30704,1.27842,-5.968761701531012,0.85666,0.86741,0.409953,0.417024,-5.0607733915990005,-0.6870874725125,4.3736859190865,2.18684295954325,0.4572802064437506,2.8739304320557504,1.888447474532248,1.08538,1.1171,0.900362234,0.925328457,2.314331555,2.326835114,0.0638386207359477,0.43522825,0.573347831,0.3364213762605672,0.114127619,0.895840331,5.269872255731981,0.2622247498869846,1.14006,1.15628,0.9242979176856986,0.3816717953450079,0.1361164629877171,0.9906928426630088,0.21797,0.26044,0.033417,0.0764599999999999,0.1221399999999999,0.1669799999999999
L15,0.448774073,0.371674741,0.389751968,0.323329329,0.100220308,0.168253986,0.037600405,0.096736365,0.797327838,0.575095495,0.609058254,0.682767572,90.28978631,225.4695544,2.267533865,2.300281458,0.561341083,0.90373416,0.93012719,0.566778909,0.547337675,0.480736088,0.38341028,50.30191015,61.78223825,54.5976037,735.9141387,6.052918903,4.952323215,5.783128286,7.24679008,0.25674289,-6.052918903,1.193871177,0.067449191,,,,,11.35412543,1.12931,1.15422,-3.853633468,-0.09963,1.08366,1.07264,-0.158006,0.386777,0.312947,-6.040927481,-1.862347193,4.178580288,2.089290144,0.478631464,3.951637337,3.737019888,1.807661052299352,1.29504,1.27746,-3.135372649460351,0.8054,0.83843,0.294419,0.36027,-5.016690947818,-0.6190590098875,4.3976319379305,2.19881596896525,0.4547902207889613,2.8178749788527497,1.8056125452329463,1.07264,1.08366,0.90373416,0.93012719,2.267533865,2.300281458,0.0518333319720415,0.323329329,0.448774073,0.3109565773615419,0.037600405,0.797327838,5.999162421764999,0.1162913525855862,1.12931,1.15422,0.7286855419795228,-0.6848484364514598,-0.6632227569444912,0.7484220565101943,0.23421,0.27826,0.047323,0.092358,0.12324,0.1657299999999999
L41,0.494463831,0.606493684,0.498548357,0.57459169,0.134057827,0.47997017,0.497543592,0.142016247,0.854869836,0.733017198,0.651639788,0.855080467,92.76930826,274.7429853,2.274367309,2.289254328,0.574240589,0.899057725,0.906972139,0.594256253,0.613503595,0.590048302,0.543455366,61.86553035,63.63779604,67.53473808,1266.984406,5.932166329,5.822838789,6.000915122,7.246382427,0.159300975,-5.932166329,1.314216097,0.052602815,,,,,13.51940828,1.13216,1.13491,-8.724006665,-0.12778,1.11391,1.10473,-0.192848,0.372517,0.378448,-5.852080469,-2.023166478,3.82891399,1.914456995,0.522341323,3.937623474,4.049419407,3.653427589264634,1.27556,1.27519,-7.862787896302152,0.83415,0.8408,0.368045,0.348561,-4.80008832282,-0.6054533173625,4.1946350054575,2.09731750272875,0.4767995302089136,2.7027708200912497,1.7415031573503943,1.10473,1.11391,0.899057725,0.906972139,2.274367309,2.289254328,0.0558572320293979,0.494463831,0.606493684,0.2870103699480109,0.134057827,0.855080467,5.138284865189092,0.271117559253793,1.13216,1.13491,-0.9957410756278424,0.0921938734814145,-0.9893067471798684,-0.1458497856850947,0.26393,0.27976,0.0298869999999999,0.0044719999999999,0.1402799999999999,0.1433999999999999
L167,0.337885611,0.320685062,0.335585752,0.3295287,0.113194014,0.021438778,0.048706899,0.127704753,0.562577207,0.619931346,0.610350501,0.543466752,89.01027815,232.5546362,2.259147575,2.263696344,0.573023435,0.902295704,0.906471301,0.579487617,0.55110017,0.461044719,0.330888548,52.49221811,65.80931278,69.81967705,657.4513107,6.335211018,5.086659604,5.513578204,7.416770518,0.413981296,-6.335211018,1.0815595,0.056288795,,,,,11.90836967,1.18451,1.18396,-3.400587157,-0.11582,1.03866,1.03518,-0.173218,0.308254,0.302123,-6.265693522,-1.703704818,4.561988704,2.280994352,0.438405294,3.98469917,3.480461813,1.7852642269423311,1.35443,1.35535,-2.669948142676428,0.73829,0.7424,0.29267,0.277893,-4.7611760421985,-0.769537969214,3.9916380729845,1.99581903649225,0.5010474305113098,2.76535700570625,1.915804797224744,1.03518,1.03866,0.902295704,0.906471301,2.259147575,2.263696344,0.007680682333323,0.320685062,0.337885611,0.2737501595754506,0.021438778,0.619931346,35.64138545188508,0.0668530609635942,1.18396,1.18451,0.865267561059338,0.501310330811589,0.0767044185713706,0.997053876263278,0.29278,0.3003699999999999,0.0242299999999999,0.0155839999999999,0.1713900000000001,0.16992
L20,0.420677661,0.527854471,0.37331709,0.423515481,0.132321548,0.186390987,0.077352658,0.095734446,0.709033775,0.869317955,0.769678304,0.650899734,102.2811181,230.086323,2.315043893,2.325975273,0.553164601,0.90049618,0.92317951,0.551773633,0.531901391,0.495257155,0.436476378,51.52803714,60.65645491,65.60909115,963.5353248,5.95098637,4.370383877,5.934407873,7.22482368,0.185429437,-5.95098637,1.27383731,0.06289179,,,,,10.02163113,1.14024,1.15703,-5.821424582,-0.09211,1.11374,1.0815,-0.170359,0.48361,0.382423,-6.044737075,-1.979356149,4.065380926,2.032690463,0.491958819,4.012046612,3.959411998,1.7997936826203162,1.30746,1.27756,-5.092365066771238,0.85348,0.86768,0.41131,0.421931,-5.228939751208,-0.886546924929,4.342392826279,2.1711964131395,0.4605755582259935,3.0577433380685,2.153143369462072,1.0815,1.11374,0.90049618,0.92317951,2.315043893,2.325975273,0.0652087998465459,0.37331709,0.527854471,0.3420041545663361,0.077352658,0.869317955,5.244754624700422,0.2072036348510056,1.14024,1.15703,0.983958630684489,-0.1783967855694309,-0.6816821391547863,-0.7316484546265061,0.2138199999999999,0.2602599999999999,0.0395079999999999,0.0722999999999999,0.12053,0.1672200000000001
L76,0.296180755,0.408691643,0.296175062,0.408680257,0.039729482,0.286155878,0.286178649,0.039752253,0.552632028,0.531227407,0.531181865,0.552597872,102.1665677,246.8354624,2.304441177,2.304459056,0.488643776,0.863096347,0.863265235,0.491729253,0.468648497,0.414138963,0.352431218,50.47706273,53.72700993,53.81065843,1016.796971,6.037340088,4.511718937,6.242896361,7.52609512,0.091858671,-6.037340088,1.488755032,0.067315041,,,,,10.93507011,1.19901,1.19903,-5.15264167,-0.06943,1.06164,1.0616,-0.169533,0.286078,0.285994,-6.063785045,-2.02044534,4.043339705,2.021669852,0.494640606,4.042115192,4.040891051,1.682080316156158,1.366,1.366,-4.466236185299743,0.83451,0.83454,0.272886,0.272985,-5.242001216032,-1.365467301809,3.8765339142230006,1.9382669571115003,0.5159248040271236,3.3037342589205,2.815571924579095,1.0616,1.06164,0.863096347,0.863265235,2.304441177,2.304459056,0.0649565482539195,0.296175062,0.408691643,0.2230948738413795,0.039729482,0.552632028,3.4345247683002875,0.1341418880162166,1.19901,1.19903,0.9979007963333312,-0.0647611046640124,0.975801532111982,-0.2186581119645652,0.2270600000000001,0.2271299999999999,0.013009,0.0131919999999999,0.16697,0.1669900000000002
L112,0.336539283,0.513844691,0.48046259,0.30338489,0.091891861,0.312701024,0.086648867,0.195664426,0.581186704,0.714988358,0.520120913,0.765260755,95.25822192,240.2698141,2.364948702,2.301110852,0.599684355,0.95703853,0.934384318,0.608726181,0.592389076,0.516280784,0.408535804,56.97598933,0.0,59.22307529,798.0449512,5.925929511,4.779108336,6.033778486,7.260966142,0.147258145,-5.925929511,1.335036631,0.055348482,,,,,10.96488558,1.22502,1.13188,-4.62069731,-0.07781,1.01754,1.09645,-0.178248,0.381418,0.343418,-5.948953,-1.982621515,3.966331485,1.983165742,0.504244289,3.965787257,3.965243104,1.1455471181928747,1.26515,1.36655,-3.82321965703692,0.8727,0.75327,0.381315,0.347926,-4.9241722386480005,-1.4160804780020002,3.5080917606460003,1.754045880323,0.5701105149061747,3.170126358325001,2.864720142296483,1.01754,1.09645,0.934384318,0.95703853,2.301110852,2.364948702,0.1040891221183738,0.30338489,0.513844691,0.273024996220009,0.086648867,0.765260755,2.622992591958988,0.2856070617096323,1.13188,1.22502,0.8470670103154284,0.5314861052137506,0.9980771344894882,0.0619841399815469,0.3431799999999999,0.1448399999999998,0.004508,0.0001029999999999,0.2346699999999999,0.04013
L35,0.411668934,0.446969481,0.411683166,0.446960942,0.024723476,0.282916721,0.282933799,0.024740554,0.798614392,0.611022241,0.610988085,0.798625778,94.43215213,250.0036499,2.29043993,2.290445672,0.549198658,0.89799781,0.897863865,0.54635032,0.531201712,0.492931652,0.429349806,55.51399239,56.87004242,58.01350827,999.2847136,5.961611684,4.98866161,6.308246889,7.492763264,0.068904691,-5.961611684,1.53115158,0.039014913,,,,,11.71061305,1.14316,1.14317,-5.410764264,-0.11699,1.09892,1.09891,-0.205265,0.385886,0.385806,-5.815617213,-2.255007479,3.560609734,1.780304867,0.561701548,4.035312346,4.573302593,0.6677003968847105,1.28237,1.28237,-4.680708833690677,0.84138,0.8414,0.369206,0.369235,-5.0136976954625,-1.2318594012135,3.781838294249,1.8909191471245,0.5288433413563394,3.122778548338,2.578572932848388,1.09891,1.09892,0.897863865,0.89799781,2.29043993,2.290445672,0.0203742080181885,0.411668934,0.446969481,0.3182608585106058,0.024723476,0.798625778,15.62077201854848,0.0600566959468454,1.14316,1.14317,0.1833297267843523,0.9830514794644148,-0.9696419737109222,0.2445290224451636,0.25751,0.2575399999999999,0.016571,0.01668,0.1392,0.13921
L25,0.432239572,0.46071455,0.412522842,0.504881506,0.128638359,0.17556913,0.319475359,0.064350489,0.735840786,0.745859971,0.690287653,0.760695195,98.39381803,243.5560417,2.305328728,2.316666293,0.606899925,0.915183563,0.925147922,0.610933524,0.594202327,0.534315615,0.452620216,56.4860667,62.97918089,62.89966273,970.526166,6.371889919,4.096269194,6.987548652,8.51352081,8.22e-05,-6.371889919,2.141630891,0.020623344,,,,,9.325783962,1.19777,1.1542,-5.110819167,-0.08616,1.02918,1.08666,-0.095303,0.295444,0.438452,-6.311680762,-2.507529132,3.80415163,1.902075815,0.525741399,4.409604947,5.111419755,3.728552160021367,1.30912,1.35714,-4.311036662923232,0.82955,0.80592,0.398659,0.357642,-5.707315900387,-1.831870441566,3.875445458821,1.9377227294105,0.516069706373431,3.7695931709765,3.666632088016954,1.02918,1.08666,0.915183563,0.925147922,2.305328728,2.316666293,0.0400829430965569,0.412522842,0.504881506,0.3088693488836603,0.064350489,0.760695195,7.705755242064343,0.1559925474381367,1.1542,1.19777,-0.8438647202198243,-0.5365559933206577,-0.9965896476560142,0.0825171144967001,0.28074,0.1996299999999999,0.0808099999999999,0.103215,0.2029400000000001,0.11135
L16,0.385038397,0.393187524,0.329921497,0.321632899,0.094476355,0.200173059,0.104415842,0.044460131,0.675600439,0.586201989,0.538849957,0.615382864,97.44094142,240.3965208,2.339645925,2.27312959,0.565406029,0.946672335,0.8919761,0.56501769,0.53509626,0.459319017,0.357456465,54.31633905,64.18695155,67.26773989,722.1740456,6.016310657,5.087771926,5.781071039,7.205038977,0.253657281,-6.016310657,1.18872832,0.063023193,,,,,11.89061184,1.1921,1.15415,-3.835553125,-0.09052,1.04981,1.09862,-0.22071,0.391732,0.362886,-6.011267071,-1.88901435,4.122252721,2.061126361,0.485171613,3.950140711,3.785214709,1.7192876577233955,1.30877,1.33902,-3.1122740203581927,0.84452,0.78309,0.36149,0.352319,-4.910022318422,-0.54966997801,4.360352340412,2.180176170206,0.4586785295912634,2.729846148216,1.7090499599914446,1.04981,1.09862,0.8919761,0.946672335,2.27312959,2.339645925,0.03687353782543,0.321632899,0.393187524,0.2696194668127688,0.044460131,0.675600439,7.31200429124064,0.1382325350989669,1.15415,1.1921,-0.0515463047733349,-0.9986706055873552,0.997908796929218,-0.0646377058014968,0.31553,0.2052899999999998,0.0105669999999999,0.030242,0.1848700000000001,0.11667
L2,0.367257191,0.3084201,0.327325618,0.412642389,0.039182981,0.093542749,0.151283993,0.081064311,0.695331402,0.52329745,0.674000786,0.573586925,95.48506253,239.7430089,2.273415492,2.35755609,0.558598118,0.904444652,0.957533545,0.563396127,0.537364795,0.458715815,0.353973233,52.63074665,60.35357264,0.0,711.6539079,5.986001142,5.073852679,5.741449881,7.148801734,0.267350712,-5.986001142,1.162800592,0.062705163,,,,,11.69510956,1.1204,1.22689,-3.863755366,-0.06953,1.12976,1.01881,-0.168701,0.389404,0.379774,-6.003647884,-1.878946138,4.124701746,2.062350873,0.484883544,3.941297011,3.766047361,1.1495689496502592,1.36659,1.26149,-3.149390561815196,0.75269,0.8853,0.350035,0.391479,-4.8890695519335,-0.5907591694355,4.298310382498,2.149155191249,0.4652991110515576,2.7399143606845,1.7465306215328074,1.01881,1.12976,0.904444652,0.957533545,2.273415492,2.35755609,0.0462013758328779,0.3084201,0.412642389,0.2874327288271706,0.039182981,0.695331402,6.221302366987666,0.1270441874573025,1.1204,1.22689,0.944898012667566,0.3273648509795821,0.8315915526719417,0.5553876929899232,0.13351,0.3770700000000001,0.011705,0.0393689999999999,0.0345999999999999,0.2461899999999999
L8,0.534184774,0.373416713,0.393768181,0.467895914,0.235872096,0.19479344,0.192169097,0.054473623,0.832497453,0.552039986,0.743622732,0.733062739,92.61876698,238.8331331,2.275351568,2.28203867,0.520697447,0.909639396,0.883054184,0.520645832,0.5158758,0.495211801,0.442281528,52.51046784,64.74184717,55.83890067,1003.515754,6.536183276,6.088200863,6.772356421,8.478083167,0.01554347,-6.536183276,1.941899891,0.044224581,,,,,12.85255246,1.13835,1.14665,-4.754141872,-0.08421,1.09997,1.1116,-0.151728,0.4199,0.381909,-6.397940853,-2.27133431,4.126606543,2.063303271,0.484659727,4.334637582,4.553155909,4.775575967357236,1.29352,1.28622,-4.046436863608814,0.80361,0.87939,0.301545,0.427757,-5.381867735189,-1.8506462972505,3.5312214379385,1.76561071896925,0.5663762624774913,3.61625701621975,3.70334034191665,1.09997,1.1116,0.883054184,0.909639396,2.275351568,2.28203867,0.0734806235562589,0.373416713,0.534184774,0.3062403393323002,0.054473623,0.832497453,4.16763392185742,0.145878909817301,1.13835,1.14665,-0.998305909694689,-0.0581834226275792,0.0720289981203645,0.997402538311276,0.2322099999999999,0.2963599999999998,0.045848,0.1183549999999999,0.1395699999999999,0.15517
L12,0.34322538,0.319088254,0.313976193,0.381822011,0.014169176,0.106749856,0.142648139,0.065722434,0.672281585,0.531426652,0.620995884,0.562229952,96.78891485,248.4188044,2.264846726,2.349026314,0.542320863,0.882611582,0.955239005,0.545869282,0.519730929,0.443995193,0.339505189,51.55573029,56.64400599,0.0,678.0538926,6.031761872,5.025615474,5.74312995,7.200529726,0.271637905,-6.031761872,1.168767854,0.062898023,,,,,10.93119165,1.13153,1.22112,-3.476915135,-0.07126,1.08956,1.02813,-0.157845,0.441156,0.366617,-6.038478456,-1.984254198,4.054224259,2.027112129,0.493312622,4.011366327,3.968961455,1.2077814578805224,1.3603,1.275,-2.801136540249068,0.7471,0.86815,0.341228,0.427643,-4.9647172023725,-0.4435455763149999,4.521171626057501,2.2605858130287504,0.4423632114457058,2.70413138934375,1.6173521325069822,1.02813,1.08956,0.882611582,0.955239005,2.264846726,2.349026314,0.0309469009909755,0.313976193,0.381822011,0.2803430465994199,0.014169176,0.672281585,9.058840711745942,0.0451281858812779,1.13153,1.22112,0.5650199321361987,-0.8250772547397034,-0.2308826704610831,-0.9729815992508588,0.15998,0.3424600000000001,0.0610259999999999,0.099928,0.0538799999999999,0.2287700000000001
L134,0.342599181,0.316973409,0.342613413,0.316990487,0.08051781,0.009882559,0.009882559,0.080551966,0.604680553,0.624064259,0.624098416,0.60467486,86.14712959,240.1934172,2.253706338,2.253690783,0.544207743,0.919865822,0.91983088,0.536741202,0.491974394,0.407998095,0.329811913,51.79084916,62.75829794,63.34783198,963.8566734,6.130241145,5.431051858,6.445591836,7.778744313,0.048911332,-6.130241145,1.648503168,0.051527992,,,,,13.40958594,1.20998,1.20997,-5.475859544,-0.12636,1.06427,1.06431,-0.183367,0.301828,0.30201,-6.019158373,-1.986158995,4.032999378,2.016499689,0.495908829,4.002658684,3.972546246,0.2536702781170865,1.37147,1.37147,-4.806062027295472,0.78146,0.78143,0.290116,0.289995,-4.5195389429545,-1.4653330849425,3.054205858012,1.527102929006,0.6548347076060589,2.9924360139485,2.9319154352629777,1.06427,1.06431,0.91983088,0.919865822,2.253690783,2.253706338,0.0147942275767471,0.316973409,0.342613413,0.305492354218618,0.009882559,0.624098416,20.64942915294725,0.0311778802871126,1.20997,1.20998,-0.9697312979467164,-0.2441745477779707,0.9904351279242,0.1379791918144671,0.2828800000000001,0.28281,0.0120149999999999,0.011712,0.1614999999999999,0.1614899999999999
L13,0.440989281,0.400018786,0.417236413,0.465527743,0.084451478,0.223188719,0.145585581,0.120287141,0.797527083,0.576848853,0.785469905,0.714185685,96.83027742,226.8920149,2.299921158,2.275567956,0.549175363,0.920104594,0.896617592,0.547925331,0.532811958,0.498732369,0.430926689,55.92616214,66.29638433,62.42742798,947.1054554,5.83971352,4.927227619,6.033680952,7.166667715,0.139273243,-5.83971352,1.326954196,0.050191981,,,,,10.88023916,1.13229,1.15732,-4.992890083,-0.08805,1.0952,1.09465,-0.174377,0.358412,0.360243,-5.972626905,-1.801121576,4.171505328,2.085752664,0.479443233,3.886874241,3.621664165,1.7889048213921277,1.3071,1.26492,-4.258010993360161,0.81873,0.85705,0.333354,0.37046,-4.927981832555,-1.5045174794145,3.4234643531405,1.71173217657025,0.5842035417033943,3.21624965598475,3.0215772044282447,1.09465,1.0952,0.896617592,0.920104594,2.275567956,2.299921158,0.0285260684813087,0.400018786,0.465527743,0.3168465803202699,0.084451478,0.797527083,11.107264238949682,0.2111187798065063,1.13229,1.15732,0.5304190800731691,-0.8477355716816023,0.6421838750424441,0.7665506314885342,0.2375999999999999,0.27647,0.010217,0.025058,0.1076000000000001,0.1748099999999999
L34,0.374148227,0.395968417,0.374188076,0.396013959,0.018905518,0.195522108,0.195550571,0.018894133,0.729390936,0.596414726,0.596477346,0.72948202,94.37272711,239.6020497,2.289775356,2.289814611,0.547800969,0.898539415,0.89846953,0.545601608,0.516167497,0.460798676,0.385098883,54.66167098,59.69754684,57.94374499,929.9448555,6.041389837,5.073330942,6.367971714,7.623574656,0.060213105,-6.041389837,1.582184819,0.039627156,,,,,12.06620926,1.14305,1.14305,-4.929375972,-0.1078,1.09682,1.0968,-0.184527,0.396156,0.3961,-5.861060226,-2.289565938,3.571494288,1.785747144,0.559989696,4.075313082,4.650203914,0.9126020436093708,1.28265,1.28264,-4.222829358254215,0.84029,0.8403,0.375867,0.375874,-5.054242659187,-1.24628143529,3.8079612238969993,1.9039806119485,0.5252154321973993,3.1502620472385,2.60615861947121,1.0968,1.09682,0.89846953,0.898539415,2.289775356,2.289814611,0.0125995602183649,0.374148227,0.396013959,0.3085781715437071,0.018894133,0.72948202,24.491185898213093,0.0504990579575832,1.14305,1.14305,0.1246226451241284,0.9922042109980512,0.7453155622012481,0.6667118663565524,0.2564999999999999,0.2565299999999999,0.020226,0.020289,0.1395900000000001,0.1396000000000001
L136,0.285845625,0.28172125,0.285746002,0.281644399,0.038983736,0.063718598,0.063621821,0.038938194,0.532707514,0.499723903,0.499666976,0.53255381,101.9231494,228.9155635,2.299825926,2.299998607,0.523533591,0.883421077,0.883729734,0.523861802,0.490484375,0.398003311,0.283706586,49.15127876,54.91218678,54.44963977,598.8617384,6.284565503,4.717387868,5.591612534,7.399925289,0.369747253,-6.284565503,1.115359787,0.067995877,,,,,11.44532863,1.18938,1.18944,-2.808162351,-0.06071,1.04884,1.04871,-0.188916,0.330803,0.33083,-6.382974591,-1.921940126,4.461034465,2.230517233,0.448326507,4.152457359,3.865225039,1.3130963292919526,1.36162,1.36158,-2.155987463903293,0.80163,0.80164,0.293456,0.293321,-5.0534263176355,0.107212857097,5.1606391747325,2.58031958736625,0.3875488931278884,2.47310673026925,1.185174295705356,1.04871,1.04884,0.883421077,0.883729734,2.299825926,2.299998607,0.0023751907939704,0.281644399,0.285845625,0.248958293535967,0.038938194,0.532707514,104.81612431639594,0.1382530387192255,1.18938,1.18944,0.984091266177125,0.1776636705516999,0.4083997089286982,-0.9128031977085502,0.24707,0.24721,0.037509,0.037347,0.1721399999999999,0.1722399999999999
L80,0.353398268,0.321698366,0.419280099,0.27517747,0.055674786,0.094220183,0.127340419,0.10215014,0.65112175,0.549176548,0.423014522,0.736410058,97.36244014,217.7279603,2.298425733,2.312157339,0.519893776,0.858582976,0.894655004,0.519703153,0.493791587,0.426945666,0.342378589,49.07665161,51.95522723,63.02586832,759.363212,6.543318364,4.620896336,5.878544489,7.84517041,0.269307558,-6.543318364,1.301852046,0.067386733,,,,,10.44725623,1.16951,1.16959,-3.345839719,-0.10207,1.06135,1.04285,-0.192895,0.372623,0.285631,-6.156575868,-1.943165006,4.213410861,2.106705431,0.47467481,4.049870437,3.892677713,1.482099193711406,1.32827,1.32405,-2.6785071899609463,0.79557,0.80573,0.270847,0.31386,-5.336152608305,-0.867498955394,4.468653652911001,2.2343268264555003,0.4475620970752894,3.1018257818495,2.1530697897517017,1.04285,1.06135,0.858582976,0.894655004,2.298425733,2.312157339,0.060495005818054,0.27517747,0.419280099,0.279689489602575,0.055674786,0.736410058,4.62334842059152,0.2023231989159577,1.16951,1.16959,0.0269288655813058,-0.9996373523425902,-0.8180815407543006,-0.575102245411257,0.2371200000000001,0.26578,0.0282289999999999,0.1017759999999999,0.15446,0.15876
L19,0.519389399,0.478729158,0.345866802,0.439472171,0.203070652,0.205438823,0.17519341,0.151995582,0.835708146,0.752019492,0.703750932,0.539738021,107.4450874,248.0232912,2.327331896,2.384500423,0.635698146,0.933009924,0.921193627,0.640606573,0.619603608,0.549290217,0.445754086,55.9471357,0.0,64.71502776,843.3721922,5.921450021,4.551180712,5.754499621,7.084642563,0.25469292,-5.921450021,1.163192541,0.062018928,,,,,10.70807203,1.156,1.21569,-5.485043876,-0.08704,1.08429,0.97868,-0.156464,0.355714,0.267565,-6.073036915,-2.022350137,4.050686779,2.025343389,0.493743434,4.047693526,4.044702486,0.8825405033198193,1.38367,1.2981,-4.633060590964756,0.76718,0.82489,0.299858,0.373299,-4.9282539464055,-0.413068825059,4.5151851213465,2.25759256067325,0.4429497232670647,2.6706613857322496,1.5796544428535626,0.97868,1.08429,0.921193627,0.933009924,2.327331896,2.384500423,0.0742212862407755,0.345866802,0.519389399,0.2921354225901417,0.151995582,0.835708146,3.9360059274969705,0.4394627675193874,1.156,1.21569,0.5899017646691671,0.807475020071954,0.1618138333240034,-0.9868213026404484,0.1537899999999999,0.31711,0.105734,0.0558559999999999,0.0824100000000001,0.22767
L103,0.412702163,0.457589248,0.408418392,0.305064242,0.141873929,0.133465784,0.103954732,0.175859458,0.683530396,0.781712711,0.506173753,0.640977326,103.8871765,245.1058876,2.340963352,2.353095331,0.605939014,0.955466129,0.922370015,0.611589132,0.585963861,0.506189623,0.395964859,56.53322039,71.30271202,71.89702076,795.1527995,5.891678026,4.627147978,5.781009217,7.066954721,0.240267478,-5.891678026,1.175276696,0.060884648,,,,,10.82476081,1.2154,1.19527,-4.779748482,-0.06751,1.03503,1.0171,-0.180101,0.389523,0.384752,-5.999021948,-1.991873386,4.007148562,2.003574281,0.499108024,3.995447667,3.983780938,0.6498806428875998,1.34164,1.3678,-3.992112979682085,0.81424,0.76217,0.416798,0.358374,-4.8221295447105,-0.543683473299,4.2784460714115005,2.1392230357057502,0.4674594389219871,2.68290650900475,1.6823835607411008,1.0171,1.03503,0.922370015,0.955466129,2.340963352,2.353095331,0.0645386537848154,0.305064242,0.457589248,0.2855712860598245,0.103954732,0.781712711,4.4248100837674045,0.3407634120553532,1.19527,1.2154,-0.2129751179262592,-0.9770576232466004,0.0616215548142157,0.9980995862048428,0.2549299999999999,0.2207899999999999,0.0263779999999999,0.0272749999999999,0.1725299999999998,0.1262399999999999
L130,0.40461281,0.491919186,0.406517024,0.489417236,0.022526087,0.282797174,0.26333377,0.023436922,0.786699533,0.701041198,0.715500703,0.789597126,93.80083651,245.143141,2.288454394,2.289339724,0.54676435,0.897782333,0.897869689,0.543611508,0.528284743,0.498654134,0.448093082,55.92081985,60.25611032,58.82980915,1080.82191,6.009456635,5.517780677,5.91773927,7.278852282,0.197656377,-6.009456635,1.269395647,0.056098331,,,,,12.84545223,1.14089,1.13993,-5.917038532,-0.11945,1.1047,1.10514,-0.206966,0.382712,0.383462,-5.770446314,-1.85363955,3.916806764,1.958403382,0.510620033,3.812042932,3.710081244,2.662159568846316,1.28266,1.28493,-5.186259635270998,0.83863,0.83663,0.357216,0.356657,-4.853422637517999,-0.4002794740855,4.453143163432499,2.2265715817162497,0.449120975140263,2.6268510558017497,1.549545167563837,1.1047,1.10514,0.897782333,0.897869689,2.288454394,2.289339724,0.0491511734075955,0.40461281,0.491919186,0.3358715280546269,0.022526087,0.789597126,6.833438649965642,0.0556731928482442,1.13993,1.14089,-0.4322109272752892,0.9017725402471704,0.0987528033625804,0.9951119956206091,0.26851,0.26607,0.026805,0.025496,0.1449999999999998,0.1417699999999999
L18,0.399090873,0.411788481,0.392404775,0.310563408,0.099041915,0.207522358,0.087514161,0.118869654,0.69913983,0.616054605,0.533612656,0.665939896,95.96898235,236.2886194,2.369682849,2.302040054,0.602590384,0.950463567,0.935182165,0.606875737,0.578367916,0.489971201,0.378540159,55.18904594,70.97007616,63.90981746,723.7340076,5.991990064,4.933848695,5.735715571,7.1522048,0.270499165,-5.991990064,1.160214736,0.063408152,,,,,11.78628585,1.19882,1.16235,-4.216953588,-0.10563,1.03425,1.07223,-0.273134,0.396429,0.341759,-5.89453023,-1.875952885,4.018577344,2.009288672,0.497688567,3.885241557,3.756329832,1.6561628603491867,1.31055,1.34558,-3.437594741034311,0.82094,0.78136,0.341994,0.347195,-4.982404602655,-0.5591939627775,4.4232106398775,2.21160531993875,0.4521602435047925,2.77079928271625,1.7356913993391705,1.03425,1.07223,0.935182165,0.950463567,2.302040054,2.369682849,0.0459739944871844,0.310563408,0.411788481,0.273948524773478,0.087514161,0.69913983,5.958771427830643,0.2817916043734296,1.16235,1.19882,0.9887102623032734,-0.1498399720241307,-0.6203354998783142,-0.7843365780012571,0.2908699999999999,0.2133099999999999,0.0054359999999999,0.0544349999999999,0.18323,0.1117300000000001
L6,0.519577259,0.380663543,0.356557727,0.491389763,0.217581392,0.168584164,0.231773339,0.066764202,0.821573126,0.592742923,0.751006188,0.646351252,97.45698515,239.5268997,2.272251478,2.305113348,0.533398947,0.901777395,0.891533498,0.536939048,0.533858519,0.502779038,0.436938911,52.8711292,61.74708104,64.91446501,939.334316,6.670989753,6.037884835,6.804994175,8.646708463,0.016724535,-6.670989753,1.97571871,0.044357617,,,,,12.7299294,1.13422,1.17323,-4.596961018,-0.09062,1.10846,1.09265,-0.180517,0.407011,0.369842,-6.600665672,-2.303987972,4.296677699,2.14833885,0.465475919,4.452326822,4.613614405,5.114606050322937,1.32273,1.28143,-3.8621190340196296,0.77911,0.89619,0.302132,0.444801,-5.32254691578,-1.9083344335565,3.4142124822235003,1.70710624111175,0.5857866229513352,3.61544067466825,3.828528933129809,1.09265,1.10846,0.891533498,0.901777395,2.272251478,2.305113348,0.0804611641982211,0.356557727,0.519577259,0.2961573610318073,0.066764202,0.821573126,3.680749141314996,0.1872465436711738,1.13422,1.17323,-0.0675613850728135,-0.9977151192835774,0.6931557092276793,0.7207878763998967,0.1964599999999998,0.32935,0.074959,0.104879,0.1082,0.1885099999999999
L110,0.244058225,0.255338347,0.267369907,0.361806413,0.026744391,0.031827989,0.082441949,0.020778422,0.461372059,0.478848705,0.641170878,0.513961392,75.7533044,217.5687776,2.257241968,2.29824579,0.50161899,0.90598211,0.926178718,0.508282385,0.485316609,0.396192571,0.282141088,47.92797343,60.81164035,51.21027436,603.7519166,6.389384294,4.816627622,5.585275189,7.513649886,0.384990402,-6.389384294,1.124265591,0.063641472,,,,,11.16046453,1.18737,1.20931,-2.71356654,-0.09024,1.07057,1.01565,-0.119071,0.385649,0.339376,-6.075213826,-1.826700278,4.248513548,2.124256774,0.470752883,3.950957052,3.674240756,1.3731028694165637,1.36269,1.36979,-2.091311484733531,0.71484,0.80315,0.324314,0.36488,-4.759543359095501,-0.4726617583185,4.286881600777001,2.1434408003885004,0.4665395936378318,2.6161025587070004,1.5964967626894186,1.01565,1.07057,0.90598211,0.926178718,2.257241968,2.29824579,0.0539550527650788,0.244058225,0.361806413,0.2644495578783843,0.020778422,0.641170878,4.90129365695928,0.0851371511859516,1.18737,1.20931,0.3476660451568066,0.9376184304102736,-0.7165784700161859,-0.6975064847793618,0.2124999999999999,0.35573,0.0255039999999999,0.061335,0.1604799999999999,0.1753199999999999
L21,0.448438203,0.6193023,0.539456232,0.496555905,0.148078992,0.330923416,0.152838105,0.258711282,0.748797413,0.907681185,0.840273706,0.820201181,102.3954237,250.6413424,2.305547292,2.319739207,0.555377609,0.898865542,0.928700382,0.557883589,0.564177257,0.55595832,0.525903292,53.69980894,60.43992665,69.11219188,1199.039478,6.979064214,5.344933274,7.595044435,9.775626134,0.047517485,-6.979064214,2.796561921,0.046522738,,,,,11.94848342,1.14026,1.15487,-6.930062337,-0.09614,1.11811,1.08693,-0.155749,0.488868,0.380212,-6.791417481,-2.918421047,3.872996434,1.936498217,0.516396034,4.854919264,6.085789506,3.757629807471726,1.30703,1.2791,-6.167407068219832,0.86135,0.88271,0.417421,0.441542,-6.243924413573,-2.123032261601,4.120892151971999,2.0604460759859995,0.485331798611358,4.183478337587,4.247015052962398,1.08693,1.11811,0.898865542,0.928700382,2.305547292,2.319739207,0.0725009451718243,0.448438203,0.6193023,0.3321388912094071,0.148078992,0.907681185,4.581166361655715,0.3302104749536693,1.14026,1.15487,0.9571901630013708,-0.2894598277022377,-0.6335011902741575,0.7737417152520767,0.2042199999999999,0.25676,0.0613299999999999,0.071447,0.1242299999999998,0.1667699999999998
L33,0.43130312,0.545467742,0.431103875,0.544118568,0.052947974,0.303495898,0.303131564,0.047756215,0.809658266,0.787439586,0.785105571,0.814451535,93.5619966,245.6047634,2.285307613,2.285651672,0.544953177,0.898160874,0.899005311,0.552266309,0.55593682,0.532477663,0.488016828,52.35072927,57.85795369,58.46948755,1090.017183,7.381769715,4.849173058,7.664048426,10.23131627,0.031498126,-7.381769715,2.849546552,0.04397468,,,,,12.24030668,1.14514,1.14514,-5.541973429,-0.13217,1.09762,1.09763,-0.198543,0.383182,0.382885,-6.775362764,-2.834337867,3.941024897,1.970512448,0.507482204,4.804850315,5.858015911,2.455095658014164,1.28875,1.28849,-4.810385652429483,0.84441,0.84413,0.367298,0.366446,-6.072492687758,-1.9627572036565,4.109735484101501,2.0548677420507504,0.486649325178468,4.01762494570725,3.927578859226292,1.09762,1.09763,0.898160874,0.899005311,2.285307613,2.285651672,0.0655833827415996,0.431103875,0.545467742,0.346260304352582,0.047756215,0.814451535,5.279695707628518,0.1107765848776005,1.14514,1.14514,-0.6332791935802868,0.7739234219083316,0.5316406060589931,0.8469700502315454,0.2535,0.25321,0.0164389999999999,0.015884,0.1433499999999998,0.14361
L36,0.382553526,0.396711317,0.404920217,0.356108002,0.094129099,0.145739285,0.05700119,0.049782823,0.670977952,0.647683348,0.655214815,0.76005761,93.9017238,225.0454025,2.289613948,2.319023033,0.537894847,0.890473584,0.916511368,0.536628701,0.509840828,0.458924441,0.385071842,51.69740185,56.3192768,59.03244724,845.4836114,6.228946772,5.551164105,5.919552256,7.521924737,0.219425708,-6.228946772,1.292977965,0.062004768,,,,,12.65834903,1.1493,1.15507,-4.743714232,-0.09186,1.0879,1.07011,-0.151795,0.425374,0.349833,-5.986504711,-1.916225735,4.070278976,2.035139488,0.491366811,3.951365223,3.835925552,2.218221855450893,1.29967,1.29304,-4.048247813937553,0.82409,0.82885,0.364959,0.357385,-5.146217140656001,-0.7994704927690001,4.3467466478870005,2.1733733239435,0.4601142330142984,2.9728438167125004,2.0331988667574854,1.07011,1.0879,0.890473584,0.916511368,2.289613948,2.319023033,0.021406239770468,0.356108002,0.404920217,0.3221081207954765,0.049782823,0.76005761,15.047393855685762,0.1397969793444854,1.1493,1.15507,-0.3391900832675451,0.94071785749658,-0.9124649114390134,0.4091549650103165,0.2412599999999999,0.2638100000000001,0.007552,0.0604149999999999,0.1379699999999999,0.1503700000000001
L102,0.318612912,0.305462733,0.318621451,0.305454194,0.064942532,0.094686986,0.094658522,0.064936839,0.572283292,0.516238479,0.516249865,0.572306063,100.2668898,228.3553031,2.294409556,2.294406415,0.562721301,0.902918841,0.90316926,0.572826795,0.545591435,0.443246859,0.312027149,51.52807359,60.6923586,60.49749714,631.9717019,6.295763231,4.702773342,5.617921497,7.426139739,0.35845501,-6.295763231,1.130376507,0.06812268,,,,,11.45546096,1.21042,1.21042,-3.054480015,-0.11102,1.02885,1.02884,-0.183154,0.265369,0.265338,-6.357668003,-1.959219724,4.398448279,2.19922414,0.454705813,4.158443863,3.931535457,1.5257991053870754,1.40517,1.40518,-2.355386302959594,0.78694,0.78693,0.273953,0.273945,-5.0550590007385,-0.003809593907,5.0512494068315,2.5256247034157497,0.3959416451096484,2.52943429732275,1.2666248187665587,1.02884,1.02885,0.902918841,0.90316926,2.294406415,2.294409556,0.0075971909790844,0.305454194,0.318621451,0.2494215745257585,0.064936839,0.572306063,32.830762740127604,0.2125910865705775,1.21042,1.21042,-0.2610165565566832,0.965334324057366,0.8310320698016709,-0.556224504099874,0.2419099999999999,0.24191,0.0086069999999999,0.0085839999999999,0.19476,0.1947499999999999
L70,0.408196376,0.359580561,0.455847276,0.383176878,0.070840188,0.109858081,0.133124221,0.150680564,0.745552564,0.60930304,0.633229536,0.761013987,102.9152722,231.2428134,2.338387557,2.337629524,0.558417583,0.897031075,0.916761787,0.557503414,0.531136672,0.480866479,0.401715928,49.129238,55.53491623,64.46248836,790.7248549,6.33943959,4.719687349,5.997914667,7.691731613,0.200377356,-6.33943959,1.352292024,0.061346896,,,,,10.91351128,1.16077,1.16851,-4.352129928,-0.09321,1.07227,1.05062,-0.169689,0.445402,0.328791,-6.129364483,-2.143168687,3.986195796,1.993097898,0.501731501,4.136266585,4.291987181,2.077645215141411,1.31505,1.29806,-3.622845815006309,0.82163,0.82553,0.360154,0.388856,-5.252885770052,-1.1344426427345,4.1184431273175,2.05922156365875,0.485620400275547,3.19366420639325,2.4765404663584,1.05062,1.07227,0.897031075,0.916761787,2.337629524,2.338387557,0.0411958071869682,0.359580561,0.455847276,0.3102601909176337,0.070840188,0.761013987,7.531353603766274,0.197007835470839,1.16077,1.16851,0.6869512464266605,-0.7267035055872908,-0.9441623597346598,0.3294805585467508,0.2250900000000001,0.2506400000000001,0.0600649999999999,0.085248,0.12955,0.1542799999999999
L48,0.363326369,0.434858223,0.36334914,0.434841145,0.018290704,0.191178563,0.191155793,0.018285012,0.708362034,0.678537882,0.678526497,0.708413269,94.17169316,241.7558845,2.286019855,2.286037588,0.544405749,0.898492825,0.898708302,0.542560207,0.512974599,0.466979228,0.399174129,54.86757119,59.43054782,58.53726695,857.7027276,6.146211533,5.087388463,5.972324952,7.463218056,0.19068157,-6.146211533,1.317006522,0.056961113,,,,,12.21727105,1.14552,1.14552,-4.348912669,-0.10306,1.09827,1.09827,-0.166574,0.394892,0.394934,-5.88255722,-1.987519564,3.895037656,1.947518828,0.513473855,3.935038392,3.975449922,1.631115035796065,1.29178,1.29178,-3.647662603614185,0.83521,0.83521,0.367959,0.367867,-5.0098881015555,-0.5929360802395001,4.416952021316,2.208476010658,0.4528009338448992,2.8014120908975,1.776770421130469,1.09827,1.09827,0.898492825,0.898708302,2.286019855,2.286037588,0.0412874333823308,0.363326369,0.434858223,0.32160097127041,0.018285012,0.708413269,7.789318563164558,0.0503266857572894,1.14552,1.14552,-0.0760130563289907,0.997106822395437,0.146223671187824,-0.9892515544513212,0.26306,0.26306,0.027067,0.026933,0.1462599999999998,0.1462599999999998
L155,0.478453061,0.376994586,0.392063212,0.419004002,0.176690595,0.203628539,0.128769291,0.057223206,0.780215526,0.550360634,0.709238713,0.726903218,93.51834089,234.6029094,2.291287413,2.276155617,0.522549385,0.90368757,0.881312896,0.520568245,0.507783182,0.47759082,0.416591001,52.20034573,64.69731611,54.7223529,950.8843904,5.789955208,4.956792279,5.580611479,6.842553526,0.317986839,-5.789955208,1.052598318,0.068257268,,,,,10.96550513,1.13203,1.15572,-4.633762569,-0.08917,1.11016,1.09836,-0.176098,0.435293,0.377734,-5.911673402,-1.595947733,4.315725669,2.157862834,0.463421485,3.753810568,3.265057805,1.4019186459991178,1.30513,1.27772,-3.929348858820243,0.80545,0.86059,0.316429,0.402603,-4.8531505236675,-0.563275670535,4.2898748531325,2.14493742656625,0.4662140664871807,2.70821309710125,1.7097044623469833,1.09836,1.11016,0.881312896,0.90368757,2.276155617,2.291287413,0.0447296317366602,0.376994586,0.478453061,0.3040078048162475,0.057223206,0.780215526,6.79656400048301,0.1517878720942692,1.13203,1.15572,-0.6664512767740062,0.7455485870728326,0.8502918784268715,-0.5263114301260255,0.23777,0.30471,0.0248689999999999,0.1188639999999999,0.1219999999999998,0.1730999999999998
L26,0.445466604,0.449721911,0.385331572,0.356913522,0.177977149,0.128831911,0.06943978,0.097533345,0.712956058,0.77061191,0.644387264,0.6731298,100.7015887,229.6360608,2.293686826,2.309857466,0.578969437,0.918043002,0.920954855,0.584138942,0.566692157,0.505156696,0.409461583,53.73786052,71.69028512,67.67623115,830.6649723,5.899248254,4.490668838,5.856791066,7.120202063,0.210162743,-5.899248254,1.220953809,0.059965068,,,,,10.24253763,1.17145,1.16404,-4.463728041,-0.06784,1.077,1.06292,-0.112212,0.392326,0.413235,-6.012627641,-1.931191997,4.081435644,2.040717822,0.490023652,3.971909819,3.865323133,0.7651977587525985,1.31556,1.32038,-3.717321488076088,0.84268,0.83353,0.425476,0.37742,-5.185401535128,-0.7534832520345,4.4319182830935,2.21595914154675,0.4512718584251491,2.96944239358125,1.9895646908550004,1.06292,1.077,0.918043002,0.920954855,2.293686826,2.309857466,0.0456828527587364,0.356913522,0.449721911,0.3145294631429496,0.06943978,0.77061191,6.885066149525844,0.1945563160815185,1.16404,1.17145,0.1697971092306538,0.9854790417339748,-0.2953263512887588,-0.955396434070417,0.2293900000000001,0.2343199999999999,0.035815,0.03315,0.1563400000000001,0.1441099999999999
L84,0.284917712,0.268761777,0.284894941,0.268801626,0.056767788,0.024472997,0.024484382,0.056779174,0.513067635,0.513050557,0.51311887,0.513010708,95.36484031,227.8193982,2.267005891,2.26702729,0.508584141,0.886065039,0.886140747,0.506916858,0.471187049,0.379435575,0.276781394,46.69433769,56.44552435,56.89363772,592.8907785,6.80267718,4.537185506,6.158809889,8.302283793,0.186796724,-6.80267718,1.499606613,0.061086344,,,,,10.95206184,1.19991,1.19992,-2.767267955,-0.07896,1.01959,1.01962,-0.185166,0.324861,0.324968,-6.564474529,-2.310246591,4.254227939,2.127113969,0.470120555,4.43736056,4.628376529,0.2189774874273609,1.37287,1.37287,-2.150292303328608,0.76246,0.76242,0.30319,0.303099,-5.207714870869,-1.0821967834385,4.1255180874305,2.06275904371525,0.4847875970035225,3.1449558271537503,2.397455772859935,1.01959,1.01962,0.886065039,0.886140747,2.267005891,2.26702729,0.0093095754400374,0.268761777,0.284917712,0.2528224216284429,0.024472997,0.51311887,27.157245059869837,0.0910583241157837,1.19991,1.19992,0.8988159554178851,0.4383262235895023,0.9985460860583576,-0.0539046752845738,0.2572,0.2571299999999999,0.0218689999999999,0.0216709999999999,0.1729499999999999,0.17296
L52,0.359270307,0.393210295,0.361109055,0.393998736,0.024404684,0.18704565,0.186743936,0.024108663,0.694135931,0.59937494,0.601253537,0.698109448,94.34342091,240.7514729,2.286678738,2.287217108,0.539350773,0.895283964,0.894637533,0.537493793,0.50711701,0.453717856,0.376909907,54.40704097,59.79524066,60.32303321,817.0643043,6.221197058,5.854520082,6.098078175,7.626120245,0.152845012,-6.221197058,1.404923187,0.052698098,,,,,14.49103038,1.1471,1.14739,-4.099091552,-0.08672,1.09331,1.09315,-0.136996,0.410414,0.410051,-5.947048203,-2.116501529,3.830546673,1.915273337,0.522118687,4.031774866,4.243574078,3.808281536336304,1.29295,1.29254,-3.4063314637414104,0.83612,0.83757,0.379935,0.381291,-5.0395485112600005,-0.704774872795,4.334773638465,2.1673868192325,0.4613851072297805,2.8721616920275004,1.9030550319742792,1.09315,1.09331,0.894637533,0.895283964,2.286678738,2.287217108,0.0193093455902522,0.359270307,0.393998736,0.2987025352566026,0.024108663,0.698109448,15.46932462627805,0.0671045241709886,1.1471,1.14739,0.0954955596902424,0.9954298559313194,0.9132377526387848,-0.4074270574658262,0.25558,0.25719,0.02876,0.0304789999999999,0.1451500000000001,0.14585
L106,0.401840456,0.455761885,0.401885998,0.455690726,0.020488094,0.275852058,0.275829287,0.020482401,0.783192818,0.635671712,0.635552165,0.783289594,95.00532043,248.3207932,2.28971176,2.289716398,0.543095416,0.894736536,0.894957836,0.54055459,0.525160827,0.488295388,0.42885027,54.38399135,58.16905815,58.3211613,1019.113389,6.021088296,5.523216943,6.00489088,7.34641758,0.166438404,-6.021088296,1.325329284,0.050741847,,,,,12.92873208,1.14403,1.14403,-5.129792232,-0.11213,1.09907,1.09907,-0.20631,0.379978,0.379999,-5.86133234,-2.032418349,3.82891399,1.914456995,0.522341323,3.946875345,4.068470857,2.557449723846004,1.28476,1.28477,-4.40958825588891,0.84361,0.8436,0.362441,0.362394,-5.1157403894,-0.5232749345115,4.5924654548885,2.29623272744425,0.4354959268928366,2.81950766195575,1.7310143176722463,1.09907,1.09907,0.894736536,0.894957836,2.28971176,2.289716398,0.0310978819982737,0.401840456,0.455761885,0.3200523373886031,0.020482401,0.783289594,10.291772841840777,0.050971475604736,1.14403,1.14403,0.6871368632138115,0.7265279975422032,-0.134564117877175,-0.9909048885639518,0.25547,0.25546,0.0176049999999999,0.0175369999999999,0.1407399999999998,0.1407299999999998
L122,0.364672697,0.396420988,0.364672697,0.396415295,0.02286765,0.1970136,0.197024985,0.022879035,0.706477744,0.595828376,0.595805605,0.706466359,94.69001519,242.3753514,2.285445564,2.285460414,0.544120388,0.896466176,0.896169167,0.541823133,0.511070685,0.457220282,0.380569613,54.4152823,59.76310254,59.41041867,835.012788,6.17447217,5.980728931,6.069673608,7.55638461,0.158238832,-6.17447217,1.38191244,0.054326367,,,,,14.96079806,1.14509,1.14509,-4.235637986,-0.09536,1.09808,1.09807,-0.146092,0.40432,0.404241,-5.857522746,-2.019628998,3.837893747,1.918946874,0.521119169,3.938575872,4.041899261,4.10524592564197,1.29285,1.29286,-3.5375745942939405,0.83714,0.83712,0.378028,0.37805,-4.9277097187045005,-0.621508034542,4.306201684162501,2.1531008420812503,0.4644464302161392,2.77460887662325,1.7877598363658116,1.09807,1.09808,0.896169167,0.896466176,2.285445564,2.285460414,0.0183282410749795,0.364672697,0.396420988,0.2996098286160227,0.02286765,0.706477744,16.34689479423255,0.0627073268388941,1.14509,1.14509,0.4279610458052906,0.9037971803857556,-0.45530706733139,-0.8903344733514978,0.2609500000000001,0.2609399999999999,0.026191,0.026292,0.1477699999999999,0.1477600000000001
L66,0.254410434,0.27027604,0.246514633,0.255369657,0.05264626,0.087793104,0.080238866,0.025998645,0.456174607,0.452758976,0.430500447,0.467030621,87.74944433,231.5469707,2.258554707,2.264576369,0.562826127,0.867021524,0.864360091,0.56724055,0.522634102,0.391480339,0.256692502,51.57953685,61.14265836,58.77951047,566.0205041,6.455842445,5.057516459,5.040667525,7.338849298,0.688339327,-6.455842445,0.883006852,0.078471871,,,,,11.45429497,1.20051,1.19942,-2.50366335,-0.12555,1.02367,1.02251,-0.189125,0.249688,0.277537,-6.300251981,-1.617444727,4.682807253,2.341403627,0.427094239,3.958848354,3.346813021,1.541114989220467,1.37257,1.38211,-1.8223747430332595,0.71904,0.72999,0.22717,0.213133,-4.6844399363575,0.955119615255,5.6395595516125,2.81977977580625,0.3546376240371727,1.86466016055125,0.6165299758831093,1.02251,1.02367,0.864360091,0.867021524,2.258554707,2.264576369,0.0099171459383293,0.246514633,0.27027604,0.2094905028452744,0.025998645,0.467030621,21.124071799286693,0.1054649157480237,1.19942,1.20051,-0.2134939435532261,0.9769443873967912,-0.8021491074371233,0.5971237806668115,0.29252,0.30463,0.0644039999999999,0.0225179999999999,0.18269,0.1720600000000001
L56,0.330058123,0.339286019,0.330063815,0.33927748,0.082908751,0.095165174,0.095096862,0.082891673,0.577207494,0.583406864,0.583458099,0.577235957,86.46024089,230.3187578,2.263706775,2.263697862,0.564561592,0.877987561,0.878115682,0.570177208,0.539298272,0.442293301,0.334732556,53.17636393,53.72087805,52.40479097,708.4242498,6.172285101,4.620332262,5.745820768,7.35803711,0.285931242,-6.172285101,1.185752009,0.062201278,,,,,9.80874068,1.15043,1.15043,-2.998187415,-0.07142,1.08882,1.08882,-0.0808,0.370281,0.37028,-5.935075193,-1.675677091,4.259398102,2.129699051,0.469549911,3.805376142,3.399749739,0.158202054348229,1.29156,1.29155,-2.310926622305369,0.83248,0.83248,0.344148,0.344155,-4.6681131053275005,-0.592663966389,4.075449138938501,2.0377245694692503,0.4907434571790347,2.63038853585825,1.697713212383907,1.08882,1.08882,0.877987561,0.878115682,2.263697862,2.263706775,0.0053236217523371,0.330058123,0.339286019,0.2626682121630007,0.082891673,0.583458099,49.34013428878249,0.2511426540470267,1.15043,1.15043,-0.9977934813699392,0.066394039910648,-0.8318840492280927,-0.554949482962073,0.2563399999999999,0.2563399999999999,0.026125,0.026133,0.1411199999999999,0.1411299999999999
L139,0.373001144,0.358410707,0.496826309,0.344850652,0.093582598,0.123674308,0.091800778,0.111953001,0.65241969,0.593147106,0.597900525,0.881699618,96.85564487,220.2527119,2.27050362,2.315128178,0.56261065,0.876316157,0.908515421,0.565867265,0.543054855,0.475039684,0.393243028,52.75356885,54.37769235,73.91485705,887.4440269,6.221007608,4.81904226,5.897168952,7.49968755,0.227510989,-6.221007608,1.278679942,0.066210214,,,,,10.7674656,1.15128,1.17874,-4.790689657,-0.10434,1.29371,1.25482,-0.142351,0.555467,0.586025,-6.017253576,-1.94833517,4.068918407,2.034459203,0.491531115,3.982794373,3.898493268,2.736218299039753,1.36797,1.3255,-4.062371681983507,1.03302,1.01921,0.594789,0.496756,-4.976962325645,-0.8353895210350001,4.14157280461,2.070786402305,0.4829083283949017,2.90617592334,2.0392877044199214,1.25482,1.29371,0.876316157,0.908515421,2.27050362,2.315128178,0.0699865206237228,0.344850652,0.496826309,0.3207277182094153,0.091800778,0.881699618,4.582707003449756,0.2662044495714046,1.15128,1.17874,0.5087458415160042,-0.8609167606337866,0.3346427985833742,0.942345052173718,0.2356100000000001,0.2606899999999998,0.089269,0.0393219999999999,0.14676,0.2166899999999998
L24,0.544881392,0.473662638,0.380962411,0.384312576,0.293323011,0.145426185,0.124448518,0.07968098,0.796439774,0.801899091,0.644176634,0.682243842,99.17685422,239.7866974,2.331159241,2.327349614,0.569214732,0.92349399,0.920838381,0.583316523,0.577260257,0.532331398,0.446025202,56.44017912,56.25867937,61.84190189,825.4650243,5.900418771,4.638177181,5.890335601,7.141892907,0.197138536,-5.900418771,1.241474137,0.055031687,,,,,11.012702,1.14528,1.17096,-4.863133673,-0.08762,1.10775,1.04014,-0.143957,0.451269,0.318325,-6.097255048,-2.089562258,4.00769279,2.003846395,0.499040247,4.093408653,4.180957793,2.746709757145811,1.32456,1.29596,-4.090090118540251,0.80526,0.85804,0.334571,0.407536,-5.2561511362580005,-0.926275547102,4.329875589156001,2.1649377945780004,0.4619070360841128,3.09121334168,2.206899419399497,1.04014,1.10775,0.920838381,0.92349399,2.327349614,2.331159241,0.0786934332265698,0.380962411,0.544881392,0.3152770151943191,0.07968098,0.801899091,4.006395480123364,0.2091570656297636,1.14528,1.17096,-0.9766153811736102,0.2149939470197333,0.8550543929424866,0.5185383159514402,0.1821,0.30249,0.0892109999999999,0.1166979999999999,0.125,0.1792799999999998
L47,0.417862612,0.524817406,0.429692081,0.520126606,0.038169677,0.397010184,0.399617449,0.050283782,0.797555547,0.652624628,0.640635763,0.80910038,93.9430466,265.8654469,2.284447448,2.286527451,0.561405143,0.898644242,0.899826454,0.575643194,0.581777617,0.541698036,0.473083404,59.37901966,59.94981576,59.27747738,1104.830261,6.276014158,4.693792556,6.234874206,7.778695537,0.113807173,-6.276014158,1.50268138,0.055600645,,,,,10.73726723,1.13526,1.13358,-5.886817018,-0.13448,1.11299,1.11431,-0.232406,0.372801,0.371644,-5.951674138,-2.153509013,3.798165125,1.899082563,0.52657005,4.052591575,4.324061207,1.9900418010685104,1.27861,1.28131,-5.104166252623479,0.83652,0.83837,0.347087,0.350676,-4.955193217605,-0.5659968090399999,4.389196408565001,2.1945982042825003,0.455664275150056,2.7605950133225,1.73628248048089,1.11299,1.11431,0.898644242,0.899826454,2.284447448,2.286527451,0.0572177297247159,0.417862612,0.524817406,0.3064991871067046,0.038169677,0.80910038,5.356717027769599,0.0913450399817057,1.13358,1.13526,-0.3000384947114711,0.9539270945367232,0.9207227600725584,-0.390217374144681,0.2759399999999999,0.2764699999999999,0.0209679999999999,0.025714,0.1477299999999999,0.1433500000000001
L169,0.413057958,0.463979324,0.428772707,0.468223246,0.140211655,0.135714408,0.176445808,0.179144157,0.68590426,0.79224424,0.760000683,0.678401257,105.445066,239.0361083,2.315976731,2.326059127,0.600726798,0.928432492,0.919621226,0.599439048,0.566755227,0.511986938,0.443444977,56.63494504,75.73379781,72.40235944,1010.143161,5.906376144,4.82495187,5.687091168,7.029913994,0.282446682,-5.906376144,1.12353785,0.064781645,,,,,11.82383855,1.16557,1.16806,-6.349997418,-0.09477,1.09679,1.08153,-0.23048,0.382915,0.421023,-6.10514635,-1.742344985,4.362801365,2.181400683,0.458421054,3.923745667,3.528874861,1.542946862338428,1.31592,1.32465,-5.54458005974852,0.82934,0.8314,0.417011,0.368057,-4.747298235823,-0.3371490607695,4.4101491750535,2.20507458752675,0.4534993989122233,2.54222364829625,1.4654608770412607,1.08153,1.09679,0.919621226,0.928432492,2.315976731,2.326059127,0.0269211961619452,0.413057958,0.468223246,0.3079080095871319,0.135714408,0.79224424,11.437382192637456,0.3285602065558073,1.16557,1.16806,-0.9797249988685632,0.2003470154307114,0.2716110600260916,0.96240710308658,0.2501300000000001,0.2674499999999999,0.0529659999999999,0.034096,0.15659,0.1503499999999999
L79,0.510041955,0.446491293,0.359358544,0.360280765,0.222881313,0.152211906,0.103339918,0.089358601,0.797202598,0.74077068,0.617221612,0.629358488,99.38764631,247.2194581,2.319348859,2.321874332,0.608763511,0.921583815,0.921746878,0.612648191,0.586564993,0.522558846,0.419028908,53.23396682,62.56142249,60.82642134,789.1447328,5.999423999,4.720908117,5.812976284,7.204869532,0.238469248,-5.999423999,1.205445532,0.061899716,,,,,11.04689246,1.14449,1.15699,-4.322275566,-0.12495,1.11711,1.07624,-0.176372,0.475509,0.36346,-6.028682358,-1.98017249,4.048509868,2.024254934,0.494008923,4.004427424,3.960824975,2.51384162388962,1.31609,1.29946,-3.539954975508514,0.842,0.85516,0.387049,0.411526,-5.254518453155,-0.8166136653505,4.4379047878045,2.2189523939022497,0.4506631159586979,3.03556605925275,2.0763539870006777,1.07624,1.11711,0.921583815,0.921746878,2.319348859,2.321874332,0.0731424481174451,0.359358544,0.510041955,0.3042694359291932,0.089358601,0.797202598,4.1599569574240425,0.2486614065310772,1.14449,1.15699,-0.9100143212795077,0.4145768144339442,0.8228234344299169,-0.5682971016580642,0.22108,0.2751100000000001,0.048066,0.08846,0.1424700000000001,0.1715999999999999
L182,0.511650148,0.378725173,0.395877333,0.417495432,0.188212657,0.173741767,0.109402663,0.095802759,0.835087639,0.583708578,0.7255882,0.695951908,89.95051709,231.8292598,2.289711676,2.298604085,0.572557538,0.922224422,0.933400112,0.578634163,0.563063685,0.507403964,0.425754143,52.62663111,66.77508303,55.38760005,900.1337318,5.917379752,4.287306843,5.73529852,7.069182671,0.262504399,-5.917379752,1.151802918,0.06849281,,,,,9.861212628,1.12782,1.15468,-4.995086025,-0.10639,1.11337,1.07346,-0.176127,0.37925,0.318036,-5.948136658,-1.760848727,4.187287931,2.093643966,0.477636129,3.854492692,3.548147192,0.5229624269486288,1.29824,1.27976,-4.227731671587253,0.81292,0.84213,0.301971,0.351646,-4.902403130608,-0.58776591708,4.314637213528,2.157318606764,0.4635383929219477,2.745084523844,1.7464942404476709,1.07346,1.11337,0.922224422,0.933400112,2.289711676,2.298604085,0.0593030184706632,0.378725173,0.511650148,0.312659767343213,0.095802759,0.835087639,5.272240358184859,0.2529611597801026,1.12782,1.15468,0.9150653246935864,-0.4033056552336221,-0.6040685587542846,0.7969323536690687,0.23133,0.30045,0.03361,0.0772789999999999,0.12508,0.17042
L43,0.500059774,0.575573684,0.474416923,0.571548932,0.146046692,0.465926234,0.412118659,0.123190427,0.854072855,0.685221134,0.730979204,0.82564342,92.81115684,271.4903729,2.280786359,2.287340742,0.554177926,0.905091083,0.89851612,0.56899789,0.59489018,0.577521656,0.530411214,59.72723862,66.38667959,62.85706932,1278.934382,5.388777702,5.592720853,5.868085934,6.56527397,0.154410334,-5.388777702,1.176496268,0.052829363,,,,,12.94127167,1.13777,1.13754,-8.235917864,-0.12093,1.10533,1.1028,-0.190235,0.386419,0.378343,-5.7524868,-1.921940126,3.830546673,1.915273337,0.522118687,3.837213463,3.843891855,3.1744958355619244,1.27727,1.28387,-7.411437240317322,0.83494,0.84009,0.351901,0.367261,-4.757094334441001,-0.4976962325645,4.259398101876501,2.1296990509382505,0.4695499110822463,2.62739528350275,1.6206998760532036,1.1028,1.10533,0.89851612,0.905091083,2.280786359,2.287340742,0.050952692290246,0.474416923,0.575573684,0.2897853487796976,0.123190427,0.854072855,5.687341252332053,0.2596670165579233,1.13754,1.13777,-0.9910122237344546,0.133771343750787,0.967057249708161,0.2545589829231873,0.26271,0.2703899999999999,0.0110819999999999,0.0345179999999999,0.14633,0.1394999999999999
L147,0.366238195,0.403280714,0.366269505,0.403289253,0.019696806,0.19018803,0.190176645,0.019696806,0.712779584,0.616373397,0.61640186,0.712842204,95.17239447,238.8785779,2.288538033,2.28851236,0.54347978,0.896192462,0.896215757,0.541908479,0.512430623,0.458431221,0.384743799,53.9357588,57.14043812,57.24871916,865.4730164,6.261065352,5.53056118,6.192311493,7.732964661,0.125587816,-6.261065352,1.471899309,0.051516176,,,,,13.14210101,1.14572,1.14572,-4.240414463,-0.10019,1.09484,1.09484,-0.169998,0.392118,0.392116,-6.020246828,-2.183169423,3.837077406,1.918538703,0.521230037,4.101708126,4.384589563,2.743300490285379,1.28768,1.28768,-3.543625924687545,0.84123,0.84124,0.370756,0.370743,-5.277920244298,-0.7072238974495,4.5706963468485,2.28534817342425,0.4375700874067038,2.992572070873749,1.9593267458137795,1.09484,1.09484,0.896192462,0.896215757,2.28851236,2.288538033,0.021379938999836,0.366238195,0.403289253,0.3081745101894393,0.019696806,0.712842204,14.414190339448696,0.0537814085720906,1.14572,1.14572,0.7983889147874625,0.6021421266980893,0.1172657914899281,0.9931005659782098,0.2536,0.25361,0.021373,0.021362,0.1419599999999998,0.1419599999999998
L108,0.293468175,0.310005522,0.302858314,0.302801387,0.020732881,0.040776942,0.070162755,0.089495227,0.566203469,0.579234102,0.535440019,0.516221401,86.8639078,226.6744894,2.265822049,2.265417522,0.518088427,0.864552274,0.877352777,0.515602694,0.47572806,0.390415665,0.30235095,48.80718135,51.63002635,51.15265639,700.1944475,6.361017309,5.113692344,5.779853378,7.586683675,0.291812988,-6.361017309,1.225666366,0.067277179,,,,,11.49040333,1.15607,1.15618,-2.772498011,-0.09569,1.0768,1.08181,-0.160118,0.336294,0.328635,-6.198481401,-1.764386207,4.434095194,2.217047597,0.451050307,3.981433804,3.574983044,1.886847163921869,1.30872,1.3065,-2.1350555086820795,0.78533,0.79251,0.28878,0.296679,-4.971520048635,-0.767905286111,4.203614762524,2.101807381262,0.4757809915957019,2.869712667373,1.9590878942332763,1.0768,1.08181,0.864552274,0.877352777,2.265417522,2.265822049,0.006780811077663,0.293468175,0.310005522,0.2654651158528564,0.020732881,0.579234102,39.14946350995341,0.0706478002256973,1.15607,1.15618,-0.8915185440021645,0.452984200276633,0.461618037786823,0.8870787942397469,0.2892999999999999,0.29147,0.0319559999999999,0.047514,0.15032,0.1526500000000001
L157,0.409724871,0.42106192,0.401103249,0.436281402,0.119632478,0.125148722,0.108679688,0.066177852,0.699817264,0.716975117,0.763883117,0.736028646,94.04631578,229.4180454,2.287931021,2.328261304,0.547515608,0.91106038,0.916115356,0.548495593,0.532181262,0.488119643,0.41703361,53.54156003,60.63193487,68.37531323,883.2803402,6.221504235,4.972579764,5.739759229,7.409318547,0.294055083,-6.221504235,1.187814312,0.063732119,,,,,12.17902422,1.15201,1.17539,-4.98557228,-0.08279,1.10122,1.05943,-0.175225,0.427065,0.407275,-5.993851785,-1.784522632,4.209329153,2.104664577,0.475135093,3.889187208,3.593393767,1.1063513546789736,1.31496,1.28378,-4.248372962956778,0.8226,0.8235,0.411303,0.367447,-4.634098874015001,-0.2620456380315,4.3720532359835005,2.1860266179917502,0.4574509714427338,2.4480722560232504,1.3707650495620325,1.05943,1.10122,0.91106038,0.916115356,2.287931021,2.328261304,0.0152085338259457,0.401103249,0.436281402,0.3346255990330138,0.066177852,0.763883117,22.002489054016745,0.1649895685586929,1.15201,1.17539,-0.2001037660276706,0.979774710237789,-0.081690555772286,-0.9966577412018708,0.23593,0.2786200000000001,0.0398279999999999,0.0157619999999999,0.1083899999999999,0.1629499999999999
L178,0.357206697,0.394086973,0.357172541,0.394084127,0.021939737,0.184523776,0.184518083,0.021928351,0.692473657,0.603650171,0.603650171,0.69241673,93.42118439,242.3170517,2.284218249,2.284230298,0.538529631,0.896134225,0.896163343,0.537272671,0.50696722,0.452665654,0.375784884,53.35461787,60.09815921,59.41633447,801.9939844,6.288383633,5.264715584,6.202648865,7.769772146,0.124739649,-6.288383633,1.481388513,0.050726445,,,,,13.27160049,1.14713,1.14714,-3.990432862,-0.08604,1.09326,1.09325,-0.131033,0.406315,0.406329,-5.999566176,-2.19786357,3.801702605,1.900851303,0.526080077,4.098714873,4.418931557,2.644400200423529,1.29272,1.29271,-3.2990115107962694,0.83626,0.83627,0.378272,0.378241,-5.093427053659,-0.8280424470715,4.2653846065875,2.13269230329375,0.4688908936631836,2.96073475036525,2.055137126082877,1.09325,1.09326,0.896134225,0.896163343,2.284218249,2.284230298,0.0213018802904249,0.357172541,0.394086973,0.2995179803589306,0.021928351,0.692473657,14.060635787797649,0.0613942800266944,1.14713,1.14714,-0.7356292932564776,0.6773843391332391,-0.4026566910434003,-0.91535107426494,0.2569800000000001,0.2569999999999999,0.028088,0.0280429999999999,0.1455699999999999,0.1455900000000001
L97,0.504465938,0.436526189,0.423122684,0.372451797,0.325720271,0.098051382,0.132298777,0.191133022,0.683211604,0.775000996,0.612604817,0.655112346,105.1454786,250.7289626,2.330379588,2.332949141,0.613370061,0.924606318,0.913378215,0.628328471,0.618945319,0.548252755,0.434063377,59.18220111,69.27250444,66.97505095,840.0737463,5.893420205,4.329344852,5.82469894,7.094557029,0.222437884,-5.893420205,1.201136824,0.056603803,,,,,9.830825146,1.20375,1.17156,-5.00559851,-0.08211,1.05962,1.05022,-0.157855,0.323059,0.385101,-6.097527162,-2.117589985,3.979937177,1.989968589,0.502520495,4.107558573,4.2392723,0.7788344881937368,1.32762,1.38817,-4.176995826470447,0.83777,0.79674,0.42126,0.309027,-5.2531578839025,-0.7540274797355,4.499130404167,2.2495652020835,0.4445303470527642,3.003592681819,2.00518059888219,1.05022,1.05962,0.913378215,0.924606318,2.330379588,2.332949141,0.0544005118965505,0.372451797,0.504465938,0.2761397842551625,0.098051382,0.775000996,5.076051210331942,0.2632592533846736,1.17156,1.20375,-0.9952140357444316,-0.0977191028268339,-0.5633622669754154,0.8262099951878583,0.2534799999999999,0.22185,0.076074,0.098201,0.2166099999999999,0.1238699999999999
L46,0.479224424,0.582251242,0.485449412,0.55416337,0.129338563,0.430244275,0.437320324,0.160016623,0.829110285,0.73425821,0.671006416,0.810882201,92.03670704,272.2631393,2.282243601,2.289138862,0.560624767,0.89950615,0.907298267,0.579254857,0.600014585,0.578199692,0.525318365,60.09347648,62.80323538,66.34777116,1252.444684,5.857595022,5.704944825,5.861407641,7.077037856,0.204035193,-5.857595022,1.219442834,0.052912232,,,,,13.31413585,1.13589,1.13877,-7.828494996,-0.12337,1.10715,1.09972,-0.199101,0.3733,0.369146,-5.808542253,-1.97309753,3.835444723,1.917722361,0.521451916,3.890819891,3.946994552,3.1089354351610456,1.28187,1.27768,-6.99829939902242,0.83191,0.8358,0.352894,0.344279,-4.766890433059,-0.540418107093,4.226472325966,2.113236162983,0.4732078778116407,2.653654270076,1.6661367783789052,1.09972,1.10715,0.89950615,0.907298267,2.282243601,2.289138862,0.0509495274751225,0.479224424,0.582251242,0.2792196240329863,0.129338563,0.829110285,5.480318226097828,0.2698914256507093,1.13589,1.13877,-0.8019307574772709,-0.597416990227036,0.8701080766187783,-0.4928609692426152,0.26392,0.27524,0.0248669999999999,0.020406,0.1389099999999998,0.14598
L14,0.499240022,0.378067664,0.387292714,0.426632245,0.175392655,0.196882667,0.136135669,0.037361311,0.823087389,0.55925266,0.717128821,0.737224117,90.50104435,236.9010698,2.287788822,2.284063371,0.524937104,0.917105386,0.889920332,0.527698467,0.518840071,0.486289628,0.422742695,51.42853297,64.33947893,56.80738666,986.5937471,5.809367648,4.613171489,5.591898836,6.87018979,0.314923307,-5.809367648,1.060822143,0.07065263,,,,,10.3311913,1.13121,1.14949,-5.031906945,-0.08834,1.1091,1.10026,-0.143316,0.371405,0.363636,-5.858883315,-1.570096917,4.288786398,2.144393199,0.466332387,3.714490116,3.217095827,2.1409337635714003,1.29853,1.28093,-4.3191507768507975,0.81643,0.84623,0.308123,0.360053,-4.778319214780001,-0.4291235422384999,4.349195672541501,2.1745978362707503,0.459855143475593,2.6037213785092503,1.5587629362613875,1.10026,1.1091,0.889920332,0.917105386,2.284063371,2.287788822,0.0551347199798795,0.378067664,0.499240022,0.317879078370255,0.037361311,0.823087389,5.765497285308773,0.098821757472493,1.13121,1.14949,0.568879362650023,-0.8224209814632063,-0.9584793042625492,-0.2851621000420282,0.25403,0.29267,0.003583,0.063282,0.13144,0.1673199999999999
L9,0.318285581,0.427728093,0.394274833,0.324117771,0.07029938,0.184893802,0.113956838,0.068210152,0.566271782,0.670562384,0.534278704,0.720339514,98.4342507,245.681898,2.33606005,2.309059087,0.568748835,0.95355013,0.915253448,0.574956551,0.550274353,0.471810513,0.366125764,53.97948714,81.39907063,66.8819857,731.652383,5.978914866,5.040545413,5.581916781,7.053895328,0.339063682,-5.978914866,1.074980462,0.06433853,,,,,11.48611703,1.22086,1.15475,-4.157076586,-0.09578,1.03174,1.09516,-0.194118,0.367935,0.35293,-5.955211618,-1.779080355,4.176131264,2.088065632,0.478912149,3.867145986,3.581022036,1.0282596753738815,1.30436,1.3682,-3.414074172195568,0.83567,0.75969,0.3479,0.35489,-4.720631078474,-0.0144220340765,4.7062090443975,2.35310452219875,0.4249704977259557,2.3675265562752497,1.191018491059428,1.03174,1.09516,0.915253448,0.95355013,2.309059087,2.33606005,0.0536673993769563,0.318285581,0.427728093,0.2826365722946314,0.068210152,0.720339514,5.2664480778994,0.2143048760980473,1.15475,1.22086,-0.8648635197200735,-0.5020070639516999,0.5953257584324014,0.8034844375262572,0.3354699999999999,0.19607,0.0019599999999999,0.020035,0.2134500000000001,0.0834999999999999
L7,0.433292725,0.363295059,0.393859265,0.447467594,0.084593796,0.191167178,0.217478923,0.133522711,0.781991654,0.535422941,0.677456266,0.654195818,94.65980542,246.7033372,2.275727089,2.312590235,0.582446189,0.906972139,0.925194512,0.589845447,0.5736239,0.506113656,0.409461583,55.98596627,61.54790946,0.0,901.8123083,5.903304114,4.412242869,5.715584767,7.042422642,0.269533761,-5.903304114,1.139118528,0.064859705,,,,,9.867281881,1.11156,1.20912,-4.922350711,-0.08987,1.1472,1.0398,-0.18559,0.408582,0.314465,-6.04936301,-1.788060112,4.261302899,2.130651449,0.469340023,3.918711561,3.603663167,0.7502399149605411,1.37704,1.25369,-4.13836149654154,0.76071,0.89151,0.290234,0.39425,-4.7682510023115,-0.36463255967,4.403618442641499,2.2018092213207496,0.4541719556429837,2.56644178099075,1.4957298187860262,1.0398,1.1472,0.906972139,0.925194512,2.275727089,2.312590235,0.0382411615050842,0.363295059,0.447467594,0.2809555227073784,0.084593796,0.781991654,7.346940094118869,0.2328514905566056,1.11156,1.20912,0.4004664234335504,0.9163114337943952,0.9961028620484236,-0.0881991395589511,0.14829,0.38649,0.079785,0.118348,0.04457,0.2654799999999999
L50,0.498423117,0.632660264,0.475751866,0.628720903,0.157449207,0.496074871,0.446992252,0.137444994,0.839397027,0.769245658,0.810449554,0.814058737,91.85801572,275.8089716,2.285101944,2.281423365,0.566646478,0.905492918,0.900036107,0.589868723,0.61536809,0.600164407,0.558827841,63.85056765,69.46848772,64.87546529,1275.393592,5.970779523,5.226711201,5.998073295,7.286875323,0.164022506,-5.970779523,1.316095801,0.055721952,,,,,12.05294901,1.136,1.13151,-9.157572374,-0.11485,1.1085,1.11281,-0.18507,0.377659,0.363214,-5.946503975,-2.034323146,3.912180829,1.956090414,0.511223813,3.990413561,4.07021073,1.9585962473159189,1.27407,1.28187,-8.294453194153126,0.83156,0.83178,0.33619,0.355204,-4.795190273511,-0.4898049309,4.305385342610999,2.1526926713055,0.4645344936272535,2.6424976022055,1.621874239351385,1.1085,1.11281,0.900036107,0.905492918,2.281423365,2.285101944,0.0834397989080692,0.475751866,0.632660264,0.2943672241067031,0.137444994,0.839397027,3.5278994911172474,0.2889005883583859,1.13151,1.136,-0.682975707096559,-0.7304410883267419,-0.6061268869176257,0.7953679632444016,0.2810300000000001,0.2769400000000001,0.0080099999999999,0.041469,0.15036,0.1380700000000001
L78,0.352746452,0.31956075,0.336695832,0.312672561,0.027512908,0.072177977,0.072787098,0.028964551,0.677979996,0.566943523,0.552558023,0.644427113,89.94518959,208.4777333,2.293474324,2.292469546,0.485149553,0.866741987,0.863306001,0.482046428,0.453062423,0.404260964,0.330415341,47.93606145,54.48412492,53.01892799,741.0644826,6.355155539,5.132053939,5.974442359,7.694530677,0.210932779,-6.355155539,1.339375138,0.060908725,,,,,11.84833456,1.13352,1.13738,-3.149962118,-0.08311,1.12009,1.11683,-0.145426,0.427359,0.414362,-6.082288786,-1.922484354,4.159804433,2.079902216,0.480791833,4.00238657,3.850925811,1.9224637265758748,1.27713,1.27025,-2.5270046635012364,0.84852,0.8506,0.374938,0.389155,-5.14295177445,-0.750489999679,4.392461774771,2.1962308873855,0.4553255332778096,2.9467208870645,1.9768331362917528,1.11683,1.12009,0.863306001,0.866741987,2.292469546,2.293474324,0.017988435386573,0.312672561,0.352746452,0.302461058832574,0.027512908,0.677979996,16.8141949164927,0.0879927164443444,1.13352,1.13738,0.9172009396295716,-0.3984249444282207,0.905526153286193,0.4242904497095239,0.2662299999999999,0.27157,0.025207,0.0524209999999999,0.13287,0.14361
L89,0.365680308,0.395672395,0.365680308,0.395655317,0.020567792,0.19852217,0.198493707,0.020567792,0.710792825,0.592822621,0.592816928,0.710792825,94.99031723,242.0067403,2.287044015,2.287041859,0.545343366,0.8972582,0.897229081,0.543219695,0.513183517,0.458811057,0.380583134,54.85671837,59.07395056,57.85619822,809.9744016,6.176031604,5.810222207,6.016216133,7.523648094,0.177400357,-6.176031604,1.34761649,0.054146038,,,,,13.98080778,1.14588,1.14587,-4.051606205,-0.09943,1.09549,1.0955,-0.158641,0.397791,0.397817,-5.885006245,-2.05364323,3.831363015,1.915681508,0.52200744,3.969324737,4.112254257,3.44133898359345,1.29102,1.29101,-3.35325978244736,0.83596,0.83597,0.372889,0.372891,-5.0338341203995,-0.592663966389,4.4411701540105,2.22058507700525,0.4503317663237794,2.81324904339425,1.7820461512855494,1.09549,1.0955,0.897229081,0.8972582,2.287041859,2.287044015,0.0173110109130705,0.365680308,0.395672395,0.3008773948001684,0.020567792,0.710792825,17.38069465215303,0.0562452818761025,1.14587,1.14588,0.6761596928575484,0.7367550948278443,-0.1039180244423072,-0.9945858656727472,0.2595299999999999,0.25953,0.024926,0.0249019999999999,0.14514,0.14514
L137,0.351488361,0.315812095,0.351476976,0.315746628,0.128575739,0.083688654,0.083574799,0.12859851,0.574400984,0.547935536,0.547918458,0.574355442,103.498739,237.2337728,2.315520019,2.315534237,0.610108787,0.917047149,0.916942322,0.620267209,0.586639888,0.472939816,0.333626034,51.22520327,63.69538403,62.10228647,641.0313238,6.203556937,4.493001451,5.576494588,7.301686912,0.367635387,-6.203556937,1.098129975,0.067560317,,,,,10.93157388,1.19211,1.19213,-3.403249129,-0.10293,1.0368,1.03679,-0.174109,0.259152,0.259175,-6.412635001,-2.006023306,4.406611695,2.203305847,0.453863453,4.209329153,4.020878886,1.284890543976412,1.37178,1.37175,-2.6391815820062297,0.7967,0.79668,0.272709,0.272607,-5.2085312124205,0.093062936871,5.3015941492915,2.65079707464575,0.3772450217199817,2.55773413777475,1.233969205359224,1.03679,1.0368,0.916942322,0.917047149,2.315520019,2.315534237,0.0206133317581074,0.315746628,0.351488361,0.2440284681811182,0.083574799,0.574400984,11.838380667654016,0.2646894427008734,1.19211,1.19213,0.1729446293676698,-0.984931548470694,-0.9990528299350512,0.0435137104688361,0.24011,0.2400999999999999,0.013432,0.0135569999999999,0.1796200000000001,0.17967
L67,0.287624599,0.165490172,0.287658756,0.165512942,0.069815499,0.007394841,0.007406227,0.06983827,0.5054337,0.323585502,0.323619658,0.505479242,89.35677728,235.2204434,2.259578685,2.259567786,0.503045798,0.848601146,0.848350727,0.496112904,0.440381492,0.325870788,0.226547423,45.86812089,54.00112046,53.19583837,594.3525817,6.47364469,5.3926038,6.767929959,8.409334805,0.013760156,-6.47364469,1.935690115,0.010392948,,,,,13.71415138,1.18266,1.18265,-2.359696116,-0.10409,1.04335,1.04333,-0.198687,0.320049,0.31982,-6.18922953,-3.202507907,2.986721623,1.493360812,0.669630536,4.695868718,7.383072747,2.050904400502373,1.34596,1.34595,-1.77572696497464,0.74711,0.74712,0.271621,0.271772,-4.8297487325245,-2.334192609589,2.4955561229355,1.24777806146775,0.801424572911395,3.58197067105675,5.14134455658658,1.04333,1.04335,0.848350727,0.848601146,2.259567786,2.259578685,0.0705176334409611,0.165490172,0.287658756,0.2136730782784194,0.007394841,0.505479242,3.0300659260964986,0.0446844722597786,1.18265,1.18266,0.9840909986783342,0.1776651522394834,0.3885022645962275,-0.9214477686790516,0.2962100000000001,0.2962399999999999,0.0480479999999999,0.0484279999999999,0.1633,0.1633
L3,0.411899489,0.371529577,0.375281078,0.408805497,0.093798922,0.147646346,0.141048485,0.095546586,0.730000057,0.595412807,0.676562509,0.65501557,96.89542993,228.7045153,2.304325788,2.303808589,0.555389256,0.918671962,0.904858135,0.558764198,0.537904828,0.479358474,0.391924452,51.32254034,65.06387597,67.50427531,816.1516,6.004850907,4.985835213,5.495724543,7.038518728,0.383943279,-6.004850907,1.033667821,0.066602694,,,,,11.29595434,1.14854,1.17994,-4.397738549,-0.11171,1.10892,1.08279,-0.203977,0.366702,0.349238,-6.080928217,-1.55894025,4.521987968,2.260993984,0.442283353,3.819934233,3.226876686,0.8183652668582654,1.32909,1.29891,-3.653560374719675,0.7873,0.84174,0.326371,0.35596,-4.5916491133370005,-0.0057143908605,4.585934722476501,2.2929673612382504,0.4361161074093872,2.29868175209875,1.1522051920046397,1.08279,1.10892,0.904858135,0.918671962,2.303808589,2.304325788,0.0214236342358069,0.371529577,0.411899489,0.2940523722957155,0.093798922,0.730000057,13.72560645216034,0.2524669038664451,1.14854,1.17994,0.4741006703684903,-0.8804706436651639,0.5905566217674628,-0.8069962059926935,0.2410499999999998,0.3216199999999999,0.006722,0.0403309999999999,0.11897,0.1805500000000002
L181,0.459951726,0.347748245,0.353156328,0.378266909,0.112061163,0.142044711,0.067908438,0.028560368,0.807842289,0.55345178,0.688625379,0.677752287,91.16841637,228.7046067,2.282849557,2.279552102,0.524919633,0.91481667,0.889169074,0.527108808,0.509009098,0.461207991,0.384740953,50.39605327,64.12797452,55.66301582,930.4753582,6.812435162,5.481831958,6.921573633,8.897061761,0.009052967,-6.812435162,2.084626599,0.056457757,,,,,12.47412427,1.13295,1.15426,-4.371782194,-0.08393,1.10274,1.09007,-0.136035,0.377286,0.366653,-6.639305838,-2.437867987,4.201437852,2.100718926,0.47602751,4.538586912,4.902790875,4.557003683342817,1.30139,1.27979,-3.680889073492903,0.81889,0.85178,0.323821,0.373328,-5.751398344168,-1.5877843176675,4.1636140265005,2.08180701325025,0.4803519219770213,3.6695913309177497,3.2341856017967,1.09007,1.10274,0.889169074,0.91481667,2.279552102,2.282849557,0.0518479065818609,0.347748245,0.459951726,0.3264927570043015,0.028560368,0.807842289,6.297125159504997,0.0821294382089548,1.13295,1.15426,-0.0621892597677391,-0.998064374662046,0.5904828598475927,-0.8070501794970423,0.2382900000000001,0.28385,0.0066749999999999,0.0534649999999999,0.1255299999999999,0.1684400000000001
L10,0.379795404,0.309399247,0.32634647,0.413484911,0.04131775,0.094043709,0.154614233,0.08014209,0.718273057,0.524754786,0.67235559,0.57255085,95.65488428,239.9933984,2.268370136,2.357893642,0.559291139,0.904479594,0.956799758,0.563997424,0.537737299,0.459240782,0.357222352,52.75905274,60.04192123,0.0,816.2486392,6.40259938,5.439370464,6.395294298,8.031196078,0.0793024,-6.40259938,1.628596698,0.053801604,,,,,12.07437628,1.12288,1.22552,-4.066246093,-0.06905,1.12524,1.0222,-0.163615,0.386364,0.381715,-6.301068322,-2.254191138,4.046877185,2.023438592,0.494208227,4.27762973,4.521539763,4.025614464898496,1.36481,1.26347,-3.3485707791617285,0.74835,0.89623,0.344943,0.40673,-5.231660889713,-1.4163525918525,3.8153082978605,1.9076541489302496,0.5242040338185867,3.32400674078275,2.895970639899557,1.0222,1.12524,0.904479594,0.956799758,2.268370136,2.357893642,0.0480117451478031,0.309399247,0.413484911,0.2905615930779422,0.04131775,0.718273057,6.0518856830439,0.1335418570039377,1.12288,1.22552,0.986632409825456,0.1629616147502633,0.9432738909701864,0.3320156120033585,0.12597,0.37689,0.0250149999999999,0.0414209999999999,0.0379500000000001,0.2419299999999999
L11,0.433369577,0.318191651,0.329337994,0.444382141,0.089204898,0.090599614,0.209304179,0.083495101,0.777534256,0.545783688,0.679460103,0.575180886,95.00850702,239.6156327,2.275765387,2.361593629,0.56056653,0.904334001,0.958954529,0.565048724,0.543218442,0.473488594,0.381316071,52.54518482,60.69308518,0.0,851.663044,5.90505231,4.581422167,5.701697047,7.036576274,0.275826917,-5.90505231,1.131523964,0.063433545,,,,,10.32284575,1.11372,1.22927,-4.558188555,-0.07043,1.14138,1.01362,-0.172163,0.390969,0.379955,-5.913033971,-1.771733281,4.141300691,2.070650345,0.482940059,3.842383626,3.565042249,0.9245823597711564,1.36919,1.25336,-3.828656894498409,0.75409,0.88656,0.351309,0.38304,-4.7892037688,-0.392388172421,4.3968155963790005,2.1984077981895003,0.4548746601169949,2.5907959706105,1.5266102510324646,1.01362,1.14138,0.904334001,0.958954529,2.275765387,2.361593629,0.0667665322552354,0.318191651,0.444382141,0.2924385879990009,0.083495101,0.777534256,4.380017624414954,0.2624050654302051,1.11372,1.22927,0.6894485174342092,0.7243346890821748,0.7543024775004844,0.656527053849749,0.1270599999999999,0.38729,0.003085,0.03966,0.0240899999999999,0.2554699999999998
L120,0.362369993,0.392407621,0.362344375,0.392413314,0.023323067,0.185434611,0.185417532,0.023311682,0.701416918,0.599380632,0.599409096,0.701377069,94.92261769,240.6667169,2.287941605,2.287941371,0.540841642,0.89464918,0.894911247,0.538696388,0.508398111,0.454359608,0.377414424,53.46367166,59.9750788,56.91713631,832.4098765,6.726306355,1.706092956,6.817643842,8.715257658,0.017307462,-6.726306355,1.988951303,0.042147314,,,,,6.814064028,1.14765,1.14765,-4.013676348,-0.09011,1.09338,1.09337,-0.141038,0.409502,0.409488,-6.26841466,-2.527937671,3.740476989,1.870238494,0.534691165,4.398176166,5.171520542,3.6621397092410337,1.29343,1.29344,-3.321039137878798,0.8423,0.84229,0.38672,0.386734,-5.4376510745415,-1.2677784294795,4.169872645062,2.084936322531,0.4796309552447405,3.3527147520105,2.6956929300131405,1.09337,1.09338,0.89464918,0.894911247,2.287941371,2.287941605,0.0173512746263539,0.362344375,0.392413314,0.3007059626956765,0.023311682,0.701416918,17.330482582469802,0.0643357082609603,1.14765,1.14765,0.6247708982676174,0.7808081228303625,0.9444501165288685,-0.3286547997346254,0.2510799999999999,0.2510799999999999,0.0227539999999999,0.0227819999999999,0.1457899999999998,0.14578
