Ligand#,free_ligand_filename_tud,free_ligand_index_donor_min,free_ligand_index_donor_max,free_ligand_optimization_success_dft,free_ligand_wall_time_dft,free_ligand_cpu_time_dft,free_ligand_sum_electronic_and_free_energy_dft,free_ligand_sum_electronic_and_enthalpy_dft,free_ligand_zero_point_correction_dft,free_ligand_entropy_dft,free_ligand_orbital_occupation_min_donor_other_atom_1_dft,free_ligand_orbital_occupation_min_donor_other_atom_1_element_dft,free_ligand_orbital_occupation_min_donor_other_atom_1_index_dft,free_ligand_anti_orbital_occupation_min_donor_other_atom_1_dft,free_ligand_anti_orbital_occupation_min_donor_other_atom_1_element_dft,free_ligand_anti_orbital_occupation_min_donor_other_atom_1_index_dft,free_ligand_orbital_occupation_max_donor_other_atom_1_dft,free_ligand_orbital_occupation_max_donor_other_atom_1_element_dft,free_ligand_orbital_occupation_max_donor_other_atom_1_index_dft,free_ligand_anti_orbital_occupation_max_donor_other_atom_1_dft,free_ligand_anti_orbital_occupation_max_donor_other_atom_1_element_dft,free_ligand_anti_orbital_occupation_max_donor_other_atom_1_index_dft,free_ligand_dipole_moment_dft,free_ligand_lone_pair_occupancy_min_donor_dft,free_ligand_lone_pair_occupancy_max_donor_dft,free_ligand_dispersion_energy_dft,free_ligand_nbo_charge_min_donor_dft,free_ligand_nbo_charge_max_donor_dft,free_ligand_mulliken_charge_min_donor_dft,free_ligand_mulliken_charge_max_donor_dft,free_ligand_homo_energy_dft,free_ligand_lumo_energy_dft,free_ligand_homo_lumo_gap_dft,free_ligand_hardness_dft,free_ligand_softness_dft,free_ligand_electronegativity_dft,free_ligand_electrophilicity_dft,free_ligand_orbital_occupation_min_donor_other_atom_2_dft,free_ligand_orbital_occupation_min_donor_other_atom_2_element_dft,free_ligand_orbital_occupation_min_donor_other_atom_2_index_dft,free_ligand_orbital_occupation_min_donor_other_atom_3_dft,free_ligand_orbital_occupation_min_donor_other_atom_3_element_dft,free_ligand_orbital_occupation_min_donor_other_atom_3_index_dft,free_ligand_anti_orbital_occupation_min_donor_other_atom_2_dft,free_ligand_anti_orbital_occupation_min_donor_other_atom_2_element_dft,free_ligand_anti_orbital_occupation_min_donor_other_atom_2_index_dft,free_ligand_anti_orbital_occupation_min_donor_other_atom_3_dft,free_ligand_anti_orbital_occupation_min_donor_other_atom_3_element_dft,free_ligand_anti_orbital_occupation_min_donor_other_atom_3_index_dft,free_ligand_orbital_occupation_max_donor_other_atom_2_dft,free_ligand_orbital_occupation_max_donor_other_atom_2_element_dft,free_ligand_orbital_occupation_max_donor_other_atom_2_index_dft,free_ligand_orbital_occupation_max_donor_other_atom_3_dft,free_ligand_orbital_occupation_max_donor_other_atom_3_element_dft,free_ligand_orbital_occupation_max_donor_other_atom_3_index_dft,free_ligand_anti_orbital_occupation_max_donor_other_atom_2_dft,free_ligand_anti_orbital_occupation_max_donor_other_atom_2_element_dft,free_ligand_anti_orbital_occupation_max_donor_other_atom_2_index_dft,free_ligand_anti_orbital_occupation_max_donor_other_atom_3_dft,free_ligand_anti_orbital_occupation_max_donor_other_atom_3_element_dft,free_ligand_anti_orbital_occupation_max_donor_other_atom_3_index_dft
L1,free_ligand_L1_SP,3,2,True,0.034972222222222224,1.012888888888889,,,,,,,,,,,,,,,,,1.585871400839299,1.32722,1.27882,-3.377435318439702,0.78695,0.87345,0.316089,0.422084,-4.8319256433285,-0.708584466702,4.1233411766265,2.06167058831325,0.485043539772349,2.77025505501525,1.8611879883576026,,,,,,,,,,,,,,,,,,,,,,,,
L2,free_ligand_L2_SP,14,1,True,0.03222222222222222,0.9439722222222223,,,,,1.94906,C,15,0.04958,C,15,1.95867,C,2,0.03708,C,2,1.1495689496502592,1.36659,1.26149,-3.149390561815196,0.75269,0.8853,0.350035,0.391479,-4.8890695519335,-0.5907591694355,4.298310382498,2.149155191249,0.4652991110515576,2.7399143606845,1.7465306215328074,1.94622,C,17,1.93987,C,20,0.04514,C,17,0.04071,C,20,1.95393,C,8,1.95663,C,22,0.03999,C,8,0.03931,C,22
L3,free_ligand_L3_SP,2,1,True,0.042722222222222224,1.2539722222222223,,,,,1.94143,C,3,0.04270,C,3,1.96349,C,5,0.03651,C,5,0.8183652668582654,1.32909,1.29891,-3.6535603747196754,0.7873,0.84174,0.326371,0.35596,-4.5916491133370005,-0.0057143908605,4.585934722476501,2.2929673612382504,0.4361161074093872,2.29868175209875,1.1522051920046397,1.96461,C,64,1.96143,C,81,0.03145,C,64,0.03197,C,81,1.95624,C,30,1.96204,C,47,0.03594,C,30,0.02948,C,47
L4,free_ligand_L4_SP,3,2,True,0.03663888888888889,1.0622777777777777,,,,,,,,,,,,,,,,,1.6666084393162062,1.30807,1.32197,-3.4284592695380005,0.84379,0.80125,0.36015,0.301527,-4.8240343416639995,-0.550214205711,4.273820135953,2.1369100679765,0.4679654118279896,2.6871242736874996,1.689504151449386,,,,,,,,,,,,,,,,,,,,,,,,
L5,free_ligand_L5_SP,14,1,True,0.03986111111111111,1.1477499999999998,,,,,1.94834,C,15,0.04665,C,15,1.95240,C,2,0.04463,C,2,1.5964035141529849,1.32368,1.28286,-3.5229938525352753,0.7977,0.85159,0.335256,0.401356,-5.0107044431070005,-0.6255897422995,4.385114700807501,2.1925573504037503,0.4560884119249397,2.81814709270325,1.8111163739113376,1.96010,C,42,1.95495,C,53,0.02993,C,42,0.03746,C,53,1.95478,C,8,1.95826,C,17,0.04433,C,8,0.03632,C,17
L6,free_ligand_L6_SP,14,1,True,0.05336111111111111,1.512611111111111,,,,,1.96410,C,15,0.03148,C,15,1.95256,C,2,0.04211,C,2,5.114606050322937,1.32273,1.28143,-3.8621190340196296,0.77911,0.89619,0.302132,0.444801,-5.32254691578,-1.9083344335565,3.4142124822235003,1.7071062411117501,0.5857866229513352,3.61544067466825,3.8285289331298085,1.96238,C,21,1.94685,C,27,0.03132,C,21,0.04263,C,27,1.95623,C,8,1.95516,C,29,0.03653,C,8,0.03911,C,29
L7,free_ligand_L7_SP,14,1,True,0.05555555555555555,1.59975,,,,,1.96377,C,15,0.03096,C,15,1.95808,C,2,0.03694,C,2,0.7502399149605411,1.37704,1.25369,-4.13836149654154,0.76071,0.89151,0.290234,0.39425,-4.7682510023115,-0.36463255967,4.403618442641499,2.2018092213207496,0.4541719556429837,2.56644178099075,1.4957298187860262,1.96214,C,21,1.93829,C,27,0.03573,C,21,0.03755,C,27,1.95387,C,8,1.95706,C,29,0.04059,C,8,0.04064,C,29
L8,free_ligand_L8_SP,14,1,True,0.059000000000000004,1.6840833333333334,,,,,1.93794,C,15,0.04888,C,15,1.95123,C,2,0.04508,C,2,4.775575967357236,1.29352,1.28622,-4.046436863608814,0.80361,0.87939,0.301545,0.427757,-5.381867735189,-1.8506462972505,3.5312214379385,1.76561071896925,0.5663762624774913,3.61625701621975,3.70334034191665,1.96267,C,34,1.95533,C,42,0.03005,C,34,0.04472,C,42,1.95635,C,8,1.95598,C,17,0.03877,C,8,0.03707,C,17
L9,free_ligand_L9_SP,1,2,True,0.03591666666666667,1.0541666666666667,,,,,1.96366,C,10,0.03570,C,10,1.94887,C,3,0.04840,C,3,1.0282596753738815,1.30436,1.3682,-3.414074172195568,0.83567,0.75969,0.3479,0.35489,-4.720631078474,-0.0144220340765,4.7062090443975,2.35310452219875,0.4249704977259557,2.3675265562752497,1.191018491059428,1.95628,C,56,1.96202,C,73,0.03640,C,56,0.02825,C,73,1.94645,C,5,1.94213,C,8,0.04546,C,5,0.04015,C,8
L10,free_ligand_L10_SP,14,1,True,0.03702777777777778,1.0436666666666665,,,,,1.94932,C,15,0.04974,C,15,1.95845,C,2,0.03773,C,2,4.025614464898496,1.36481,1.26347,-3.3485707791617285,0.74835,0.89623,0.344943,0.40673,-5.231660889713,-1.4163525918525,3.8153082978604997,1.9076541489302499,0.5242040338185867,3.32400674078275,2.895970639899557,1.94651,C,18,1.93980,C,21,0.04540,C,18,0.04071,C,21,1.95316,C,8,1.95601,C,23,0.03972,C,8,0.03903,C,23
L11,free_ligand_L11_SP,14,1,True,0.049,1.421861111111111,,,,,1.94889,C,15,0.04964,C,15,1.95822,C,2,0.03609,C,2,0.9245823597711563,1.36919,1.25336,-3.828656894498409,0.75409,0.88656,0.351309,0.38304,-4.7892037688,-0.39238817242100005,4.3968155963790005,2.1984077981895003,0.4548746601169949,2.5907959706105,1.5266102510324646,1.94591,C,16,1.94025,C,17,0.04500,C,16,0.04060,C,17,1.95367,C,8,1.95675,C,19,0.04135,C,8,0.04027,C,19
L12,free_ligand_L12_SP,2,1,True,0.025583333333333333,0.7381388888888889,,,,,1.94922,C,3,0.04871,C,3,1.95332,C,10,0.05125,C,10,1.2077814578805224,1.3603,1.275,-2.801136540249068,0.7471,0.86815,0.341228,0.427643,-4.9647172023725,-0.44354557631499997,4.521171626057501,2.2605858130287504,0.44236321144570584,2.70413138934375,1.6173521325069822,1.94678,C,6,1.94341,C,8,0.04573,C,6,0.03997,C,8,1.96102,C,43,1.96151,C,51,0.04311,C,43,0.02894,C,51
L13,free_ligand_L13_SP,10,1,True,0.058222222222222224,1.6924444444444444,,,,,1.93651,C,11,0.04769,C,11,1.95505,C,2,0.03741,C,2,1.7889048213921277,1.3071,1.26492,-4.258010993360161,0.81873,0.85705,0.333354,0.37046,-4.927981832555,-1.5045174794145,3.4234643531405,1.71173217657025,0.5842035417033943,3.21624965598475,3.0215772044282447,1.96207,C,34,1.95328,C,45,0.03137,C,34,0.03984,C,45,1.95924,C,6,1.95489,C,13,0.03955,C,6,0.04553,C,13
L14,free_ligand_L14_SP,14,1,True,0.058194444444444444,1.6841666666666666,,,,,1.94196,C,15,0.04515,C,15,1.95154,C,2,0.04891,C,2,2.1409337635714003,1.29853,1.28093,-4.3191507768507975,0.81643,0.84623,0.308123,0.360053,-4.778319214780001,-0.42912354223849997,4.349195672541501,2.1745978362707503,0.45985514347559303,2.6037213785092503,1.5587629362613877,1.96258,C,34,1.95430,C,42,0.03061,C,34,0.04598,C,42,1.95485,C,8,1.95794,C,17,0.03988,C,8,0.03715,C,17
L15,free_ligand_L15_SP,2,1,True,0.03305555555555555,0.9504444444444444,,,,,1.94438,C,3,0.04409,C,3,1.95712,C,5,0.04180,C,5,1.807661052299352,1.29504,1.27746,-3.135372649460351,0.8054,0.83843,0.294419,0.36027,-5.016690947818,-0.6190590098875,4.3976319379305,2.19881596896525,0.4547902207889613,2.8178749788527497,1.8056125452329463,1.96321,C,18,1.95632,C,25,0.03088,C,18,0.04820,C,25,1.95936,C,56,1.95905,C,64,0.05256,C,56,0.04101,C,64
L16,free_ligand_L16_SP,4,1,True,0.02947222222222222,0.8545277777777778,,,,,1.93686,C,5,0.04571,C,5,1.94371,C,2,0.05428,C,2,1.7192876577233955,1.30877,1.33902,-3.1122740203581927,0.84452,0.78309,0.36149,0.352319,-4.9100223184219995,-0.54966997801,4.360352340412,2.180176170206,0.4586785295912634,2.7298461482159997,1.7090499599914446,1.96326,C,22,1.95453,C,33,0.03276,C,22,0.03635,C,33,1.94122,C,3,1.96429,C,7,0.05195,C,3,0.03060,C,7
L17,free_ligand_L17_SP,1,36,True,0.025694444444444443,0.7105,,,,,1.97611,N,2,0.04548,N,2,1.96768,N,35,0.02850,N,35,3.0306253117137394,1.35856,1.32976,-3.8974433465808076,1.03282,1.01609,0.583554,0.495282,-5.092338598257,-1.15920500313,3.933133595127,1.9665667975635,0.5085003983790234,3.1257718006935002,2.484138693411252,1.95098,C,61,1.95659,C,72,0.04201,C,61,0.04752,C,72,1.95088,C,37,1.95169,C,48,0.03871,C,37,0.06835,C,48
L18,free_ligand_L18_SP,4,1,True,0.035055555555555555,1.0125,,,,,1.93994,C,5,0.04596,C,5,1.94331,C,2,0.05475,C,2,1.6561628603491867,1.31055,1.34558,-3.437594741034311,0.82094,0.78136,0.341994,0.347195,-4.982404602655,-0.5591939627775,4.4232106398775,2.21160531993875,0.45216024350479256,2.77079928271625,1.7356913993391705,1.96231,C,22,1.95464,C,33,0.03081,C,22,0.04419,C,33,1.94197,C,3,1.96450,C,7,0.05115,C,3,0.03034,C,7
L19,free_ligand_L19_SP,2,3,True,0.07002777777777777,2.074527777777778,,,,,,,,,,,,,,,,,0.8825405033198193,1.38367,1.2981,-4.633060590964756,0.76718,0.82489,0.299858,0.373299,-4.9282539464054995,-0.41306882505900006,4.5151851213465,2.25759256067325,0.4429497232670647,2.6706613857322496,1.5796544428535626,,,,,,,,,,,,,,,,,,,,,,,,
L20,free_ligand_L20_SP,3,2,True,0.08472222222222223,2.473638888888889,,,,,,,,,,,,,,,,,1.7997936826203162,1.30746,1.27756,-5.092365066771238,0.85348,0.86768,0.41131,0.421931,-5.228939751208,-0.886546924929,4.342392826279,2.1711964131395,0.4605755582259935,3.0577433380685,2.1531433694620716,,,,,,,,,,,,,,,,,,,,,,,,
L21,free_ligand_L21_SP,3,2,True,0.13822222222222222,3.937416666666667,,,,,,,,,,,,,,,,,3.757629807471726,1.30703,1.2791,-6.167407068219832,0.86135,0.88271,0.417421,0.441542,-6.243924413573,-2.1230322616010002,4.120892151971999,2.0604460759859995,0.485331798611358,4.183478337587,4.247015052962398,,,,,,,,,,,,,,,,,,,,,,,,
L22,free_ligand_L22_SP,3,2,True,0.13366666666666666,4.010916666666667,,,,,,,,,,,,,,,,,2.4689852065170417,1.30284,1.27643,-6.586064668222527,0.85918,0.87028,0.408793,0.419279,-5.000364116788,-0.6228686037945,4.3774955129935,2.18874775649675,0.4568822501504572,2.81161636029125,1.8058697111151454,,,,,,,,,,,,,,,,,,,,,,,,
L23,free_ligand_L23_SP,3,2,True,0.11319444444444444,3.3956666666666666,,,,,,,,,,,,,,,,,2.1261490516894623,1.30704,1.27842,-5.968761701531012,0.85666,0.86741,0.409953,0.417024,-5.0607733915990005,-0.6870874725125,4.3736859190865,2.18684295954325,0.4572802064437506,2.8739304320557504,1.8884474745322473,,,,,,,,,,,,,,,,,,,,,,,,
L24,free_ligand_L24_SP,2,3,True,0.05183333333333333,1.5183611111111113,,,,,,,,,,,,,,,,,2.746709757145811,1.32456,1.29596,-4.090090118540251,0.80526,0.85804,0.334571,0.407536,-5.2561511362580005,-0.926275547102,4.329875589156001,2.1649377945780004,0.4619070360841128,3.09121334168,2.206899419399497,,,,,,,,,,,,,,,,,,,,,,,,
L25,free_ligand_L25_SP,60,20,True,0.06608333333333334,1.9591666666666667,,,,,,,,,,,,,,,,,3.728552160021367,1.30912,1.35714,-4.3110366629232315,0.82955,0.80592,0.398659,0.357642,-5.707315900387,-1.831870441566,3.875445458821,1.9377227294105,0.516069706373431,3.7695931709765,3.666632088016954,,,,,,,,,,,,,,,,,,,,,,,,
L26,free_ligand_L26_SP,32,8,True,0.04363888888888889,1.2703333333333333,,,,,1.95361,C,36,0.03357,C,36,1.93293,C,7,0.04627,C,7,0.7651977587525985,1.31556,1.32038,-3.717321488076088,0.84268,0.83353,0.425476,0.37742,-5.185401535128,-0.7534832520345,4.4319182830935,2.21595914154675,0.4512718584251491,2.96944239358125,1.9895646908550004,1.95218,C,49,1.95528,C,58,0.04007,C,49,0.03543,C,58,1.95585,C,17,1.96033,C,26,0.03882,C,17,0.02980,C,26
L27,free_ligand_L27_SP,9,15,True,0.051333333333333335,1.5058333333333334,,,,,1.94659,C,8,0.03803,C,8,1.95276,C,19,0.03370,C,19,0.7263393766002225,1.33698,1.31597,-4.043452084878618,0.77153,0.8673,0.358111,0.451554,-4.93070297106,-0.755932276689,4.1747706943709995,2.0873853471854997,0.4790682282733936,2.8433176238745,1.9365027931081118,1.96396,C,52,1.96224,C,69,0.03459,C,52,0.03202,C,69,1.95219,C,32,1.95740,C,41,0.03817,C,32,0.03410,C,41
L28,free_ligand_L28_SP,60,20,True,0.08930555555555555,2.631527777777778,,,,,,,,,,,,,,,,,2.728534562727766,1.29473,1.3533,-5.01515950195194,0.8325,0.80996,0.394235,0.3688,-5.415881966501501,-1.8343194662205,3.5815625002810005,1.7907812501405003,0.5584154959862029,3.6251007163610005,3.6691681920195447,,,,,,,,,,,,,,,,,,,,,,,,
L29,free_ligand_L29_SP,24,26,True,0.07025,2.0380833333333332,,,,,1.96182,C,13,0.03092,C,13,1.93345,C,7,0.04323,C,7,3.890718528755325,1.3472,1.33058,-4.459074369166801,0.79121,0.86391,0.343384,0.395963,-5.560374421117,-1.848741500297,3.7116329208200005,1.8558164604100003,0.5388463898951908,3.704557960707,3.6974964865883497,1.96361,C,65,1.94772,C,81,0.02691,C,65,0.03814,C,81,1.95301,C,30,1.95745,C,41,0.03975,C,30,0.03029,C,41
L32,free_ligand_L32_SP,1,2,True,0.024166666666666666,0.67375,,,,,1.95361,C,3,0.04243,C,3,1.95361,C,4,0.04243,C,4,1.1430000874890605,1.28578,1.28578,-3.834707130994335,0.83792,0.83792,0.374645,0.374651,-5.1764217780615,-1.3124051009615,3.8640166771,1.93200833855,0.5175961097303101,3.2444134395115,2.7241648900912403,1.95354,C,15,1.95731,C,16,0.04140,C,15,0.03122,C,16,1.95354,C,17,1.95731,C,18,0.04139,C,17,0.03122,C,18
L33,free_ligand_L33_SP,1,2,True,0.04583333333333333,1.2964722222222222,,,,,1.94873,C,5,0.04097,C,5,1.94873,C,15,0.04109,C,15,2.455095658014164,1.28875,1.28849,-4.810385652429483,0.84441,0.84413,0.367298,0.366446,-6.072492687758,-1.9627572036565,4.109735484101501,2.0548677420507504,0.48664932517846804,4.01762494570725,3.9275788592262915,1.95463,C,23,1.95660,C,33,0.04048,C,23,0.03059,C,33,1.95699,C,43,1.95453,C,53,0.03063,C,43,0.04059,C,53
L34,free_ligand_L34_SP,2,1,True,0.029222222222222222,0.8063333333333333,,,,,1.95325,C,13,0.04374,C,13,1.95325,C,3,0.04374,C,3,0.9126020436093708,1.28265,1.28264,-4.222829358254215,0.84029,0.8403,0.375867,0.375874,-5.0542426591869996,-1.24628143529,3.8079612238969993,1.9039806119484997,0.5252154321973993,3.1502620472385,2.60615861947121,1.95733,C,35,1.95412,C,41,0.03084,C,35,0.04141,C,41,1.95734,C,23,1.95411,C,29,0.03083,C,23,0.04141,C,29
L35,free_ligand_L35_SP,2,1,True,0.03611111111111111,1.004888888888889,,,,,1.95234,C,13,0.04376,C,13,1.95234,C,3,0.04376,C,3,0.6677003968847105,1.28237,1.28237,-4.680708833690677,0.84138,0.8414,0.369206,0.369235,-5.0136976954625,-1.2318594012135,3.781838294249,1.8909191471245,0.5288433413563394,3.1227785483379997,2.5785729328483873,1.95666,C,35,1.95428,C,41,0.03024,C,35,0.04037,C,41,1.95666,C,23,1.95428,C,29,0.03024,C,23,0.04037,C,29
L36,free_ligand_L36_SP,5,10,True,0.027305555555555555,0.7665555555555555,,,,,1.95249,C,1,0.04156,C,1,1.95844,C,8,0.03758,C,8,2.2182218554508926,1.29967,1.29304,-4.048247813937553,0.82409,0.82885,0.364959,0.357385,-5.146217140656001,-0.7994704927690001,4.3467466478870005,2.1733733239435002,0.46011423301429843,2.9728438167125004,2.0331988667574854,1.95571,C,14,1.95581,C,20,0.03713,C,14,0.03611,C,20,1.95036,C,26,1.95566,C,32,0.03706,C,26,0.04043,C,32
L37,free_ligand_L37_SP,1,2,True,0.020027777777777776,0.5484444444444445,,,,,1.95277,C,3,0.03911,C,3,1.95276,C,4,0.03911,C,4,1.8619819252613596,1.29298,1.29296,-3.31577989280806,0.8389,0.8389,0.377625,0.377472,-5.0112486708079995,-0.7181084514695,4.2931402193384995,2.1465701096692498,0.46585946366041736,2.8646785611387497,1.9115106517327878,1.95345,C,15,1.95660,C,16,0.04003,C,15,0.03369,C,16,1.95346,C,17,1.95660,C,18,0.04002,C,17,0.03369,C,18
L38,free_ligand_L38_SP,1,2,True,0.03116666666666667,0.8620555555555556,,,,,1.95168,C,7,0.04036,C,7,1.95168,C,19,0.04036,C,19,2.006433985956179,1.29064,1.29065,-4.152239019918636,0.83916,0.83915,0.369086,0.369064,-4.8482524743585,-0.6147051882794999,4.233547286078999,2.1167736430394997,0.47241706891441093,2.731478831319,1.7623463497094822,1.95370,C,29,1.95641,C,40,0.04030,C,29,0.03210,C,40,1.95641,C,51,1.95370,C,62,0.03210,C,51,0.04030,C,62
L39,free_ligand_L39_SP,2,1,True,0.09622222222222221,2.7714444444444446,,,,,1.95393,C,19,0.04213,C,19,1.95404,C,7,0.04177,C,7,0.7709048579429242,1.27926,1.28081,-7.771452384413481,0.8365,0.83883,0.351271,0.352256,-4.8229458862620005,-0.8517163520650001,3.9712295341970005,1.9856147670985003,0.5036223624894068,2.8373311191635002,2.027192790154708,1.95602,C,51,1.95216,C,62,0.03288,C,51,0.04380,C,62,1.95211,C,29,1.95570,C,40,0.04329,C,29,0.03254,C,40
L41,free_ligand_L41_SP,1,2,True,0.0911388888888889,2.6418333333333335,,,,,1.95503,C,5,0.04040,C,5,1.95380,C,28,0.04435,C,28,3.6534275892646346,1.27556,1.27519,-7.8627878963021525,0.83415,0.8408,0.368045,0.348561,-4.80008832282,-0.6054533173625,4.1946350054575,2.09731750272875,0.47679953020891364,2.7027708200912497,1.7415031573503945,1.95511,C,11,1.95295,C,17,0.03316,C,11,0.04418,C,17,1.95256,C,29,1.95665,C,35,0.04367,C,29,0.03056,C,35
L42,free_ligand_L42_SP,1,2,True,0.03013888888888889,0.8303611111111112,,,,,1.95168,C,10,0.04227,C,10,1.95168,C,18,0.04227,C,18,3.159522068288177,1.28766,1.28766,-4.1816294083281464,0.83793,0.83794,0.363981,0.364024,-4.8651235330895,-0.43429370539799994,4.4308298276915,2.21541491384575,0.4513827156034148,2.64970861924375,1.584569040096175,1.95439,C,19,1.95635,C,25,0.03942,C,19,0.03067,C,25,1.95635,C,31,1.95439,C,37,0.03067,C,31,0.03942,C,37
L43,free_ligand_L43_SP,2,1,True,0.08155555555555556,2.3579444444444446,,,,,1.95329,C,4,0.04341,C,4,1.95258,C,3,0.04269,C,3,3.1744958355619244,1.27727,1.28387,-7.411437240317322,0.83494,0.84009,0.351901,0.367261,-4.757094334441001,-0.4976962325645,4.259398101876501,2.1296990509382505,0.46954991108224636,2.62739528350275,1.6206998760532036,1.95368,C,50,1.95748,C,58,0.04260,C,50,0.03156,C,58,1.95590,C,34,1.95416,C,42,0.03099,C,34,0.04056,C,42
L44,free_ligand_L44_SP,1,2,True,0.014611111111111111,0.40319444444444447,,,,,1.95219,C,3,0.05049,C,3,1.94927,C,4,0.04901,C,4,3.9757839151543433,1.27819,1.30125,-2.6780538537282905,0.83642,0.84425,0.421142,0.416418,-5.258055933211501,-0.46885216441149996,4.789203768800001,2.3946018844000005,0.4176059521687729,2.8634540488115,1.7120526679342845,1.95985,C,31,1.96236,C,55,0.03057,C,31,0.04167,C,55,1.95980,C,39,1.96082,C,47,0.02766,C,39,0.03971,C,47
L45,free_ligand_L45_SP,1,2,True,0.02366666666666667,0.6501944444444444,,,,,1.95304,C,3,0.04183,C,3,1.95304,C,4,0.04195,C,4,3.1437404123114234,1.28774,1.28723,-3.7064924289547587,0.83704,0.8373,0.372301,0.372569,-4.898593536701,-0.4966077771625,4.4019857595385,2.20099287976925,0.4543404066372259,2.69760065693175,1.6531287700125423,1.95387,C,10,1.95693,C,11,0.04049,C,10,0.03164,C,11,1.95693,C,12,1.95396,C,13,0.03154,C,12,0.04044,C,13
L46,free_ligand_L46_SP,2,1,True,0.07316666666666666,2.1134166666666667,,,,,1.95331,C,4,0.04293,C,4,1.95324,C,3,0.04354,C,3,3.1089354351610456,1.28187,1.27768,-6.99829939902242,0.83191,0.8358,0.352894,0.344279,-4.766890433059,-0.540418107093,4.226472325966,2.113236162983,0.47320787781164075,2.653654270076,1.6661367783789052,1.95324,C,52,1.95600,C,61,0.04058,C,52,0.03251,C,61,1.95721,C,34,1.95289,C,43,0.03038,C,34,0.04268,C,43
L47,free_ligand_L47_SP,15,7,True,0.044000000000000004,1.2581666666666667,,,,,1.95238,C,13,0.04419,C,13,1.95163,C,1,0.04442,C,1,1.9900418010685104,1.27861,1.28131,-5.104166252623479,0.83652,0.83837,0.347087,0.350676,-4.955193217605,-0.5659968090399999,4.389196408565001,2.1945982042825003,0.455664275150056,2.7605950133225,1.73628248048089,1.95531,C,36,1.95319,C,44,0.03206,C,36,0.04091,C,44,1.95361,C,20,1.95485,C,28,0.04052,C,20,0.03171,C,28
L48,free_ligand_L48_SP,2,1,True,0.02366666666666667,0.6498611111111111,,,,,1.95178,C,28,0.04069,C,28,1.95336,C,5,0.04102,C,5,1.6311150357960653,1.29178,1.29178,-3.6476626036141853,0.83521,0.83521,0.367959,0.367867,-5.0098881015555,-0.5929360802395001,4.416952021316,2.208476010658,0.4528009338448992,2.8014120908975,1.7767704211304687,1.95336,C,29,1.95701,C,35,0.04102,C,29,0.03169,C,35,1.95701,C,11,1.95178,C,17,0.03169,C,11,0.04069,C,17
L49,free_ligand_L49_SP,1,2,True,0.036750000000000005,1.0194722222222221,,,,,1.94970,C,3,0.04232,C,3,1.94970,C,4,0.04232,C,4,1.5973341197132176,1.28923,1.28923,-4.5425000266686455,0.838,0.838,0.358481,0.358411,-4.8645793053885,-0.4198716713215,4.444707634067,2.2223538170335,0.44997335362865215,2.6422254883550003,1.570711980649385,1.95661,C,10,1.95450,C,11,0.03021,C,10,0.03996,C,11,1.95450,C,12,1.95661,C,13,0.03996,C,12,0.03021,C,13
L50,free_ligand_L50_SP,2,1,True,0.10669444444444445,3.0907500000000003,,,,,1.95302,C,14,0.04364,C,14,1.95183,C,5,0.04345,C,5,1.9585962473159189,1.27407,1.28187,-8.294453194153126,0.83156,0.83178,0.33619,0.355204,-4.7951902735109995,-0.4898049309,4.305385342610999,2.1526926713054997,0.4645344936272535,2.6424976022055,1.621874239351385,1.95677,C,33,1.95273,C,39,0.03251,C,33,0.04419,C,39,1.95347,C,21,1.95519,C,27,0.04194,C,21,0.03288,C,27
L51,free_ligand_L51_SP,2,1,True,0.012611111111111111,0.3525,,,,,1.96274,C,4,0.03573,C,4,1.96274,C,3,0.03573,C,3,2.571716152688706,1.31362,1.31363,-2.723000966480639,0.79609,0.79607,0.320854,0.320757,-4.614506676779,-0.49007704475050007,4.1244296320285,2.06221481601425,0.4849155346157158,2.5522918607647505,1.579416870623671,1.95998,C,40,1.95374,C,45,0.03983,C,40,0.03880,C,45,1.95374,C,32,1.95999,C,37,0.03880,C,32,0.03983,C,37
L52,free_ligand_L52_SP,2,1,True,0.0195,0.5386944444444445,,,,,1.95453,C,28,0.04015,C,28,1.95262,C,5,0.04099,C,5,3.808281536336304,1.29295,1.29254,-3.4063314637414104,0.83612,0.83757,0.379935,0.381291,-5.0395485112600005,-0.704774872795,4.334773638465,2.1673868192325,0.46138510722978054,2.8721616920275004,1.9030550319742792,1.95280,C,29,1.95639,C,35,0.04093,C,29,0.03242,C,35,1.95645,C,11,1.95452,C,17,0.03240,C,11,0.03987,C,17
L53,free_ligand_L53_SP,1,2,True,0.008222222222222223,0.22941666666666666,,,,,1.97065,C,3,0.02985,C,3,1.97065,C,12,0.02985,C,12,1.6195203024352611,1.37797,1.37798,-2.299631946453311,0.74469,0.74468,0.198994,0.199005,-4.785938402594001,1.1132177623955,5.899156164989501,2.9495780824947504,0.33903154011579884,1.8363603200992502,0.5716443387697675,1.96269,C,6,1.96082,C,15,0.03561,C,6,0.03645,C,15,1.96082,C,27,1.96269,C,35,0.03645,C,27,0.03562,C,35
L54,free_ligand_L54_SP,1,2,True,0.02725,0.75825,,,,,1.95428,C,3,0.04102,C,3,1.96053,C,4,0.03651,C,4,1.1768390756598797,1.30623,1.28921,-3.9470809565238265,0.83465,0.83512,0.392487,0.351501,-5.2844509767100005,-0.8057291113305001,4.478721865379501,2.2393609326897503,0.44655597291271665,3.04509004402025,2.0703615127048187,1.95327,C,15,1.95675,C,16,0.03833,C,15,0.03416,C,16,1.95161,C,17,1.95108,C,18,0.04242,C,17,0.03621,C,18
L55,free_ligand_L55_SP,14,17,True,0.009472222222222222,0.26666666666666666,,,,,1.94566,C,13,0.04653,C,13,1.95951,C,16,0.03642,C,16,1.1982092972431821,1.36688,1.36689,-2.264910455868561,0.77335,0.77331,0.294247,0.294122,-4.6561400959055,-0.556744938123,4.0993951577825,2.04969757889125,0.48787685085764376,2.60644251701425,1.6572060835858606,1.95951,C,15,1.96803,C,21,0.03642,C,15,0.01991,C,21,1.94566,C,18,1.96803,C,20,0.04653,C,18,0.01991,C,20
L56,free_ligand_L56_SP,1,30,True,0.009583333333333333,0.25516666666666665,,,,,1.96075,C,2,0.03558,C,2,1.96380,C,29,0.03434,C,29,0.158202054348229,1.29156,1.29155,-2.310926622305369,0.83248,0.83248,0.344148,0.344155,-4.6681131053275005,-0.592663966389,4.075449138938501,2.0377245694692503,0.4907434571790347,2.63038853585825,1.697713212383907,1.95279,C,13,1.96380,C,28,0.04252,C,13,0.03434,C,28,1.96075,C,31,1.95279,C,42,0.03557,C,31,0.04252,C,42
L59,free_ligand_L59_SP,2,1,True,0.034916666666666665,0.9776666666666667,,,,,1.95987,C,4,0.03991,C,4,1.95331,C,3,0.04334,C,3,1.5908855804236834,1.28381,1.30478,-4.514132081562143,0.82582,0.82921,0.353738,0.385326,-4.9783228948975005,-0.6198753514390001,4.3584475434585,2.17922377172925,0.45887898846041103,2.7990991231682503,1.7976483193151156,1.95272,C,17,1.95112,C,18,0.04212,C,17,0.03671,C,18,1.95443,C,15,1.95630,C,16,0.03647,C,15,0.03494,C,16
L64,free_ligand_L64_SP,2,1,True,0.013222222222222222,0.3620277777777778,,,,,1.97199,C,7,0.02886,C,7,1.97199,C,3,0.02886,C,3,1.0681001217114434,1.37385,1.37381,-2.9355747935382306,0.76289,0.76288,0.267698,0.267737,-4.7111070937065005,-0.341230768527,4.369876325179501,2.1849381625897504,0.4576788566019306,2.52616893111675,1.460345555266352,1.93693,C,17,1.94803,C,24,0.04306,C,17,0.03779,C,24,1.94804,C,6,1.93695,C,10,0.03779,C,6,0.04306,C,10
L65,free_ligand_L65_SP,2,1,True,0.010027777777777778,0.2801111111111111,,,,,1.95186,C,5,0.04824,C,5,1.95186,C,3,0.04824,C,3,1.7974859832555024,1.31141,1.31141,-2.282212646342016,0.77923,0.77924,0.307405,0.30748,-4.965533543924,-0.748313088875,4.217220455049,2.1086102275245,0.474246016142109,2.8569233163995,1.935400561290383,1.96075,C,37,1.95504,C,48,0.03189,C,37,0.03950,C,48,1.96076,C,15,1.95504,C,26,0.03189,C,15,0.03950,C,26
L66,free_ligand_L66_SP,1,2,True,0.00625,0.17430555555555555,,,,,1.97287,C,3,0.02918,C,3,1.97181,C,6,0.03082,C,6,1.541114989220467,1.37257,1.38211,-1.8223747430332593,0.71904,0.72999,0.22717,0.213133,-4.6844399363575,0.955119615255,5.6395595516125,2.81977977580625,0.3546376240371727,1.86466016055125,0.6165299758831093,1.96274,C,9,1.96005,C,11,0.03566,C,9,0.03880,C,11,1.95782,C,13,1.96347,C,15,0.03587,C,13,0.03641,C,15
L67,free_ligand_L67_SP,2,1,True,0.007166666666666667,0.20049999999999998,,,,,1.96036,C,4,0.04575,C,4,1.96036,C,3,0.04575,C,3,2.0509044005023735,1.34596,1.34595,-1.77572696497464,0.74711,0.74712,0.271621,0.271772,-4.8297487325245,-2.334192609589,2.4955561229355,1.24777806146775,0.801424572911395,3.58197067105675,5.14134455658658,1.98116,C,13,1.93438,C,16,0.01965,C,13,0.05482,C,16,1.98116,C,14,1.93439,C,15,0.01964,C,14,0.05482,C,15
L68,free_ligand_L68_SP,2,1,True,0.007805555555555556,0.21155555555555555,,,,,1.96202,C,4,0.03653,C,4,1.96176,C,3,0.03838,C,3,1.835314289161396,1.35215,1.35586,-2.152874350838925,0.73922,0.74527,0.290414,0.271917,-4.761448156049,-0.752122682782,4.009325473267,2.0046627366335,0.49883702715965816,2.7567854194155,1.8955472433893326,1.95617,C,9,1.95511,C,11,0.03978,C,9,0.04405,C,11,1.95360,C,5,1.95904,C,7,0.04156,C,5,0.04082,C,7
L69,free_ligand_L69_SP,5,4,True,0.0053055555555555555,0.14525,,,,,1.95450,C,6,0.04202,C,6,1.95680,C,1,0.03956,C,1,1.8586110889586342,1.34936,1.34936,-1.6478688028288202,0.7514,0.7514,0.28838,0.288395,-4.660221803663,-0.7317141439945001,3.9285076596685,1.96425382983425,0.5090991728316412,2.69596797382875,1.8501283300345184,1.95680,C,9,1.96192,C,40,0.03956,C,9,0.03747,C,40,1.95450,C,10,1.96192,C,39,0.04202,C,10,0.03747,C,39
L70,free_ligand_L70_SP,2,1,True,0.020999999999999998,0.5841111111111111,,,,,1.94854,C,34,0.03777,C,34,1.95790,C,3,0.03356,C,3,2.077645215141411,1.31505,1.29806,-3.6228458150063085,0.82163,0.82553,0.360154,0.388856,-5.252885770052,-1.1344426427345,4.1184431273175,2.05922156365875,0.48562040027554704,3.19366420639325,2.4765404663584,1.95461,C,55,1.95477,C,61,0.03921,C,55,0.03427,C,61,1.95454,C,14,1.95123,C,25,0.04209,C,14,0.03980,C,25
L75,free_ligand_L75_SP,2,1,True,0.03138888888888889,0.8653611111111111,,,,,1.94870,C,21,0.03762,C,21,1.95739,C,3,0.03333,C,3,2.0812801733548514,1.3138,1.29646,-4.399248288760193,0.82434,0.82588,0.358359,0.384204,-5.0746511979745,-0.9709022185840002,4.1037489793905,2.05187448969525,0.4873592439606395,3.0227767082792503,2.2265443315377,1.95389,C,31,1.95421,C,37,0.03880,C,31,0.03404,C,37,1.95394,C,9,1.95113,C,15,0.04148,C,9,0.04026,C,15
L76,free_ligand_L76_SP,1,2,True,0.05427777777777778,1.5333611111111112,,,,,1.93611,C,4,0.04264,C,4,1.93611,C,10,0.04264,C,10,1.682080316156158,1.366,1.366,-4.466236185299743,0.83451,0.83454,0.272886,0.272985,-5.242001216032,-1.365467301809,3.8765339142230006,1.9382669571115003,0.5159248040271236,3.3037342589205,2.815571924579095,1.95413,C,7,1.95994,C,80,0.02821,C,7,0.03121,C,80,1.95413,C,13,1.95995,C,89,0.02820,C,13,0.03122,C,89
L78,free_ligand_L78_SP,35,1,True,0.010277777777777778,0.28097222222222223,,,,,1.95500,C,34,0.04127,C,34,1.95704,C,2,0.03645,C,2,1.9224637265758748,1.27713,1.27025,-2.5270046635012364,0.84852,0.8506,0.374938,0.389155,-5.14295177445,-0.750489999679,4.392461774771,2.1962308873855,0.45532553327780967,2.9467208870645,1.9768331362917526,1.95636,C,36,1.96182,C,47,0.03697,C,36,0.03708,C,47,1.96256,C,13,1.95863,C,24,0.03542,C,13,0.04089,C,24
L79,free_ligand_L79_SP,2,3,True,0.04019444444444444,1.1718333333333335,,,,,,,,,,,,,,,,,2.5138416238896197,1.31609,1.29946,-3.539954975508514,0.842,0.85516,0.387049,0.411526,-5.254518453155,-0.8166136653505,4.4379047878044995,2.2189523939022497,0.45066311595869796,3.03556605925275,2.0763539870006777,,,,,,,,,,,,,,,,,,,,,,,,
L80,free_ligand_L80_SP,2,1,True,0.011694444444444445,0.3203055555555555,,,,,1.96348,C,8,0.02911,C,8,1.95802,C,5,0.02506,C,5,1.482099193711406,1.32827,1.32405,-2.6785071899609463,0.79557,0.80573,0.270847,0.31386,-5.336152608305,-0.867498955394,4.468653652911001,2.2343268264555003,0.44756209707528943,3.1018257818495,2.1530697897517017,1.95884,C,24,1.95862,C,30,0.03204,C,24,0.03890,C,30,1.95360,C,12,1.96082,C,18,0.04380,C,12,0.03008,C,18
L84,free_ligand_L84_SP,2,1,True,0.009666666666666665,0.27675,,,,,1.95408,C,16,0.02808,C,16,1.97649,C,5,0.03194,C,5,0.2189774874273609,1.37287,1.37287,-2.150292303328608,0.76246,0.76242,0.30319,0.303099,-5.207714870869,-1.0821967834385,4.1255180874305,2.06275904371525,0.4847875970035225,3.1449558271537503,2.397455772859935,1.93578,C,17,1.97649,C,30,0.06163,C,17,0.03194,C,30,1.95409,C,39,1.93578,C,40,0.02808,C,39,0.06162,C,40
L85,free_ligand_L85_SP,1,2,True,0.010472222222222223,0.29297222222222224,,,,,1.96470,C,5,0.04485,C,5,1.95414,C,16,0.02698,C,16,0.656099535131675,1.36755,1.36759,-2.3866523041121384,0.76539,0.76542,0.353232,0.353289,-5.1361489281875,-1.0315836072455,4.104565320941999,2.0522826604709996,0.4872623149145058,3.0838662677165,2.3169886245048463,1.95414,C,39,1.93745,C,40,0.02698,C,39,0.06317,C,40,1.93745,C,17,1.96470,C,30,0.06316,C,17,0.04486,C,30
L86,free_ligand_L86_SP,2,1,True,0.013888888888888888,0.389,,,,,1.95438,C,16,0.02692,C,16,1.96437,C,5,0.04470,C,5,0.5497557366685681,1.35955,1.35956,-2.823664143878229,0.7655,0.76548,0.38335,0.383341,-5.042813877466,-0.9891338465675,4.0536800308985,2.02684001544925,0.4933788519950597,3.01597386201675,2.2439112774157652,1.93762,C,17,1.96437,C,30,0.06638,C,17,0.04470,C,30,1.95438,C,39,1.93762,C,40,0.02692,C,39,0.06638,C,40
L88,free_ligand_L88_SP,2,1,True,0.010750000000000001,0.29255555555555557,,,,,1.95213,C,4,0.03759,C,4,1.96171,C,8,0.02982,C,8,2.5672276914991397,1.34054,1.34099,-2.519254882808105,0.82796,0.80605,0.346741,0.318623,-5.1791429165665,-0.597017787997,4.5821251285694995,2.2910625642847497,0.4364786957759015,2.88808035228175,1.820336173106619,1.95219,C,21,1.96076,C,27,0.03908,C,21,0.02880,C,27,1.96092,C,9,1.95135,C,15,0.03036,C,9,0.04233,C,15
L89,free_ligand_L89_SP,2,1,True,0.018166666666666668,0.5030833333333333,,,,,1.95328,C,4,0.04076,C,4,1.95328,C,3,0.04076,C,3,3.44133898359345,1.29102,1.29101,-3.3532597824473593,0.83596,0.83597,0.372889,0.372891,-5.0338341203995,-0.592663966389,4.4411701540105,2.22058507700525,0.4503317663237794,2.81324904339425,1.7820461512855494,1.95351,C,56,1.95683,C,67,0.04008,C,56,0.03205,C,67,1.95683,C,34,1.95351,C,45,0.03204,C,34,0.04008,C,45
L97,free_ligand_L97_SP,14,8,True,0.05605555555555556,1.6378611111111112,,,,,1.95301,C,19,0.03978,C,19,1.94517,C,7,0.03597,C,7,0.7788344881937368,1.32762,1.38817,-4.1769958264704465,0.83777,0.79674,0.42126,0.309027,-5.2531578839025,-0.7540274797355,4.499130404167,2.2495652020835,0.44453034705276423,3.003592681819,2.00518059888219,1.95389,C,28,1.95337,C,39,0.03360,C,28,0.03544,C,39,1.96584,C,51,1.96749,C,69,0.02748,C,51,0.03302,C,69
L98,free_ligand_L98_SP,1,2,True,0.012638888888888889,0.3438055555555556,,,,,1.95667,C,3,0.03536,C,3,1.96249,C,15,0.03500,C,15,1.7512558179774877,1.28168,1.28725,-2.791624068618583,0.83861,0.84009,0.377536,0.376239,-5.149482506862,-0.750489999679,4.398992507183,2.1994962535915,0.4546495582191268,2.9499862532705,1.978275452907676,1.96210,C,9,1.95599,C,47,0.03604,C,9,0.03670,C,47,1.95625,C,21,1.95556,C,48,0.03578,C,21,0.03903,C,48
L100,free_ligand_L100_SP,16,8,True,0.04477777777777778,1.2638888888888888,,,,,1.95380,C,20,0.03303,C,20,1.95495,C,7,0.03438,C,7,0.9117596503465154,1.32862,1.36377,-3.7152030735865296,0.83758,0.75551,0.422715,0.350616,-4.983493058057,-0.7660004891575001,4.2174925688995,2.10874628444975,0.47421541765084224,2.8747467736072503,1.9594981798679785,1.95185,C,33,1.95396,C,42,0.04026,C,33,0.03575,C,42,1.94959,C,14,1.94749,C,15,0.05205,C,14,0.04423,C,15
L101,free_ligand_L101_SP,8,16,True,0.043722222222222225,1.286861111111111,,,,,1.95334,C,7,0.03464,C,7,1.93467,C,17,0.05664,C,17,0.661126599071615,1.37732,1.39924,-3.68764338280789,0.75928,0.76948,0.357289,0.405005,-4.997642978282999,-0.54966997801,4.447973000273,2.2239865001365,0.4496430171399978,2.7736564781464996,1.7295901432611813,1.94952,C,14,1.94730,C,15,0.05081,C,14,0.04400,C,15,1.96347,C,23,1.95265,C,29,0.02614,C,23,0.03932,C,29
L102,free_ligand_L102_SP,2,3,True,0.01863888888888889,0.5378888888888889,,,,,,,,,,,,,,,,,1.5257991053870754,1.40517,1.40518,-2.355386302959594,0.78694,0.78693,0.273953,0.273945,-5.0550590007385,-0.003809593907,5.0512494068314995,2.5256247034157497,0.39594164510964847,2.52943429732275,1.2666248187665587,,,,,,,,,,,,,,,,,,,,,,,,
L103,free_ligand_L103_SP,24,26,True,0.04744444444444445,1.39425,,,,,1.96353,C,13,0.03500,C,13,1.95496,C,7,0.03421,C,7,0.6498806428875998,1.34164,1.3678,-3.9921129796820853,0.81424,0.76217,0.416798,0.358374,-4.8221295447105,-0.543683473299,4.2784460714115005,2.1392230357057502,0.4674594389219871,2.68290650900475,1.6823835607411008,1.95973,C,57,1.95237,C,73,0.02731,C,57,0.03546,C,73,1.94934,C,28,1.94741,C,30,0.05215,C,28,0.04374,C,30
L106,free_ligand_L106_SP,1,2,True,0.034555555555555555,0.9045,,,,,1.95105,C,5,0.04357,C,5,1.95140,C,15,0.04369,C,15,2.5574497238460037,1.28476,1.28477,-4.40958825588891,0.84361,0.8436,0.362441,0.362394,-5.1157403894,-0.5232749345115,4.5924654548885,2.29623272744425,0.43549592689283667,2.81950766195575,1.7310143176722463,1.95438,C,23,1.95627,C,33,0.03994,C,23,0.02907,C,33,1.95627,C,43,1.95438,C,53,0.02906,C,43,0.03995,C,53
L108,free_ligand_L108_SP,1,2,True,0.00825,0.22424999999999998,,,,,1.95455,C,3,0.04467,C,3,1.95777,C,15,0.03832,C,15,1.886847163921869,1.30872,1.3065,-2.1350555086820795,0.78533,0.79251,0.28878,0.296679,-4.971520048635,-0.767905286111,4.203614762524,2.101807381262,0.4757809915957019,2.869712667373,1.9590878942332763,1.96083,C,9,1.95194,C,28,0.03118,C,9,0.04537,C,28,1.96093,C,21,1.96034,C,27,0.03219,C,21,0.03784,C,27
L110,free_ligand_L110_SP,1,2,True,0.008638888888888889,0.2375,,,,,1.96412,C,6,0.04646,C,6,1.93350,C,5,0.07620,C,5,1.3731028694165635,1.36269,1.36979,-2.091311484733531,0.71484,0.80315,0.324314,0.36488,-4.759543359095501,-0.4726617583185,4.286881600777001,2.1434408003885004,0.4665395936378318,2.6161025587070004,1.5964967626894186,1.94708,C,7,1.94632,C,10,0.05361,C,7,0.05049,C,10,1.96641,C,6,1.94818,C,9,0.03322,C,6,0.02823,C,9
L111,free_ligand_L111_SP,1,2,True,0.004583333333333333,0.12441666666666666,,,,,1.96125,C,3,0.03913,C,3,1.96125,C,4,0.03912,C,4,1.5914914671464626,1.33188,1.3319,-1.6026089305801223,0.76537,0.76538,0.256499,0.256477,-4.610697082872,-0.6868153586619999,3.92388172421,1.961940862105,0.509699359096422,2.648756220767,1.788002292159915,1.93611,C,5,1.98212,C,22,0.05674,C,5,0.02199,C,22,1.93611,C,7,1.98212,C,21,0.05674,C,7,0.02200,C,21
L112,free_ligand_L112_SP,1,2,True,0.04533333333333333,1.3297222222222222,,,,,1.95606,C,11,0.04036,C,11,1.94888,C,3,0.05037,C,3,1.1455471181928747,1.26515,1.36655,-3.8232196570369203,0.8727,0.75327,0.381315,0.347926,-4.9241722386480005,-1.4160804780020002,3.5080917606460003,1.7540458803230001,0.5701105149061747,3.1701263583250006,2.864720142296483,1.95832,C,44,1.95480,C,53,0.03686,C,44,0.04432,C,53,1.94611,C,6,1.94037,C,9,0.04501,C,6,0.04007,C,9
L119,free_ligand_L119_SP,2,1,True,0.01955555555555556,0.544138888888889,,,,,1.96470,C,6,0.03296,C,6,1.96395,C,10,0.02743,C,10,3.1511877649546687,1.34395,1.33239,-3.409066441956847,0.78094,0.81013,0.3106,0.328258,-5.06675989631,-0.6495357611435,4.417224135166499,2.2086120675832497,0.4527730399907845,2.85814782872675,1.849353521778564,1.96204,C,57,1.96266,C,74,0.02893,C,57,0.03690,C,74,1.96050,C,16,1.95194,C,22,0.02965,C,16,0.04167,C,22
L120,free_ligand_L120_SP,1,2,True,0.02125,0.575388888888889,,,,,1.95287,C,5,0.04124,C,5,1.95324,C,28,0.03953,C,28,3.6621397092410337,1.29343,1.29344,-3.321039137878798,0.8423,0.84229,0.38672,0.386734,-5.4376510745415,-1.2677784294795,4.169872645062,2.084936322531,0.47963095524474053,3.3527147520105,2.6956929300131405,1.95655,C,11,1.95324,C,17,0.03263,C,11,0.03952,C,17,1.95287,C,29,1.95655,C,35,0.04124,C,29,0.03263,C,35
L121,free_ligand_L121_SP,1,2,True,0.003361111111111111,0.08913888888888888,,,,,1.97309,C,3,0.03040,C,3,1.97309,C,12,0.03040,C,12,1.6289905279037078,1.36553,1.36559,-1.3512854326958128,0.73104,0.73103,0.239211,0.239238,-4.552464718865,0.8783835094140001,5.430848228279,2.7154241141395,0.3682665977638242,1.8370406047255,0.6213979919080994,1.96284,C,6,1.95924,C,15,0.03436,C,6,0.03678,C,15,1.95924,C,27,1.96284,C,35,0.03678,C,27,0.03436,C,35
L122,free_ligand_L122_SP,11,5,True,0.0235,0.6427222222222223,,,,,1.95417,C,9,0.03928,C,9,1.95439,C,1,0.04011,C,1,4.10524592564197,1.29285,1.29286,-3.5375745942939405,0.83714,0.83712,0.378028,0.37805,-4.9277097187045005,-0.621508034542,4.306201684162501,2.1531008420812503,0.46444643021613924,2.77460887662325,1.7877598363658116,1.95659,C,32,1.95284,C,40,0.03397,C,32,0.04000,C,40,1.95284,C,16,1.95659,C,24,0.04000,C,16,0.03397,C,24
L125,free_ligand_L125_SP,2,1,True,0.023638888888888886,0.6683333333333333,,,,,1.95986,C,4,0.03937,C,4,1.95374,C,3,0.04309,C,3,1.934745370843409,1.2869,1.30651,-3.7202187087326077,0.82532,0.8272,0.360336,0.390043,-5.150570962264,-0.811987729892,4.338583232372001,2.1692916161860003,0.460979977306222,2.981279346078,2.0486011362036227,1.95357,C,17,1.95140,C,18,0.04179,C,17,0.03695,C,18,1.95478,C,15,1.95677,C,16,0.03670,C,15,0.03555,C,16
L126,free_ligand_L126_SP,2,1,True,0.01536111111111111,0.41847222222222225,,,,,1.96372,C,16,0.03970,C,16,1.95099,C,5,0.02837,C,5,1.0595057951705598,1.3859,1.3859,-2.988850685392528,0.77721,0.77719,0.335227,0.335107,-5.410167575641,-1.0664141801095002,4.3437533955315,2.17187669776575,0.4604312947547706,3.23829087787525,2.4141627884579595,1.95099,C,26,1.93255,C,40,0.02837,C,26,0.06580,C,40,1.96372,C,14,1.93255,C,27,0.03970,C,14,0.06580,C,27
L128,free_ligand_L128_SP,2,3,True,0.03186111111111111,0.9227222222222222,,,,,,,,,,,,,,,,,1.3056609552253602,1.37119,1.35994,-3.144607450675509,0.80924,0.79492,0.288235,0.284476,-5.130434537327001,0.0683005764755,5.198735113802501,2.5993675569012504,0.3847089640497463,2.5310669804257504,1.2322805296220947,,,,,,,,,,,,,,,,,,,,,,,,
L129,free_ligand_L129_SP,1,51,True,0.027,0.7404444444444445,,,,,1.95378,C,2,0.04212,C,2,1.95371,C,50,0.04413,C,50,1.8021795637505158,1.28311,1.30393,-4.073697751610497,0.82651,0.82857,0.359943,0.390341,-5.013425581612,-0.6925297495225,4.3208958320895,2.16044791604475,0.46286697891368506,2.8529776655672503,1.8837486198526254,1.95187,C,16,1.95963,C,30,0.03701,C,16,0.04009,C,30,1.95685,C,52,1.95492,C,66,0.03517,C,52,0.03708,C,66
L130,free_ligand_L130_SP,2,1,True,0.048249999999999994,1.3160555555555555,,,,,1.95035,C,14,0.04375,C,14,1.95015,C,5,0.04373,C,5,2.6621595688463153,1.28266,1.28493,-5.186259635270998,0.83863,0.83663,0.357216,0.356657,-4.853422637517999,-0.4002794740855,4.453143163432499,2.2265715817162497,0.44912097514026306,2.6268510558017497,1.549545167563837,1.95689,C,33,1.95421,C,39,0.02997,C,33,0.04119,C,39,1.95399,C,21,1.95678,C,27,0.04134,C,21,0.03051,C,27
L134,free_ligand_L134_SP,53,37,True,0.036361111111111115,0.9819722222222222,,,,,1.94818,C,51,0.04675,C,51,1.94436,C,17,0.03001,C,17,0.2536702781170865,1.37147,1.37147,-4.806062027295472,0.78146,0.78143,0.290116,0.289995,-4.5195389429545,-1.4653330849425001,3.0542058580119997,1.5271029290059999,0.6548347076060589,2.9924360139485002,2.9319154352629777,1.94436,C,76,1.94770,C,90,0.03000,C,76,0.04970,C,90,1.94818,C,24,1.94770,C,38,0.04675,C,24,0.04970,C,38
L136,free_ligand_L136_SP,2,3,True,0.015611111111111112,0.45119444444444445,,,,,,,,,,,,,,,,,1.3130963292919526,1.36162,1.36158,-2.155987463903293,0.80163,0.80164,0.293456,0.293321,-5.0534263176355,0.107212857097,5.1606391747325,2.58031958736625,0.3875488931278884,2.47310673026925,1.185174295705356,,,,,,,,,,,,,,,,,,,,,,,,
L137,free_ligand_L137_SP,2,3,True,0.021583333333333333,0.6253888888888889,,,,,,,,,,,,,,,,,1.284890543976412,1.37178,1.37175,-2.6391815820062297,0.7967,0.79668,0.272709,0.272607,-5.2085312124205,0.093062936871,5.3015941492915,2.65079707464575,0.37724502171998175,2.55773413777475,1.233969205359224,,,,,,,,,,,,,,,,,,,,,,,,
L138,free_ligand_L138_SP,2,3,True,0.009277777777777777,0.25477777777777777,,,,,1.94929,C,5,0.02772,C,5,1.96258,C,26,0.04080,C,26,2.5831000387131735,1.38113,1.38114,-2.2378469320426455,0.79413,0.79412,0.371675,0.371681,-5.141319091347,-0.49470298020900005,4.646616111138,2.323308055569,0.4304207518253926,2.8180110357780004,1.709025666814065,1.96258,C,50,1.93338,C,52,0.04080,C,50,0.06362,C,52,1.94929,C,29,1.93338,C,37,0.02772,C,29,0.06362,C,37
L139,free_ligand_L139_SP,36,1,True,0.026166666666666668,0.7150833333333334,,,,,1.97539,N,35,0.04172,N,35,1.96837,N,2,0.02878,N,2,2.7362182990397534,1.36797,1.3255,-4.062371681983507,1.03302,1.01921,0.594789,0.496756,-4.976962325645,-0.8353895210350001,4.14157280461,2.070786402305,0.4829083283949017,2.90617592334,2.0392877044199214,1.95671,C,37,1.95027,C,48,0.05493,C,37,0.04048,C,48,1.95215,C,61,1.95136,C,72,0.06893,C,61,0.03951,C,72
L143,free_ligand_L143_SP,2,1,True,0.017166666666666667,0.47488888888888886,,,,,1.95247,C,6,0.03698,C,6,1.96388,C,10,0.02811,C,10,3.3857361046011842,1.33732,1.32801,-3.153496661858255,0.81633,0.79752,0.324711,0.310597,-5.214789830982,-0.6936182049245,4.5211716260575,2.26058581302875,0.44236321144570595,2.9542040179532503,1.9303229564194684,1.95191,C,28,1.96151,C,34,0.04008,C,28,0.02787,C,34,1.96042,C,16,1.95296,C,22,0.02966,C,16,0.04277,C,22
L147,free_ligand_L147_SP,7,17,True,0.022416666666666668,0.6072222222222222,,,,,1.95279,C,1,0.04226,C,1,1.95253,C,14,0.04217,C,14,2.743300490285379,1.28768,1.28768,-3.5436259246875452,0.84123,0.84124,0.370756,0.370743,-5.2779202442979996,-0.7072238974495,4.5706963468485,2.28534817342425,0.43757008740670383,2.9925720708737495,1.9593267458137795,1.95373,C,22,1.95669,C,31,0.04074,C,22,0.03017,C,31,1.95670,C,40,1.95373,C,49,0.03017,C,40,0.04074,C,49
L149,free_ligand_L149_SP,1,2,True,0.028666666666666667,0.7966388888888889,,,,,1.95131,C,5,0.04193,C,5,1.95204,C,14,0.04222,C,14,3.4928723380621856,1.28916,1.28521,-4.01701805018648,0.83761,0.83689,0.369616,0.36565,-4.852334182116,-0.483818426189,4.3685157559270005,2.1842578779635002,0.45782140016010986,2.6680763041525,1.6295308435415015,1.95708,C,21,1.95390,C,27,0.03128,C,21,0.04094,C,27,1.95405,C,33,1.95724,C,39,0.04088,C,33,0.03109,C,39
L153,free_ligand_L153_SP,3,2,True,0.007861111111111112,0.22163888888888889,,,,,1.96463,C,26,0.03971,C,26,1.95271,C,5,0.02784,C,5,0.8577100500751988,1.36878,1.3773,-1.9874514920511588,0.78296,0.77745,0.326672,0.334859,-5.3386016329595005,-0.742326584164,4.5962750487955,2.29813752439775,0.43513496881004105,3.0404641085617503,2.011285638328975,1.95349,C,29,1.93298,C,37,0.02972,C,29,0.06240,C,37,1.96432,C,50,1.93313,C,52,0.04014,C,50,0.06517,C,52
L155,free_ligand_L155_SP,2,1,True,0.05061111111111111,1.454888888888889,,,,,1.93535,C,3,0.05035,C,3,1.95626,C,5,0.03951,C,5,1.4019186459991178,1.30513,1.27772,-3.9293488588202434,0.80545,0.86059,0.316429,0.402603,-4.8531505236675,-0.563275670535,4.2898748531325,2.14493742656625,0.4662140664871807,2.70821309710125,1.7097044623469833,1.95474,C,54,1.96225,C,65,0.04479,C,54,0.02975,C,65,1.95362,C,20,1.95777,C,30,0.04091,C,20,0.03681,C,30
L157,free_ligand_L157_SP,1,2,True,0.03205555555555556,0.9103055555555555,,,,,1.96128,C,5,0.03666,C,5,1.96075,C,14,0.03087,C,14,1.1063513546789736,1.31496,1.28378,-4.248372962956778,0.8226,0.8235,0.411303,0.367447,-4.634098874015001,-0.2620456380315,4.3720532359835005,2.1860266179917502,0.4574509714427338,2.4480722560232504,1.3707650495620323,1.95388,C,25,1.96167,C,31,0.03578,C,25,0.02760,C,31,1.96067,C,37,1.96016,C,43,0.03450,C,37,0.04082,C,43
L165,free_ligand_L165_SP,2,1,True,0.021861111111111112,0.5759722222222222,,,,,1.96044,C,4,0.03959,C,4,1.96045,C,3,0.03959,C,3,1.7134000729543581,1.35895,1.359,-3.9718642098207675,0.78954,0.78953,0.244342,0.244402,-4.9418596389305,-1.505333820966,3.4365258179644993,1.7182629089822496,0.5819831149077841,3.22359672994825,3.0238608489454393,1.94017,C,7,1.95159,C,64,0.03849,C,7,0.03753,C,64,1.95160,C,5,1.94017,C,61,0.03753,C,5,0.03848,C,61
L167,free_ligand_L167_SP,2,1,True,0.011027777777777779,0.30827777777777776,,,,,1.96186,C,8,0.03632,C,8,1.96203,C,3,0.03957,C,3,1.7852642269423313,1.35443,1.35535,-2.6699481426764273,0.73829,0.7424,0.29267,0.277893,-4.7611760421985,-0.769537969214,3.9916380729845,1.99581903649225,0.5010474305113098,2.76535700570625,1.9158047972247438,1.95558,C,19,1.95752,C,22,0.04095,C,19,0.04273,C,22,1.95898,C,9,1.95367,C,12,0.03752,C,9,0.04483,C,12
L169,free_ligand_L169_SP,3,2,True,0.10036111111111111,3.024888888888889,,,,,,,,,,,,,,,,,1.542946862338428,1.31592,1.32465,-5.54458005974852,0.82934,0.8314,0.417011,0.368057,-4.747298235823,-0.3371490607695,4.4101491750535,2.20507458752675,0.45349939891222335,2.54222364829625,1.4654608770412607,,,,,,,,,,,,,,,,,,,,,,,,
L170,free_ligand_L170_SP,2,1,True,0.10508333333333333,3.0181666666666667,,,,,1.95410,C,13,0.04660,C,13,1.95424,C,3,0.04498,C,3,0.8253242635473647,1.26378,1.27424,-8.348127773615483,0.84047,0.83647,0.350785,0.355668,-4.9445807774355,-1.3526779508355,3.5919028266,1.7959514133,0.5568079362250306,3.1486293641355,2.760059876697869,1.95661,C,35,1.95405,C,41,0.03147,C,35,0.04240,C,41,1.95504,C,23,1.95390,C,29,0.03317,C,23,0.04105,C,29
L178,free_ligand_L178_SP,1,2,True,0.017944444444444443,0.4955833333333333,,,,,1.95212,C,5,0.04130,C,5,1.95500,C,28,0.04019,C,28,2.644400200423529,1.29272,1.29271,-3.2990115107962694,0.83626,0.83627,0.378272,0.378241,-5.093427053659,-0.8280424470715,4.2653846065875,2.13269230329375,0.46889089366318365,2.96073475036525,2.0551371260828772,1.95655,C,11,1.95481,C,17,0.03220,C,11,0.04012,C,17,1.95212,C,29,1.95655,C,35,0.04131,C,29,0.03220,C,35
L180,free_ligand_L180_SP,2,1,True,0.0345,0.9947222222222222,,,,,1.92673,C,3,0.05303,C,3,1.95404,C,5,0.05152,C,5,1.4609236564584749,1.30786,1.27729,-3.1123460679423895,0.82049,0.86551,0.337792,0.43139,-5.0784607918815,-0.46449834280349994,4.613962449078,2.306981224539,0.4334669001044117,2.7714795673425,1.6647510847713707,1.95994,C,20,1.96041,C,31,0.02988,C,20,0.03356,C,31,1.96090,C,51,1.96114,C,59,0.04324,C,51,0.03147,C,59
L181,free_ligand_L181_SP,14,1,True,0.04558333333333333,1.2826388888888889,,,,,1.94139,C,15,0.04532,C,15,1.95200,C,2,0.04860,C,2,4.557003683342817,1.30139,1.27979,-3.680889073492903,0.81889,0.85178,0.323821,0.373328,-5.751398344168,-1.5877843176675,4.1636140265005,2.08180701325025,0.4803519219770213,3.6695913309177497,3.2341856017967,1.96281,C,42,1.95427,C,53,0.03127,C,42,0.04516,C,53,1.95620,C,8,1.95810,C,17,0.04152,C,8,0.03639,C,17
L182,free_ligand_L182_SP,14,1,True,0.05355555555555556,1.5525833333333334,,,,,1.94517,C,15,0.04312,C,15,1.95134,C,2,0.04885,C,2,0.5229624269486288,1.29824,1.27976,-4.227731671587253,0.81292,0.84213,0.301971,0.351646,-4.902403130608,-0.58776591708,4.314637213528,2.157318606764,0.46353839292194776,2.7450845238439996,1.7464942404476707,1.96304,C,34,1.95528,C,41,0.03115,C,34,0.04828,C,41,1.95524,C,8,1.95815,C,17,0.03995,C,8,0.03714,C,17
L187,free_ligand_L187_SP,1,2,True,0.026277777777777775,0.7283611111111111,,,,,1.95385,C,3,0.03817,C,3,1.95385,C,4,0.03817,C,4,3.5064270604134915,1.29386,1.29385,-3.6874309462459425,0.83839,0.83839,0.378591,0.378492,-4.9064848383655,-0.6696721860805,4.236812652285001,2.1184063261425004,0.47205297098075805,2.788078512223,1.8347239843440497,1.95243,C,15,1.95628,C,16,0.04053,C,15,0.03434,C,16,1.95243,C,17,1.95628,C,18,0.04053,C,17,0.03434,C,18
