Ligand#,index_Rh,index_donor_max,index_donor_min,element_Rh,element_donor_max,element_donor_min,NE_quad,NW_quad,SW_quad,SE_quad,"+,+,+_octant","-,+,+_octant","-,-,+_octant","+,-,+_octant","+,-,-_octant","-,-,-_octant","-,+,-_octant","+,+,-_octant",bite_angle,cone_angle,distance_Rh_max_donor_gaussian,distance_Rh_min_donor_gaussian,buried_volume_Rh_3.5A,buried_volume_donor_max,buried_volume_donor_min,buried_volume_Rh_4A,buried_volume_Rh_5A,buried_volume_Rh_6A,buried_volume_Rh_7A,dispersion_p_int_Rh_gfn2_xtb,dispersion_p_int_donor_max_gfn2_xtb,dispersion_p_int_donor_min_gfn2_xtb,sasa_gfn2_xtb,ip_gfn2_xtb,dipole_gfn2_xtb,ea_gfn2_xtb,electrofugality_gfn2_xtb,nucleofugality_gfn2_xtb,nucleophilicity_gfn2_xtb,electrophilicity_gfn2_xtb,HOMO_LUMO_gap_gfn2_xtb,optimization_success_dft,wall_time_dft,cpu_time_dft,sum_electronic_and_free_energy_dft,sum_electronic_and_enthalpy_dft,zero_point_correction_dft,entropy_dft,orbital_occupation_min_donor_Rh_dft,anti_orbital_occupation_min_donor_Rh_dft,orbital_occupation_max_donor_Rh_dft,anti_orbital_occupation_max_donor_Rh_dft,orbital_occupation_min_donor_other_atom_1_dft,orbital_occupation_min_donor_other_atom_1_element_dft,orbital_occupation_min_donor_other_atom_1_index_dft,orbital_occupation_min_donor_other_atom_2_dft,orbital_occupation_min_donor_other_atom_2_element_dft,orbital_occupation_min_donor_other_atom_2_index_dft,orbital_occupation_min_donor_other_atom_3_dft,orbital_occupation_min_donor_other_atom_3_element_dft,orbital_occupation_min_donor_other_atom_3_index_dft,anti_orbital_occupation_min_donor_other_atom_1_dft,anti_orbital_occupation_min_donor_other_atom_1_element_dft,anti_orbital_occupation_min_donor_other_atom_1_index_dft,anti_orbital_occupation_min_donor_other_atom_2_dft,anti_orbital_occupation_min_donor_other_atom_2_element_dft,anti_orbital_occupation_min_donor_other_atom_2_index_dft,anti_orbital_occupation_min_donor_other_atom_3_dft,anti_orbital_occupation_min_donor_other_atom_3_element_dft,anti_orbital_occupation_min_donor_other_atom_3_index_dft,orbital_occupation_max_donor_other_atom_1_dft,orbital_occupation_max_donor_other_atom_1_element_dft,orbital_occupation_max_donor_other_atom_1_index_dft,orbital_occupation_max_donor_other_atom_2_dft,orbital_occupation_max_donor_other_atom_2_element_dft,orbital_occupation_max_donor_other_atom_2_index_dft,orbital_occupation_max_donor_other_atom_3_dft,orbital_occupation_max_donor_other_atom_3_element_dft,orbital_occupation_max_donor_other_atom_3_index_dft,anti_orbital_occupation_max_donor_other_atom_1_dft,anti_orbital_occupation_max_donor_other_atom_1_element_dft,anti_orbital_occupation_max_donor_other_atom_1_index_dft,anti_orbital_occupation_max_donor_other_atom_2_dft,anti_orbital_occupation_max_donor_other_atom_2_element_dft,anti_orbital_occupation_max_donor_other_atom_2_index_dft,anti_orbital_occupation_max_donor_other_atom_3_dft,anti_orbital_occupation_max_donor_other_atom_3_element_dft,anti_orbital_occupation_max_donor_other_atom_3_index_dft,dipole_moment_dft,lone_pair_occupancy_min_donor_dft,lone_pair_occupancy_max_donor_dft,dispersion_energy_dft,nbo_charge_Rh_dft,nbo_charge_min_donor_dft,nbo_charge_max_donor_dft,mulliken_charge_Rh_dft,mulliken_charge_min_donor_dft,mulliken_charge_max_donor_dft,homo_energy_dft,lumo_energy_dft,homo_lumo_gap_dft,hardness_dft,softness_dft,electronegativity_dft,electrophilicity_dft
L100,77,8,16,Pd,P,P,0.407302619,0.444487456,0.401735141,0.30400255,0.1442421,0.105987032,0.104347529,0.188884398,0.670363139,0.78298788,0.503657572,0.614585883,104.9055061,239.9390263,2.342848595,2.326688026,0.605607063,0.954085911,0.915573751,0.609467134,0.581359781,0.501028391,0.389340669,55.5386901,73.12650262,65.31589869,778.9643222,5.880179893,4.589464145,5.759953733,7.042034243,0.247900617,-5.880179893,1.16185435,0.061741864,TRUE,0.175361111,4.393805556,,,,,1.96025,0.6471,,,1.95186,C,7,1.94834,C,14,1.94666,C,15,0.06495,C,7,0.08001,C,14,0.07168,C,15,1.95087,C,20,1.94547,C,35,1.95087,C,44,0.05479,C,20,0.08599,C,35,0.05554,C,44,10.41701889,1.21522,1.17402,-4.491492544,-0.07726,1.03136,1.03964,-0.152244,0.389674,0.359746,-6.010722844,-1.979628262,4.031094581,2.015547291,0.496143159,3.995175553,3.959576581
L180,18,3,4,Pd,P,P,0.337771756,0.385408424,0.401407809,0.369078861,0.011186192,0.135042667,0.117497709,0.06885343,0.664357321,0.635774181,0.620660014,0.733962189,95.28496666,224.8188747,2.267885482,2.298442664,0.495754519,0.8726414,0.895051016,0.496652132,0.482324745,0.443200372,0.37339323,49.89046719,53.27521315,64.28368392,845.6748115,5.963602499,4.96294823,5.77613479,7.143793189,0.2500559,-5.963602499,1.180190689,0.065752571,TRUE,0.125138889,3.05225,,,,,,0.43574,,0.43289,,,,,,,,,,,,,,,,,,,,,,,,,,,,,,,,,,,,,10.53622509,1.13534,1.1623,-3.749881567,-0.06547,1.09259,1.09272,-0.113384,0.483679,0.364759,-6.029498699,-1.826700278,4.202798421,2.10139921,0.475873406,3.928099489,3.671355142
L22,50,2,3,Pd,P,P,0.442833721,0.57656137,0.459627241,0.45225517,0.154073425,0.255642907,0.113825905,0.180476253,0.731594018,0.897479834,0.790684436,0.738778229,101.6368974,237.9081067,2.313634534,2.327183688,0.550503168,0.900519474,0.925468226,0.549511979,0.540001892,0.518755953,0.482786643,53.34066883,59.5437721,67.04464348,1194.173694,5.815803435,3.931081359,5.8876668,7.047044328,0.189574093,-5.815803435,1.231240893,0.063148023,TRUE,0.402527778,12.42775,,,,,1.8874,0.44242,1.89483,0.44007,1.95497,C,4,1.95583,C,14,1.95711,C,20,0.07259,C,4,0.06594,C,14,0.05765,C,20,1.95327,C,9,1.95517,C,26,1.95574,C,32,0.07655,C,9,0.06002,C,26,0.06264,C,32,8.681799649,1.13691,1.15271,-7.34104391,-0.091,1.12254,1.08963,-0.171426,0.488544,0.383448,-5.859155429,-1.820985888,4.038169541,2.019084771,0.495273906,3.840070658,3.651689834
L4,84,2,3,Pd,P,P,0.367470668,0.352917234,0.378150208,0.432774688,0.197987055,0.054473623,0.097647199,0.182929814,0.536954282,0.651360844,0.767902176,0.573370602,96.50325399,249.8184406,2.288118924,2.274731219,0.584548546,0.913739284,0.897549385,0.586928186,0.561776671,0.48702889,0.382844566,54.21939835,66.27756799,68.41742108,774.8532848,6.011646785,5.016443821,5.764047466,7.19010281,0.260408558,-6.011646785,1.178456024,0.065496575,TRUE,0.156277778,3.884722222,,,,,,0.42413,,0.43137,,,,,,,,,,,,,,,,,,,,,,,,,,,,,,,,,,,,,11.67222764,1.15875,1.15529,-4.196898644,-0.10862,1.0889,1.09685,-0.239915,0.325497,0.369354,-6.150045135,-1.820713774,4.329331361,2.164665681,0.461965101,3.985379454,3.668753456
L17,2,38,3,Pd,P,P,0.362438305,0.349327975,0.497389889,0.339718666,0.08841361,0.095341648,0.093741995,0.096821755,0.636463,0.603314301,0.585695337,0.897958022,95.3718145,218.2296484,2.274287934,2.29959014,0.558953364,0.881295425,0.905411387,0.56232155,0.537841758,0.468707198,0.387296983,53.22035054,53.39622005,71.76915139,878.9655352,6.229821842,4.559707674,6.175343392,7.687357561,0.128192327,-6.229821842,1.457535719,0.063025535,TRUE,0.165611111,4.055194444,,,,,,0.43486,,0.43486,,,,,,,,,,,,,,,,,,,,,,,,,,,,,,,,,,,,,10.36494725,1.15472,1.16965,-4.618963904,-0.1061,1.28662,1.26777,-0.132611,0.543283,0.579766,-5.986504711,-1.988335906,3.998168805,1.999084403,0.500229004,3.987420308,3.976700707
L5,40,3,16,Pd,P,P,0.470301088,0.452542653,0.393500623,0.332278283,0.151961426,0.190444203,0.05492904,0.1207881,0.78864075,0.714641103,0.609627525,0.666213147,95.47894574,235.342235,2.27071587,2.292897847,0.582725727,0.91967364,0.910151882,0.582385482,0.561920548,0.505398204,0.412095177,50.97371328,59.95700299,60.86091258,861.3146388,5.896001388,4.777677402,5.590051138,6.965749139,0.325696613,-5.896001388,1.069747751,0.069333809,TRUE,0.158777778,3.872166667,,,,,,0.43574,,0.4309,,,,,,,,,,,,,,,,,,,,,,,,,,,,,,,,,,,,,10.73044516,1.12662,1.16414,-4.269139702,-0.11809,1.12373,1.07628,-0.177298,0.401408,0.355373,-6.093989682,-1.694180833,4.399808849,2.199904424,0.454565202,3.894085258,3.446490635
L111,17,2,1,Pd,P,P,0.286511673,0.166913351,0.286534444,0.166901966,0.06594445,0.007884415,0.007884415,0.066024149,0.507078895,0.325942287,0.325919516,0.507044739,87.32661613,233.5570788,2.262161468,2.262142981,0.512707324,0.85508293,0.855024693,0.503964683,0.444888998,0.329334664,0.226728879,46.81913425,53.2062068,51.99294828,530.9919405,6.470283276,5.435450552,5.463427496,7.543170724,0.455459951,-6.470283276,1.072887448,0.05593061,TRUE,0.026916667,0.717027778,,,,,1.87653,0.42037,1.87653,0.42037,1.95838,C,4,1.93942,C,7,1.97871,C,24,0.07104,C,4,0.08815,C,7,0.04275,C,24,1.95839,C,3,1.93942,C,5,1.97871,C,25,0.07105,C,3,0.08816,C,5,0.04274,C,25,12.85424129,1.17342,1.17341,-2.193189147,-0.1021,1.06509,1.06508,-0.182974,0.306679,0.306658,-6.200114084,-1.73989596,4.460218124,2.230109062,0.448408563,3.970005022,3.533670201
L51,51,1,2,Pd,P,P,0.291080079,0.335059176,0.291082926,0.335050637,0.034890671,0.103789643,0.10378395,0.034884979,0.547269488,0.566328709,0.566317324,0.547280873,94.28586695,247.3198628,2.301459751,2.301433515,0.536922288,0.908247531,0.90823006,0.539189063,0.506074391,0.417492857,0.313008431,52.83143432,60.17070523,56.83093482,682.1525933,6.254380354,5.905998613,5.891914811,7.533411315,0.23311615,-6.254380354,1.279030961,0.054632352,TRUE,0.094083333,2.044111111,,,,,1.87439,0.41934,1.87438,0.41934,1.95816,C,3,1.95775,C,34,1.96103,C,39,0.06322,C,3,0.06711,C,34,0.06086,C,39,1.95822,C,4,1.96103,C,42,1.95775,C,47,0.06326,C,4,0.06087,C,42,0.0671,C,47,14.77545438,1.17779,1.17778,-3.398900154,-0.0685,1.05193,1.05198,-0.177327,0.342251,0.342395,-5.902693645,-2.052554774,3.850138871,1.925069435,0.519461782,3.97762421,4.109330828
L45,89,2,1,Pd,P,P,0.366798927,0.396531996,0.366551294,0.39640391,0.019952978,0.200138902,0.200810643,0.019930207,0.713644877,0.59292509,0.591997176,0.713172381,94.86384097,240.9925562,2.28834782,2.288171225,0.544493105,0.897095136,0.897264023,0.542571845,0.512814954,0.458316704,0.381493257,54.93416516,58.70822154,59.5075547,914.4142763,6.006002785,5.772955682,5.890048312,7.258110718,0.208059621,-6.006002785,1.252107933,0.054066982,TRUE,0.190083333,4.067527778,,,,,1.88018,0.43263,1.88023,0.43279,1.95222,C,4,1.95793,C,12,1.95691,C,13,0.07234,C,4,0.06003,C,12,0.06282,C,13,1.95221,C,3,1.95687,C,10,1.95795,C,11,0.07221,C,3,0.06294,C,10,0.06012,C,11,13.75067749,1.14305,1.14331,-4.406877243,-0.1016,1.09872,1.09845,-0.168027,0.398707,0.398449,-5.770446314,-1.936634274,3.83381204,1.91690602,0.521673984,3.853540294,3.873370067
L101,92,16,8,Pd,P,P,0.354605125,0.304144868,0.438521487,0.418642514,0.146758281,0.09961688,0.119826031,0.172956172,0.562451968,0.508672857,0.717458998,0.704086803,108.3919189,268.7825786,2.379747152,2.362361505,0.63513907,0.954359625,0.955250652,0.643954441,0.615082306,0.513462062,0.378940073,61.34945051,71.88252393,77.55377936,718.0934051,5.814566537,4.506135269,5.816110551,7.002311955,0.217634867,-5.814566537,1.187745417,0.053847277,TRUE,0.161472222,3.963972222,,,,,,,1.95853,0.63617,1.92915,C,17,1.9527,C,25,1.94156,C,31,0.08156,C,17,0.0586,C,25,0.06019,C,31,1.95052,C,7,1.94649,C,14,1.94675,C,15,0.06669,C,7,0.07941,C,14,0.07502,C,15,10.3898597,1.24658,1.22638,-4.498747102,-0.05028,0.96431,1.01012,-0.177032,0.391074,0.367655,-5.901333076,-2.207115441,3.694217634,1.847108817,0.54138662,4.054224259,4.449314027
L170,48,3,4,Pd,P,P,0.503341626,0.602127369,0.492155434,0.619114441,0.163375327,0.545174567,0.516517423,0.14442996,0.843307925,0.659080171,0.721711459,0.839880908,93.20255419,283.3296188,2.285607066,2.28360271,0.580809728,0.905941344,0.899768217,0.604427875,0.630810287,0.606552451,0.554201084,64.73452172,66.8527998,62.23151665,1293.03468,5.982822068,4.524244793,6.498238712,7.665451991,0.030391211,-5.982822068,1.682629923,0.038517458,TRUE,0.56475,17.45647222,,,,,,0.42841,,0.42751,,,,,,,,,,,,,,,,,,,,,,,,,,,,,,,,,,,,,10.22762568,1.13478,1.12982,-9.236753074,-0.127,1.10557,1.11327,-0.1941,0.36244,0.362291,-5.960381781,-2.411472943,3.548908838,1.774454419,0.563553501,4.185927362,4.937288806
L68,63,2,3,Pd,P,P,0.286315274,0.27900867,0.289833374,0.290806829,0.084331931,0.016241326,0.051251544,0.052982131,0.488298617,0.541776014,0.530362114,0.526684618,88.75832465,221.2919747,2.25315605,2.257688922,0.539554603,0.889757268,0.888528466,0.545950748,0.518102945,0.419508821,0.286579274,49.1812798,62.34902578,66.26880433,604.5512209,6.413874777,5.141814652,5.504846936,7.500389773,0.42766806,-6.413874777,1.086514996,0.056875113,TRUE,0.062611111,1.39875,,,,,,0.42498,,0.42304,,,,,,,,,,,,,,,,,,,,,,,,,,,,,,,,,,,,,12.14746309,1.18506,1.18402,-2.831327912,-0.10578,1.0405,1.03857,-0.155905,0.298821,0.316795,-6.31576247,-1.71867108,4.59709139,2.298545695,0.435057698,4.017216775,3.510487229
L37,75,2,1,Pd,P,P,0.363864331,0.394664784,0.363827328,0.394653399,0.021023209,0.196683422,0.196649266,0.021028902,0.706705453,0.592646146,0.592657532,0.706625755,95.24421834,241.7101731,2.286901521,2.286894014,0.544003914,0.896192462,0.896308936,0.541683477,0.511492463,0.457111434,0.379289463,53.78790158,58.02908447,57.26745423,805.3721348,6.305007818,4.864318352,6.222231389,7.801358804,0.120119597,-6.305007818,1.496350986,0.052239576,TRUE,0.149,3.324138889,,,,,1.88158,0.43539,1.88158,0.43539,1.952,C,4,1.95659,C,17,1.95759,C,18,0.06986,C,4,0.06298,C,17,0.06294,C,18,1.95201,C,3,1.95659,C,15,1.9576,C,16,0.06985,C,3,0.06299,C,15,0.06295,C,16,12.56177862,1.14504,1.14505,-4.011185619,-0.10086,1.09808,1.09806,-0.158656,0.400646,0.400787,-5.932081941,-2.109154455,3.822927486,1.911463743,0.523159282,4.020618198,4.228531866
L23,50,2,3,Pd,P,P,0.43522825,0.573347831,0.453621423,0.451321565,0.136579701,0.250855331,0.114127619,0.17611563,0.733876798,0.895840331,0.78851551,0.731127215,101.7101569,238.897582,2.314331555,2.326835114,0.550607995,0.900362234,0.925328457,0.5499775,0.540853332,0.519712912,0.478356996,52.57473364,60.0095778,67.6463859,1101.525349,5.759339671,4.170090972,5.759246864,6.907775454,0.235188918,-5.759339671,1.148435782,0.063039756,TRUE,0.339777778,10.4795,,,,,1.88789,0.44296,1.89552,0.44074,1.95514,C,4,1.95595,C,14,1.95717,C,20,0.07154,C,4,0.06631,C,14,0.05758,C,20,1.95318,C,9,1.95511,C,26,1.95577,C,32,0.07621,C,9,0.06046,C,26,0.06227,C,32,9.487178322,1.14006,1.15628,-6.719148502,-0.0911,1.1171,1.08538,-0.172811,0.486413,0.383607,-5.877114943,-1.837584832,4.039530111,2.019765055,0.49510709,3.857349888,3.683385876
L15,16,3,4,Pd,P,P,0.448774073,0.371674741,0.389751968,0.323329329,0.100220308,0.168253986,0.037600405,0.096736365,0.797327838,0.575095495,0.609058254,0.682767572,90.28978631,225.4695544,2.267533865,2.300281458,0.561341083,0.90373416,0.93012719,0.566778909,0.547337675,0.480736088,0.38341028,50.30191015,61.78223825,54.5976037,735.9141387,6.052918903,4.952323215,5.783128286,7.24679008,0.25674289,-6.052918903,1.193871177,0.067449191,TRUE,0.126944444,3.234583333,,,,,,0.45405,,0.43742,,,,,,,,,,,,,,,,,,,,,,,,,,,,,,,,,,,,,11.35412543,1.12931,1.15422,-3.853633468,-0.09963,1.08366,1.07264,-0.158006,0.386777,0.312947,-6.040927481,-1.862347193,4.178580288,2.089290144,0.478631464,3.951637337,3.737019888
L41,1,3,2,Pd,P,P,0.494463831,0.606493684,0.498548357,0.57459169,0.134057827,0.47997017,0.497543592,0.142016247,0.854869836,0.733017198,0.651639788,0.855080467,92.76930826,274.7429853,2.274367309,2.289254328,0.574240589,0.899057725,0.906972139,0.594256253,0.613503595,0.590048302,0.543455366,61.86553035,63.63779604,67.53473808,1266.984406,5.932166329,5.822838789,6.000915122,7.246382427,0.159300975,-5.932166329,1.314216097,0.052602815,TRUE,0.4405,13.58116667,,,,,1.87373,0.42912,1.87464,0.43393,1.9519,C,29,1.95438,C,30,1.95603,C,36,0.07322,C,29,0.06429,C,30,0.05853,C,36,1.95565,C,6,1.95536,C,12,1.95089,C,18,0.06154,C,6,0.06057,C,12,0.07644,C,18,13.51940828,1.13216,1.13491,-8.724006665,-0.12778,1.11391,1.10473,-0.192848,0.372517,0.378448,-5.852080469,-2.023166478,3.82891399,1.914456995,0.522341323,3.937623474,4.049419407
L167,1,2,3,Pd,P,P,0.337885611,0.320685062,0.335585752,0.3295287,0.113194014,0.021438778,0.048706899,0.127704753,0.562577207,0.619931346,0.610350501,0.543466752,89.01027815,232.5546362,2.259147575,2.263696344,0.573023435,0.902295704,0.906471301,0.579487617,0.55110017,0.461044719,0.330888548,52.49221811,65.80931278,69.81967705,657.4513107,6.335211018,5.086659604,5.513578204,7.416770518,0.413981296,-6.335211018,1.0815595,0.056288795,TRUE,0.074166667,1.794194444,,,,,1.87766,0.4263,1.87844,0.42515,1.95664,C,4,1.95597,C,10,1.95217,C,13,0.07569,C,4,0.06745,C,10,0.07218,C,13,1.95653,C,9,1.95478,C,20,1.95325,C,23,0.07101,C,9,0.06804,C,20,0.07249,C,23,11.90836967,1.18451,1.18396,-3.400587157,-0.11582,1.03866,1.03518,-0.173218,0.308254,0.302123,-6.265693522,-1.703704818,4.561988704,2.280994352,0.438405294,3.98469917,3.480461813
L20,64,2,3,Pd,P,P,0.420677661,0.527854471,0.37331709,0.423515481,0.132321548,0.186390987,0.077352658,0.095734446,0.709033775,0.869317955,0.769678304,0.650899734,102.2811181,230.086323,2.315043893,2.325975273,0.553164601,0.90049618,0.92317951,0.551773633,0.531901391,0.495257155,0.436476378,51.52803714,60.65645491,65.60909115,963.5353248,5.95098637,4.370383877,5.934407873,7.22482368,0.185429437,-5.95098637,1.27383731,0.06289179,TRUE,0.281888889,8.705944444,,,,,1.8885,0.44471,1.89651,0.4416,1.95555,C,4,1.9563,C,14,1.95774,C,20,0.07214,C,4,0.06721,C,14,0.05767,C,20,1.95329,C,9,1.95567,C,26,1.95656,C,32,0.07757,C,9,0.06072,C,26,0.06284,C,32,10.02163113,1.14024,1.15703,-5.821424582,-0.09211,1.11374,1.0815,-0.170359,0.48361,0.382423,-6.044737075,-1.979356149,4.065380926,2.032690463,0.491958819,4.012046612,3.959411998
L85,53,2,1,Pd,P,P,0.293283162,0.308741738,0.293274622,0.30875597,0.062921617,0.063456732,0.063485196,0.062898846,0.523644706,0.554026744,0.554026744,0.523650399,96.18420201,227.873404,2.280012841,2.28006862,0.516108367,0.906593599,0.906686778,0.518935044,0.496239475,0.414118554,0.301025259,47.17745318,56.50180893,56.43754312,618.3014461,6.733358716,4.350531318,6.11150471,8.196039871,0.197176445,-6.733358716,1.462681155,0.061614713,TRUE,0.062333333,1.584361111,,,,,1.88371,0.42119,1.8837,0.42121,1.95257,C,16,1.94367,C,17,1.96382,C,30,0.06224,C,16,0.09776,C,17,0.07056,C,30,1.96382,C,5,1.95257,C,39,1.94367,C,40,0.07055,C,5,0.06224,C,39,0.09778,C,40,10.42416553,1.20185,1.20184,-3.046862542,-0.08243,1.02363,1.0236,-0.19694,0.38002,0.379859,-6.547875585,-2.261810325,4.286065259,2.14303263,0.466628453,4.404842955,4.526912281
L76,96,2,1,Pd,P,P,0.296180755,0.408691643,0.296175062,0.408680257,0.039729482,0.286155878,0.286178649,0.039752253,0.552632028,0.531227407,0.531181865,0.552597872,102.1665677,246.8354624,2.304441177,2.304459056,0.488643776,0.863096347,0.863265235,0.491729253,0.468648497,0.414138963,0.352431218,50.47706273,53.72700993,53.81065843,1016.796971,6.037340088,4.511718937,6.242896361,7.52609512,0.091858671,-6.037340088,1.488755032,0.067315041,TRUE,0.242388889,5.873166667,,,,,1.89353,0.43109,1.89353,0.4311,1.94753,C,10,1.95584,C,13,1.96057,C,89,0.07152,C,10,0.05905,C,13,0.07031,C,89,1.94753,C,4,1.95585,C,7,1.96057,C,80,0.07153,C,4,0.05905,C,7,0.07031,C,80,10.93507011,1.19901,1.19903,-5.15264167,-0.06943,1.06164,1.0616,-0.169533,0.286078,0.285994,-6.063785045,-2.02044534,4.043339705,2.021669852,0.494640606,4.042115192,4.040891051
L187,75,2,1,Pd,P,P,0.359566329,0.394966498,0.359566329,0.394969345,0.024928414,0.193142551,0.193148244,0.0249398,0.694204243,0.596790445,0.596790445,0.694192858,94.3438024,241.854867,2.284559422,2.284559151,0.541779258,0.895714918,0.895860511,0.539286047,0.507795008,0.453791555,0.377252893,54.05974192,60.24321909,60.87658889,873.8136799,6.174856675,5.919860269,6.113665675,7.585825266,0.143302915,-6.174856675,1.41096859,0.053502147,TRUE,0.200444444,4.345527778,,,,,1.88069,0.43303,1.88069,0.43303,1.95307,C,4,1.95615,C,17,1.95749,C,18,0.06887,C,4,0.0635,C,17,0.06328,C,18,1.95307,C,3,1.95615,C,15,1.95749,C,16,0.06887,C,3,0.06349,C,15,0.06328,C,16,14.59874494,1.14494,1.14494,-4.382520903,-0.09232,1.098,1.09801,-0.140003,0.406089,0.406199,-5.880380309,-2.047384611,3.832995698,1.916497849,0.521785089,3.96388246,4.099238662
L125,80,1,2,Pd,P,P,0.406226695,0.387193091,0.391513865,0.412474454,0.048371029,0.06847771,0.193028697,0.119125826,0.764082362,0.705908472,0.631920211,0.663901903,96.50597172,224.9583931,2.328213689,2.28408416,0.558557352,0.919073798,0.900956252,0.557957296,0.532587273,0.479732641,0.399333525,50.92755465,63.88352727,55.45669684,788.5939968,6.296514571,5.141657757,5.926076521,7.600423857,0.223832766,-6.296514571,1.303909287,0.063772145,TRUE,0.172833333,3.92175,,,,,1.88469,0.44387,1.88123,0.43821,1.95334,C,3,1.95658,C,15,1.95743,C,16,0.08253,C,3,0.05835,C,15,0.05982,C,16,1.95615,C,4,1.95588,C,17,1.95433,C,18,0.0572,C,4,0.06479,C,17,0.07055,C,18,11.76800457,1.16242,1.1456,-4.446151723,-0.09519,1.05975,1.08561,-0.1595,0.371501,0.412233,-5.977524954,-1.961396634,4.01612832,2.00806416,0.497992056,3.969460794,3.923335547
L112,34,4,3,Pd,P,P,0.336539283,0.513844691,0.48046259,0.30338489,0.091891861,0.312701024,0.086648867,0.195664426,0.581186704,0.714988358,0.520120913,0.765260755,95.25822192,240.2698141,2.364948702,2.301110852,0.599684355,0.95703853,0.934384318,0.608726181,0.592389076,0.516280784,0.408535804,56.97598933,0,59.22307529,798.0449512,5.925929511,4.779108336,6.033778486,7.260966142,0.147258145,-5.925929511,1.335036631,0.055348482,TRUE,0.191083333,4.762055556,,,,,,0.42791,,0.45458,,,,,,,,,,,,,,,,,,,,,,,,,,,,,,,,,,,,,10.96488558,1.22502,1.13188,-4.62069731,-0.07781,1.01754,1.09645,-0.178248,0.381418,0.343418,-5.948953,-1.982621515,3.966331485,1.983165742,0.504244289,3.965787257,3.965243104
L35,68,3,4,Pd,P,P,0.411668934,0.446969481,0.411683166,0.446960942,0.024723476,0.282916721,0.282933799,0.024740554,0.798614392,0.611022241,0.610988085,0.798625778,94.43215213,250.0036499,2.29043993,2.290445672,0.549198658,0.89799781,0.897863865,0.54635032,0.531201712,0.492931652,0.429349806,55.51399239,56.87004242,58.01350827,999.2847136,5.961611684,4.98866161,6.308246889,7.492763264,0.068904691,-5.961611684,1.53115158,0.039014913,TRUE,0.247111111,6.523694444,,,,,,0.43597,,0.43599,,,,,,,,,,,,,,,,,,,,,,,,,,,,,,,,,,,,,11.71061305,1.14316,1.14317,-5.410764264,-0.11699,1.09892,1.09891,-0.205265,0.385886,0.385806,-5.815617213,-2.255007479,3.560609734,1.780304867,0.561701548,4.035312346,4.573302593
L25,96,20,60,Pd,P,P,0.432239572,0.46071455,0.412522842,0.504881506,0.128638359,0.17556913,0.319475359,0.064350489,0.735840786,0.745859971,0.690287653,0.760695195,98.39381803,243.5560417,2.305328728,2.316666293,0.606899925,0.915183563,0.925147922,0.610933524,0.594202327,0.534315615,0.452620216,56.4860667,62.97918089,62.89966273,970.526166,6.371889919,4.096269194,6.987548652,8.51352081,8.22E-05,-6.371889919,2.141630891,0.020623344,TRUE,0.267638889,6.540527778,,,,,,,,0.43095,,,,,,,,,,,,,,,,,,,,,,,,,,,,,,,,,,,,,9.325783962,1.19777,1.1542,-5.110819167,-0.08616,1.02918,1.08666,-0.095303,0.295444,0.438452,-6.311680762,-2.507529132,3.80415163,1.902075815,0.525741399,4.409604947,5.111419755
L16,20,3,6,Pd,P,P,0.385038397,0.393187524,0.329921497,0.321632899,0.094476355,0.200173059,0.104415842,0.044460131,0.675600439,0.586201989,0.538849957,0.615382864,97.44094142,240.3965208,2.339645925,2.27312959,0.565406029,0.946672335,0.8919761,0.56501769,0.53509626,0.459319017,0.357456465,54.31633905,64.18695155,67.26773989,722.1740456,6.016310657,5.087771926,5.781071039,7.205038977,0.253657281,-6.016310657,1.18872832,0.063023193,TRUE,0.118722222,2.983388889,,,,,,0.41647,,0.43651,,,,,,,,,,,,,,,,,,,,,,,,,,,,,,,,,,,,,11.89061184,1.1921,1.15415,-3.835553125,-0.09052,1.04981,1.09862,-0.22071,0.391732,0.362886,-6.011267071,-1.88901435,4.122252721,2.061126361,0.485171613,3.950140711,3.785214709
L2,51,3,16,Pd,P,P,0.367257191,0.3084201,0.327325618,0.412642389,0.039182981,0.093542749,0.151283993,0.081064311,0.695331402,0.52329745,0.674000786,0.573586925,95.48506253,239.7430089,2.273415492,2.35755609,0.558598118,0.904444652,0.957533545,0.563396127,0.537364795,0.458715815,0.353973233,52.63074665,60.35357264,0,711.6539079,5.986001142,5.073852679,5.741449881,7.148801734,0.267350712,-5.986001142,1.162800592,0.062705163,TRUE,0.126111111,3.204305556,,,,,,0.44365,,0.41733,,,,,,,,,,,,,,,,,,,,,,,,,,,,,,,,,,,,,11.69510956,1.1204,1.22689,-3.863755366,-0.06953,1.12976,1.01881,-0.168701,0.389404,0.379774,-6.003647884,-1.878946138,4.124701746,2.062350873,0.484883544,3.941297011,3.766047361
L8,32,3,16,Pd,P,P,0.534184774,0.373416713,0.393768181,0.467895914,0.235872096,0.19479344,0.192169097,0.054473623,0.832497453,0.552039986,0.743622732,0.733062739,92.61876698,238.8331331,2.275351568,2.28203867,0.520697447,0.909639396,0.883054184,0.520645832,0.5158758,0.495211801,0.442281528,52.51046784,64.74184717,55.83890067,1003.515754,6.536183276,6.088200863,6.772356421,8.478083167,0.01554347,-6.536183276,1.941899891,0.044224581,TRUE,0.239638889,5.663888889,,,,,,0.44627,,0.41875,,,,,,,,,,,,,,,,,,,,,,,,,,,,,,,,,,,,,12.85255246,1.13835,1.14665,-4.754141872,-0.08421,1.09997,1.1116,-0.151728,0.4199,0.381909,-6.397940853,-2.27133431,4.126606543,2.063303271,0.484659727,4.334637582,4.553155909
L12,31,3,4,Pd,P,P,0.34322538,0.319088254,0.313976193,0.381822011,0.014169176,0.106749856,0.142648139,0.065722434,0.672281585,0.531426652,0.620995884,0.562229952,96.78891485,248.4188044,2.264846726,2.349026314,0.542320863,0.882611582,0.955239005,0.545869282,0.519730929,0.443995193,0.339505189,51.55573029,56.64400599,0,678.0538926,6.031761872,5.025615474,5.74312995,7.200529726,0.271637905,-6.031761872,1.168767854,0.062898023,TRUE,0.097583333,2.463333333,,,,,,0.44662,,0.41624,,,,,,,,,,,,,,,,,,,,,,,,,,,,,,,,,,,,,10.93119165,1.13153,1.22112,-3.476915135,-0.07126,1.08956,1.02813,-0.157845,0.441156,0.366617,-6.038478456,-1.984254198,4.054224259,2.027112129,0.493312622,4.011366327,3.968961455
L29,108,28,26,Pd,P,P,0.564945378,0.454839665,0.393836494,0.453376636,0.379727091,0.150367465,0.16488959,0.118750107,0.750163666,0.759311864,0.741863682,0.668922881,101.1294025,250.4430122,2.285655094,2.341571724,0.586214126,0.920273481,0.916901556,0.594768326,0.593134086,0.546820717,0.466845608,57.82070994,69.13191231,70.45636983,999.5447967,6.421736132,5.103627016,6.869215576,8.448474681,0.003522973,-6.421736132,2.026738549,0.030902619,TRUE,0.209472222,6.419805556,,,,,1.88902,0.44715,1.89174,0.42384,1.93755,C,7,1.95536,C,32,1.95588,C,43,0.08402,C,7,0.06502,C,32,0.05734,C,43,1.95762,C,15,1.9603,C,67,1.95092,C,83,0.06656,C,15,0.04819,C,67,0.06286,C,83,10.99163856,1.1756,1.18862,-5.251330128,-0.07152,1.07313,1.04265,-0.146434,0.343816,0.363286,-6.458894355,-2.5186858,3.940208555,1.970104278,0.507587345,4.488790078,5.113748696
L119,1,2,3,Pd,P,P,0.374230771,0.361703944,0.455858661,0.434556509,0.086996123,0.050682272,0.309985597,0.360935427,0.66146542,0.672725617,0.55912742,0.550781895,98.81174967,245.2739267,2.324654908,2.334424188,0.606404911,0.904066111,0.92140328,0.620977127,0.615025149,0.530291623,0.406516312,62.37756102,58.74733328,69.19645606,787.5818334,6.454843287,4.45056902,5.641435924,7.615886866,0.365607655,-6.454843287,1.161043579,0.069016933,TRUE,0.128722222,2.983944444,,,,,,,1.89794,0.44191,1.96356,C,11,1.95823,C,17,1.95613,C,23,0.0844,C,11,0.06117,C,17,0.07775,C,23,1.95884,C,7,1.96135,C,60,1.96151,C,77,0.06685,C,7,0.05066,C,60,0.05925,C,77,10.04365701,1.179,1.18722,-4.211870158,-0.10157,1.03517,1.04328,-0.188166,0.325571,0.338291,-6.045553417,-1.910511344,4.135042072,2.067521036,0.483671016,3.97803238,3.826984428
L32,81,2,1,Pd,P,P,0.393887728,0.374518254,0.393893421,0.374515407,0.190318963,0.020231921,0.020231921,0.190318963,0.597456493,0.728804586,0.728798893,0.597467879,94.11639995,239.9490441,2.28901937,2.289019205,0.548523108,0.89950615,0.899587682,0.546629632,0.516660228,0.461409815,0.384209395,54.65416385,59.61458516,59.48048201,837.0248777,6.204071948,5.115093527,6.473905504,7.87959751,0.047620058,-6.204071948,1.675525562,0.040603069,TRUE,0.18825,4.281055556,,,,,1.87938,0.43644,1.87938,0.43645,1.95245,C,4,1.95684,C,17,1.95814,C,18,0.07258,C,4,0.06381,C,17,0.05905,C,18,1.95245,C,3,1.95684,C,15,1.95814,C,16,0.07258,C,3,0.06381,C,15,0.05905,C,16,12.27720076,1.14574,1.14574,-4.539138539,-0.10597,1.09313,1.09313,-0.174769,0.395309,0.395303,-5.974531702,-2.385350013,3.589181688,1.794590844,0.55723008,4.179940858,4.867935672
L86,53,1,2,Pd,P,P,0.304876383,0.389387634,0.304899153,0.38939902,0.052799964,0.150913966,0.150925351,0.052811349,0.556952802,0.627861303,0.627872688,0.556986958,95.8190687,236.4488846,2.282155904,2.282151401,0.527278233,0.91623183,0.916441483,0.53124806,0.516256189,0.450109982,0.347138413,48.45564099,61.03474453,61.40009748,692.7624251,6.624475236,4.355255709,6.076276681,8.054185485,0.199433568,-6.624475236,1.429710249,0.060579641,TRUE,0.085194444,2.075111111,,,,,1.88021,0.41791,1.88022,0.41791,1.96394,C,5,1.95228,C,39,1.9437,C,40,0.06945,C,5,0.06146,C,39,0.10041,C,40,1.95225,C,16,1.9437,C,17,1.96394,C,30,0.06137,C,16,0.10041,C,17,0.06945,C,30,10.29059323,1.19915,1.19914,-3.53095463,-0.09236,1.02736,1.02734,-0.197348,0.416781,0.416657,-6.506786393,-2.245483494,4.261302899,2.130651449,0.469340023,4.376134944,4.494061441
L134,105,37,53,Pd,P,P,0.342599181,0.316973409,0.342613413,0.316990487,0.08051781,0.009882559,0.009882559,0.080551966,0.604680553,0.624064259,0.624098416,0.60467486,86.14712959,240.1934172,2.253706338,2.253690783,0.544207743,0.919865822,0.91983088,0.536741202,0.491974394,0.407998095,0.329811913,51.79084916,62.75829794,63.34783198,963.8566734,6.130241145,5.431051858,6.445591836,7.778744313,0.048911332,-6.130241145,1.648503168,0.051527992,TRUE,0.237527778,6.281138889,,,,,1.86189,0.42,1.86189,0.42002,1.95226,C,17,1.9466,C,24,1.94661,C,38,0.05435,C,17,0.08792,C,24,0.08093,C,38,1.9466,C,51,1.95226,C,76,1.94661,C,90,0.08792,C,51,0.05435,C,76,0.08092,C,90,13.40958594,1.20998,1.20997,-5.475859544,-0.12636,1.06427,1.06431,-0.183367,0.301828,0.30201,-6.019158373,-1.986158995,4.032999378,2.016499689,0.495908829,4.002658684,3.972546246
L13,32,3,12,Pd,P,P,0.440989281,0.400018786,0.417236413,0.465527743,0.084451478,0.223188719,0.145585581,0.120287141,0.797527083,0.576848853,0.785469905,0.714185685,96.83027742,226.8920149,2.299921158,2.275567956,0.549175363,0.920104594,0.896617592,0.547925331,0.532811958,0.498732369,0.430926689,55.92616214,66.29638433,62.42742798,947.1054554,5.83971352,4.927227619,6.033680952,7.166667715,0.139273243,-5.83971352,1.326954196,0.050191981,TRUE,0.240611111,5.836888889,,,,,,0.44534,,0.42767,,,,,,,,,,,,,,,,,,,,,,,,,,,,,,,,,,,,,10.88023916,1.13229,1.15732,-4.992890083,-0.08805,1.0952,1.09465,-0.174377,0.358412,0.360243,-5.972626905,-1.801121576,4.171505328,2.085752664,0.479443233,3.886874241,3.621664165
L55,32,17,14,Pd,P,P,0.309043453,0.262440013,0.309046299,0.262431474,0.063456732,0.009034344,0.009040037,0.06345104,0.554630173,0.515845682,0.515822911,0.554641558,88.43764504,225.5135189,2.254275568,2.25426404,0.512800503,0.885738912,0.885593319,0.513158711,0.486601652,0.392846614,0.285859145,51.21418322,64.84932457,65.39809705,619.2827081,6.446978235,5.166833314,5.373251185,7.474049998,0.499820579,-6.446978235,1.027071763,0.079521974,TRUE,0.061944444,1.365416667,,,,,1.87717,0.41706,1.87717,0.41705,1.95591,C,16,1.94862,C,18,1.96723,C,20,0.07549,C,16,0.0801,C,18,0.04549,C,20,1.94862,C,13,1.95591,C,15,1.96723,C,21,0.0801,C,13,0.07549,C,15,0.04548,C,21,11.93228321,1.19676,1.19674,-2.896189791,-0.10197,1.06977,1.06981,-0.13822,0.337085,0.337165,-6.209365955,-1.602206352,4.607159603,2.303579801,0.434106949,3.905786153,3.311186672
L34,81,3,4,Pd,P,P,0.374148227,0.395968417,0.374188076,0.396013959,0.018905518,0.195522108,0.195550571,0.018894133,0.729390936,0.596414726,0.596477346,0.72948202,94.37272711,239.6020497,2.289775356,2.289814611,0.547800969,0.898539415,0.89846953,0.545601608,0.516167497,0.460798676,0.385098883,54.66167098,59.69754684,57.94374499,929.9448555,6.041389837,5.073330942,6.367971714,7.623574656,0.060213105,-6.041389837,1.582184819,0.039627156,TRUE,0.240583333,5.286694444,,,,,,0.43569,,0.43574,,,,,,,,,,,,,,,,,,,,,,,,,,,,,,,,,,,,,12.06620926,1.14305,1.14305,-4.929375972,-0.1078,1.09682,1.0968,-0.184527,0.396156,0.3961,-5.861060226,-2.289565938,3.571494288,1.785747144,0.559989696,4.075313082,4.650203914
L136,30,3,2,Pd,P,P,0.285845625,0.28172125,0.285746002,0.281644399,0.038983736,0.063718598,0.063621821,0.038938194,0.532707514,0.499723903,0.499666976,0.53255381,101.9231494,228.9155635,2.299825926,2.299998607,0.523533591,0.883421077,0.883729734,0.523861802,0.490484375,0.398003311,0.283706586,49.15127876,54.91218678,54.44963977,598.8617384,6.284565503,4.717387868,5.591612534,7.399925289,0.369747253,-6.284565503,1.115359787,0.067995877,TRUE,0.068388889,1.816583333,,,,,1.89667,0.42063,1.89668,0.42063,1.95906,C,9,1.95147,C,18,1.96031,C,20,0.0684,C,9,0.07357,C,18,0.06039,C,20,1.95906,C,4,1.95147,C,14,1.96031,C,16,0.0684,C,4,0.07356,C,14,0.06039,C,16,11.44532863,1.18938,1.18944,-2.808162351,-0.06071,1.04884,1.04871,-0.188916,0.330803,0.33083,-6.382974591,-1.921940126,4.461034465,2.230517233,0.448326507,4.152457359,3.865225039
L42,77,2,1,Pd,P,P,0.445480835,0.40408908,0.445512145,0.404012228,0.286816233,0.02150709,0.021495705,0.286844697,0.604145438,0.786671069,0.786528751,0.604179594,94.64772406,250.1675124,2.288332219,2.288340756,0.545215244,0.897112607,0.896984486,0.542490379,0.52712584,0.489230804,0.424797055,54.39052734,59.51453255,57.43094,976.224257,5.923370544,5.802320606,5.808870534,7.118318536,0.232077457,-5.923370544,1.194947992,0.053858476,TRUE,0.194611111,5.056722222,,,,,1.88022,0.43419,1.88022,0.43422,1.95119,C,18,1.9572,C,31,1.95662,C,37,0.07255,C,18,0.0594,C,31,0.06111,C,37,1.95119,C,10,1.95662,C,19,1.95719,C,25,0.07256,C,10,0.06111,C,19,0.0594,C,25,13.70364204,1.14361,1.1436,-4.903431683,-0.11448,1.10025,1.10025,-0.201114,0.385443,0.385316,-5.718200454,-1.888198009,3.830002446,1.915001223,0.522192878,3.803199232,3.776583592
L80,70,1,2,Pd,P,P,0.353398268,0.321698366,0.419280099,0.27517747,0.055674786,0.094220183,0.127340419,0.10215014,0.65112175,0.549176548,0.423014522,0.736410058,97.36244014,217.7279603,2.298425733,2.312157339,0.519893776,0.858582976,0.894655004,0.519703153,0.493791587,0.426945666,0.342378589,49.07665161,51.95522723,63.02586832,759.363212,6.543318364,4.620896336,5.878544489,7.84517041,0.269307558,-6.543318364,1.301852046,0.067386733,TRUE,0.104805556,2.373805556,,,,,1.89576,0.4318,1.88918,0.45034,1.9595,C,5,1.95732,C,12,1.96005,C,18,0.05428,C,5,0.06645,C,12,0.05649,C,18,1.96395,C,8,1.96071,C,24,1.95873,C,30,0.07148,C,8,0.05869,C,24,0.06226,C,30,10.44725623,1.16951,1.16959,-3.345839719,-0.10207,1.06135,1.04285,-0.192895,0.372623,0.285631,-6.156575868,-1.943165006,4.213410861,2.106705431,0.47467481,4.049870437,3.892677713
L19,1,4,3,Pd,P,P,0.519389399,0.478729158,0.345866802,0.439472171,0.203070652,0.205438823,0.17519341,0.151995582,0.835708146,0.752019492,0.703750932,0.539738021,107.4450874,248.0232912,2.327331896,2.384500423,0.635698146,0.933009924,0.921193627,0.640606573,0.619603608,0.549290217,0.445754086,55.9471357,0,64.71502776,843.3721922,5.921450021,4.551180712,5.754499621,7.084642563,0.25469292,-5.921450021,1.163192541,0.062018928,TRUE,0.212972222,6.559055556,,,,,1.95006,0.6544,,,1.95888,C,8,1.95774,C,47,1.96078,C,58,0.07093,C,8,0.0601,C,47,0.05402,C,58,1.9513,C,22,1.95258,C,31,1.94307,C,39,0.06165,C,22,0.05397,C,31,0.0507,C,39,10.70807203,1.156,1.21569,-5.485043876,-0.08704,1.08429,0.97868,-0.156464,0.355714,0.267565,-6.073036915,-2.022350137,4.050686779,2.025343389,0.493743434,4.047693526,4.044702486
L103,100,28,26,Pd,P,P,0.412702163,0.457589248,0.408418392,0.305064242,0.141873929,0.133465784,0.103954732,0.175859458,0.683530396,0.781712711,0.506173753,0.640977326,103.8871765,245.1058876,2.340963352,2.353095331,0.605939014,0.955466129,0.922370015,0.611589132,0.585963861,0.506189623,0.395964859,56.53322039,71.30271202,71.89702076,795.1527995,5.891678026,4.627147978,5.781009217,7.066954721,0.240267478,-5.891678026,1.175276696,0.060884648,TRUE,0.204638889,4.976194444,,,,,1.96048,0.63984,,,1.95154,C,7,1.94808,C,30,1.94627,C,32,0.06599,C,7,0.08049,C,30,0.0718,C,32,1.9514,C,15,1.95425,C,59,1.94805,C,75,0.06885,C,15,0.04402,C,59,0.05451,C,75,10.82476081,1.2154,1.19527,-4.779748482,-0.06751,1.03503,1.0171,-0.180101,0.389523,0.384752,-5.999021948,-1.991873386,4.007148562,2.003574281,0.499108024,3.995447667,3.983780938
L130,47,2,3,Pd,P,P,0.40461281,0.491919186,0.406517024,0.489417236,0.022526087,0.282797174,0.26333377,0.023436922,0.786699533,0.701041198,0.715500703,0.789597126,93.80083651,245.143141,2.288454394,2.289339724,0.54676435,0.897782333,0.897869689,0.543611508,0.528284743,0.498654134,0.448093082,55.92081985,60.25611032,58.82980915,1080.82191,6.009456635,5.517780677,5.91773927,7.278852282,0.197656377,-6.009456635,1.269395647,0.056098331,TRUE,0.211027778,6.464138889,,,,,,0.43424,,0.43539,,,,,,,,,,,,,,,,,,,,,,,,,,,,,,,,,,,,,12.84545223,1.14089,1.13993,-5.917038532,-0.11945,1.1047,1.10514,-0.206966,0.382712,0.383462,-5.770446314,-1.85363955,3.916806764,1.958403382,0.510620033,3.812042932,3.710081244
L18,20,3,6,Pd,P,P,0.399090873,0.411788481,0.392404775,0.310563408,0.099041915,0.207522358,0.087514161,0.118869654,0.69913983,0.616054605,0.533612656,0.665939896,95.96898235,236.2886194,2.369682849,2.302040054,0.602590384,0.950463567,0.935182165,0.606875737,0.578367916,0.489971201,0.378540159,55.18904594,70.97007616,63.90981746,723.7340076,5.991990064,4.933848695,5.735715571,7.1522048,0.270499165,-5.991990064,1.160214736,0.063408152,TRUE,0.151277778,3.828083333,,,,,,0.43593,,0.44898,,,,,,,,,,,,,,,,,,,,,,,,,,,,,,,,,,,,,11.78628585,1.19882,1.16235,-4.216953588,-0.10563,1.03425,1.07223,-0.273134,0.396429,0.341759,-5.89453023,-1.875952885,4.018577344,2.009288672,0.497688567,3.885241557,3.756329832
L6,74,3,16,Pd,P,P,0.519577259,0.380663543,0.356557727,0.491389763,0.217581392,0.168584164,0.231773339,0.066764202,0.821573126,0.592742923,0.751006188,0.646351252,97.45698515,239.5268997,2.272251478,2.305113348,0.533398947,0.901777395,0.891533498,0.536939048,0.533858519,0.502779038,0.436938911,52.8711292,61.74708104,64.91446501,939.334316,6.670989753,6.037884835,6.804994175,8.646708463,0.016724535,-6.670989753,1.97571871,0.044357617,TRUE,0.232416667,5.561305556,,,,,,0.44611,,0.41239,,,,,,,,,,,,,,,,,,,,,,,,,,,,,,,,,,,,,12.7299294,1.13422,1.17323,-4.596961018,-0.09062,1.10846,1.09265,-0.180517,0.407011,0.369842,-6.600665672,-2.303987972,4.296677699,2.14833885,0.465475919,4.452326822,4.613614405
L110,15,2,1,Pd,P,P,0.244058225,0.255338347,0.267369907,0.361806413,0.026744391,0.031827989,0.082441949,0.020778422,0.461372059,0.478848705,0.641170878,0.513961392,75.7533044,217.5687776,2.257241968,2.29824579,0.50161899,0.90598211,0.926178718,0.508282385,0.485316609,0.396192571,0.282141088,47.92797343,60.81164035,51.21027436,603.7519166,6.389384294,4.816627622,5.585275189,7.513649886,0.384990402,-6.389384294,1.124265591,0.063641472,TRUE,0.044555556,1.088333333,,,,,1.87532,0.43135,1.87388,0.42865,1.94185,C,5,1.96616,C,6,1.94778,C,9,0.10668,C,5,0.05497,C,6,0.06023,C,9,1.96288,C,6,1.94768,C,7,1.94644,C,10,0.06603,C,6,0.08277,C,7,0.08207,C,10,11.16046453,1.18737,1.20931,-2.71356654,-0.09024,1.07057,1.01565,-0.119071,0.385649,0.339376,-6.075213826,-1.826700278,4.248513548,2.124256774,0.470752883,3.950957052,3.674240756
L21,54,2,3,Pd,P,P,0.448438203,0.6193023,0.539456232,0.496555905,0.148078992,0.330923416,0.152838105,0.258711282,0.748797413,0.907681185,0.840273706,0.820201181,102.3954237,250.6413424,2.305547292,2.319739207,0.555377609,0.898865542,0.928700382,0.557883589,0.564177257,0.55595832,0.525903292,53.69980894,60.43992665,69.11219188,1199.039478,6.979064214,5.344933274,7.595044435,9.775626134,0.047517485,-6.979064214,2.796561921,0.046522738,TRUE,0.424027778,13.08475,,,,,,0.44308,,,,,,,,,,,,,,,,,,,,,,,,,,,,,,,,,,,,,,,11.94848342,1.14026,1.15487,-6.930062337,-0.09614,1.11811,1.08693,-0.155749,0.488868,0.380212,-6.791417481,-2.918421047,3.872996434,1.936498217,0.516396034,4.854919264,6.085789506
L33,65,3,2,Pd,P,P,0.43130312,0.545467742,0.431103875,0.544118568,0.052947974,0.303495898,0.303131564,0.047756215,0.809658266,0.787439586,0.785105571,0.814451535,93.5619966,245.6047634,2.285307613,2.285651672,0.544953177,0.898160874,0.899005311,0.552266309,0.55593682,0.532477663,0.488016828,52.35072927,57.85795369,58.46948755,1090.017183,7.381769715,4.849173058,7.664048426,10.23131627,0.031498126,-7.381769715,2.849546552,0.04397468,TRUE,0.246083333,7.552638889,,,,,1.88581,0.46316,,,1.94967,C,16,1.9572,C,44,1.95651,C,54,0.07147,C,16,0.05869,C,44,0.06215,C,54,1.95021,C,6,1.95695,C,24,1.95741,C,34,0.08306,C,6,0.07311,C,24,0.07098,C,34,12.24030668,1.14514,1.14514,-5.541973429,-0.13217,1.09762,1.09763,-0.198543,0.383182,0.382885,-6.775362764,-2.834337867,3.941024897,1.970512448,0.507482204,4.804850315,5.858015911
L36,49,10,5,Pd,P,P,0.382553526,0.396711317,0.404920217,0.356108002,0.094129099,0.145739285,0.05700119,0.049782823,0.670977952,0.647683348,0.655214815,0.76005761,93.9017238,225.0454025,2.289613948,2.319023033,0.537894847,0.890473584,0.916511368,0.536628701,0.509840828,0.458924441,0.385071842,51.69740185,56.3192768,59.03244724,845.4836114,6.228946772,5.551164105,5.919552256,7.521924737,0.219425708,-6.228946772,1.292977965,0.062004768,TRUE,0.212,4.681916667,,,,,1.88645,0.44636,,,1.95592,C,8,1.95389,C,26,1.95806,C,32,0.05636,C,8,0.06946,C,26,0.06282,C,32,1.95282,C,1,1.95754,C,14,1.95741,C,20,0.09286,C,1,0.07137,C,14,0.07448,C,20,12.65834903,1.1493,1.15507,-4.743714232,-0.09186,1.0879,1.07011,-0.151795,0.425374,0.349833,-5.986504711,-1.916225735,4.070278976,2.035139488,0.491366811,3.951365223,3.835925552
L102,1,4,3,Pd,P,P,0.318612912,0.305462733,0.318621451,0.305454194,0.064942532,0.094686986,0.094658522,0.064936839,0.572283292,0.516238479,0.516249865,0.572306063,100.2668898,228.3553031,2.294409556,2.294406415,0.562721301,0.902918841,0.90316926,0.572826795,0.545591435,0.443246859,0.312027149,51.52807359,60.6923586,60.49749714,631.9717019,6.295763231,4.702773342,5.617921497,7.426139739,0.35845501,-6.295763231,1.130376507,0.06812268,TRUE,0.069027778,1.733611111,,,,,1.89411,0.43598,1.89411,0.43598,1.95996,C,14,1.95411,C,44,1.94962,C,49,0.06517,C,14,0.05929,C,44,0.07627,C,49,1.95797,C,5,1.94961,C,23,1.95412,C,28,0.06483,C,5,0.07627,C,23,0.05929,C,28,11.45546096,1.21042,1.21042,-3.054480015,-0.11102,1.02885,1.02884,-0.183154,0.265369,0.265338,-6.357668003,-1.959219724,4.398448279,2.19922414,0.454705813,4.158443863,3.931535457
L70,72,1,2,Pd,P,P,0.408196376,0.359580561,0.455847276,0.383176878,0.070840188,0.109858081,0.133124221,0.150680564,0.745552564,0.60930304,0.633229536,0.761013987,102.9152722,231.2428134,2.338387557,2.337629524,0.558417583,0.897031075,0.916761787,0.557503414,0.531136672,0.480866479,0.401715928,49.129238,55.53491623,64.46248836,790.7248549,6.33943959,4.719687349,5.997914667,7.691731613,0.200377356,-6.33943959,1.352292024,0.061346896,TRUE,0.133861111,3.319916667,,,,,1.89062,0.44611,1.89604,0.44057,1.95815,C,3,1.95527,C,14,1.95184,C,25,0.05673,C,3,0.06421,C,14,0.07626,C,25,1.94797,C,34,1.95729,C,55,1.95527,C,61,0.0772,C,34,0.06378,C,55,0.05924,C,61,10.91351128,1.16077,1.16851,-4.352129928,-0.09321,1.07227,1.05062,-0.169689,0.445402,0.328791,-6.129364483,-2.143168687,3.986195796,1.993097898,0.501731501,4.136266585,4.291987181
L48,1,2,3,Pd,P,P,0.363326369,0.434858223,0.36334914,0.434841145,0.018290704,0.191178563,0.191155793,0.018285012,0.708362034,0.678537882,0.678526497,0.708413269,94.17169316,241.7558845,2.286019855,2.286037588,0.544405749,0.898492825,0.898708302,0.542560207,0.512974599,0.466979228,0.399174129,54.86757119,59.43054782,58.53726695,857.7027276,6.146211533,5.087388463,5.972324952,7.463218056,0.19068157,-6.146211533,1.317006522,0.056961113,TRUE,0.145138889,3.417,,,,,1.8803,0.43304,1.8803,0.43306,1.95642,C,6,1.95792,C,12,1.9511,C,18,0.06374,C,6,0.06047,C,12,0.07061,C,18,1.95109,C,29,1.95642,C,30,1.95792,C,36,0.07062,C,29,0.06373,C,30,0.06047,C,36,12.21727105,1.14552,1.14552,-4.348912669,-0.10306,1.09827,1.09827,-0.166574,0.394892,0.394934,-5.88255722,-1.987519564,3.895037656,1.947518828,0.513473855,3.935038392,3.975449922
L155,18,3,4,Pd,P,P,0.478453061,0.376994586,0.392063212,0.419004002,0.176690595,0.203628539,0.128769291,0.057223206,0.780215526,0.550360634,0.709238713,0.726903218,93.51834089,234.6029094,2.291287413,2.276155617,0.522549385,0.90368757,0.881312896,0.520568245,0.507783182,0.47759082,0.416591001,52.20034573,64.69731611,54.7223529,950.8843904,5.789955208,4.956792279,5.580611479,6.842553526,0.317986839,-5.789955208,1.052598318,0.068257268,TRUE,0.206611111,4.914666667,,,,,,0.43643,,0.42131,,,,,,,,,,,,,,,,,,,,,,,,,,,,,,,,,,,,,10.96550513,1.13203,1.15572,-4.633762569,-0.08917,1.11016,1.09836,-0.176098,0.435293,0.377734,-5.911673402,-1.595947733,4.315725669,2.157862834,0.463421485,3.753810568,3.265057805
L26,84,8,32,Pd,P,P,0.445466604,0.449721911,0.385331572,0.356913522,0.177977149,0.128831911,0.06943978,0.097533345,0.712956058,0.77061191,0.644387264,0.6731298,100.7015887,229.6360608,2.293686826,2.309857466,0.578969437,0.918043002,0.920954855,0.584138942,0.566692157,0.505156696,0.409461583,53.73786052,71.69028512,67.67623115,830.6649723,5.899248254,4.490668838,5.856791066,7.120202063,0.210162743,-5.899248254,1.220953809,0.059965068,TRUE,0.180138889,4.572722222,,,,,1.88484,0.43388,1.88761,0.44113,1.93755,C,7,1.9584,C,17,1.9582,C,26,0.08645,C,7,0.063,C,17,0.05068,C,26,1.95636,C,36,1.95132,C,51,1.95592,C,60,0.0605,C,36,0.08506,C,51,0.0584,C,60,10.24253763,1.17145,1.16404,-4.463728041,-0.06784,1.077,1.06292,-0.112212,0.392326,0.413235,-6.012627641,-1.931191997,4.081435644,2.040717822,0.490023652,3.971909819,3.865323133
L54,72,2,1,Pd,P,P,0.394989269,0.402708595,0.403528347,0.380182509,0.125063331,0.179075844,0.062631288,0.052429937,0.664915207,0.626341347,0.697733729,0.754626757,97.06430744,227.0565887,2.292330814,2.327308968,0.550456578,0.899389676,0.914577898,0.551715443,0.527795954,0.474656447,0.395342929,51.298991,56.38312747,61.01319097,854.4839422,6.428226818,4.628276744,6.099197722,7.853443031,0.172018491,-6.428226818,1.425216213,0.061463723,TRUE,0.219694444,4.900527778,,,,,1.88205,0.43865,1.88499,0.4427,1.95698,C,4,1.95506,C,17,1.95428,C,18,0.05445,C,4,0.06593,C,17,0.07051,C,18,1.95397,C,3,1.95639,C,15,1.95744,C,16,0.07926,C,3,0.06156,C,15,0.05899,C,16,10.83532066,1.14727,1.16131,-4.665442417,-0.08468,1.087,1.06479,-0.149032,0.395306,0.372666,-6.042832278,-2.084392095,3.958440183,1.979220092,0.505249519,4.063612186,4.17157851
L84,53,1,2,Pd,P,P,0.284917712,0.268761777,0.284894941,0.268801626,0.056767788,0.024472997,0.024484382,0.056779174,0.513067635,0.513050557,0.51311887,0.513010708,95.36484031,227.8193982,2.267005891,2.26702729,0.508584141,0.886065039,0.886140747,0.506916858,0.471187049,0.379435575,0.276781394,46.69433769,56.44552435,56.89363772,592.8907785,6.80267718,4.537185506,6.158809889,8.302283793,0.186796724,-6.80267718,1.499606613,0.061086344,TRUE,0.052611111,1.401333333,,,,,1.8839,0.42419,1.88392,0.42419,1.97366,C,5,1.95317,C,39,1.94317,C,40,0.05533,C,5,0.06506,C,39,0.0974,C,40,1.95317,C,16,1.94316,C,17,1.97366,C,30,0.06508,C,16,0.09741,C,17,0.05532,C,30,10.95206184,1.19991,1.19992,-2.767267955,-0.07896,1.01959,1.01962,-0.185166,0.324861,0.324968,-6.564474529,-2.310246591,4.254227939,2.127113969,0.470120555,4.43736056,4.628376529
L52,1,2,3,Pd,P,P,0.359270307,0.393210295,0.361109055,0.393998736,0.024404684,0.18704565,0.186743936,0.024108663,0.694135931,0.59937494,0.601253537,0.698109448,94.34342091,240.7514729,2.286678738,2.287217108,0.539350773,0.895283964,0.894637533,0.537493793,0.50711701,0.453717856,0.376909907,54.40704097,59.79524066,60.32303321,817.0643043,6.221197058,5.854520082,6.098078175,7.626120245,0.152845012,-6.221197058,1.404923187,0.052698098,TRUE,0.121638889,2.958666667,,,,,1.87967,0.43267,1.8799,0.43248,1.95669,C,6,1.95786,C,12,1.95359,C,18,0.06412,C,6,0.0605,C,12,0.07068,C,18,1.95349,C,29,1.95674,C,30,1.9578,C,36,0.071,C,29,0.06395,C,30,0.06048,C,36,14.49103038,1.1471,1.14739,-4.099091552,-0.08672,1.09331,1.09315,-0.136996,0.410414,0.410051,-5.947048203,-2.116501529,3.830546673,1.915273337,0.522118687,4.031774866,4.243574078
L44,65,2,1,Pd,P,P,0.347540461,0.347318445,0.353315724,0.346567006,0.033917216,0.136625243,0.13745638,0.026584995,0.661163706,0.558011647,0.555677633,0.680046453,94.34363809,221.8007888,2.285624137,2.288258223,0.498142238,0.871564014,0.878022503,0.499538359,0.481964066,0.429895914,0.348675447,49.27115956,52.9721776,52.78299648,741.8329719,6.421029705,5.980755031,6.045262195,7.811096587,0.190804687,-6.421029705,1.390066882,0.056237624,TRUE,0.102166667,2.295027778,,,,,1.88027,0.44631,1.87601,0.4518,1.95229,C,4,1.9617,C,41,1.96281,C,49,0.07908,C,4,0.05919,C,41,0.06217,C,49,1.95422,C,3,1.96123,C,33,1.96394,C,57,0.08328,C,3,0.05474,C,33,0.0644,C,57,14.23873672,1.15997,1.14466,-3.286509596,-0.06643,1.06035,1.06701,-0.135761,0.463793,0.460668,-5.848815103,-2.010921355,3.837893747,1.918946874,0.521119169,3.929868229,4.024046863
L106,65,3,2,Pd,P,P,0.401840456,0.455761885,0.401885998,0.455690726,0.020488094,0.275852058,0.275829287,0.020482401,0.783192818,0.635671712,0.635552165,0.783289594,95.00532043,248.3207932,2.28971176,2.289716398,0.543095416,0.894736536,0.894957836,0.54055459,0.525160827,0.488295388,0.42885027,54.38399135,58.16905815,58.3211613,1019.113389,6.021088296,5.523216943,6.00489088,7.34641758,0.166438404,-6.021088296,1.325329284,0.050741847,TRUE,0.22375,5.781638889,,,,,,0.43754,,0.43756,,,,,,,,,,,,,,,,,,,,,,,,,,,,,,,,,,,,,12.92873208,1.14403,1.14403,-5.129792232,-0.11213,1.09907,1.09907,-0.20631,0.379978,0.379999,-5.86133234,-2.032418349,3.82891399,1.914456995,0.522341323,3.946875345,4.068470857
L122,81,5,11,Pd,P,P,0.364672697,0.396420988,0.364672697,0.396415295,0.02286765,0.1970136,0.197024985,0.022879035,0.706477744,0.595828376,0.595805605,0.706466359,94.69001519,242.3753514,2.285445564,2.285460414,0.544120388,0.896466176,0.896169167,0.541823133,0.511070685,0.457220282,0.380569613,54.4152823,59.76310254,59.41041867,835.012788,6.17447217,5.980728931,6.069673608,7.55638461,0.158238832,-6.17447217,1.38191244,0.054326367,TRUE,0.174888889,3.850305556,,,,,1.88576,0.44959,,,1.95311,C,1,1.95617,C,16,1.95768,C,24,0.0696,C,1,0.06294,C,16,0.06318,C,24,1.95363,C,9,1.95818,C,32,1.95683,C,40,0.08026,C,9,0.07691,C,32,0.07624,C,40,14.96079806,1.14509,1.14509,-4.235637986,-0.09536,1.09808,1.09807,-0.146092,0.40432,0.404241,-5.857522746,-2.019628998,3.837893747,1.918946874,0.521119169,3.938575872,4.041899261
L64,27,1,2,Pd,P,P,0.363539846,0.349325128,0.363519922,0.349336514,0.048712592,0.139556993,0.139630998,0.048718284,0.678367101,0.559093264,0.559042029,0.678321559,86.17125432,250.6858694,2.258803792,2.258824538,0.568783777,0.873159709,0.87317718,0.576283285,0.555241084,0.467126627,0.356526417,58.05637318,60.93257166,61.59279458,724.8236174,6.484575862,4.834226461,5.532379617,7.593166368,0.422210889,-6.484575862,1.108590506,0.078143993,TRUE,0.10475,2.188638889,,,,,1.8706,0.41833,1.87059,0.41836,1.96687,C,3,1.94773,C,6,1.9455,C,10,0.06149,C,3,0.07084,C,6,0.07085,C,10,1.96686,C,7,1.94548,C,17,1.94773,C,24,0.0615,C,7,0.07085,C,17,0.07084,C,24,10.97570001,1.20143,1.20146,-3.668715622,-0.09319,1.05404,1.05402,-0.11032,0.298365,0.298317,-6.401750447,-1.738535391,4.663215056,2.331607528,0.428888648,4.070142919,3.552498262
L49,109,2,1,Pd,P,P,0.48738209,0.398860318,0.48738209,0.398857471,0.278681339,0.017488031,0.017499416,0.278652875,0.69608284,0.780232604,0.780215526,0.696111304,94.31536053,248.5066306,2.287368413,2.287370237,0.543107063,0.896402115,0.896349702,0.540519676,0.525691006,0.496592816,0.443154648,55.69440709,56.86080963,55.51526332,994.6331759,5.910590818,5.15017148,5.759500846,7.075474463,0.251382799,-5.910590818,1.164883645,0.057187075,TRUE,0.251583333,6.602472222,,,,,1.88018,0.43467,1.88018,0.43468,1.94953,C,4,1.95659,C,12,1.95737,C,13,0.07241,C,4,0.0617,C,12,0.0589,C,13,1.94953,C,3,1.95737,C,10,1.95659,C,11,0.07242,C,3,0.0589,C,10,0.0617,C,11,12.15468682,1.14419,1.14418,-5.265886945,-0.11713,1.10211,1.10211,-0.207816,0.379903,0.379848,-5.727724439,-1.814999383,3.912725056,1.956362528,0.511152706,3.771361911,3.635106086
L98,29,2,1,Pd,P,P,0.306655357,0.324894827,0.316970563,0.327695645,0.073868715,0.029488282,0.023590625,0.069576405,0.539442,0.620301373,0.631800664,0.564364721,88.95558155,211.2980592,2.283683853,2.28200683,0.487391679,0.8622985,0.862869223,0.482841692,0.448186355,0.392826205,0.31909964,47.50963173,54.16015323,55.15541317,869.1156112,6.304943121,5.204458128,6.005841719,7.658731131,0.193946291,-6.304943121,1.35378801,0.061233226,TRUE,0.086,2.070805556,,,,,1.87939,0.43148,1.87909,0.43276,1.96247,C,15,1.95934,C,21,1.95837,C,51,0.05828,C,15,0.0638,C,21,0.06978,C,51,1.95957,C,3,1.96217,C,9,1.95864,C,50,0.06349,C,3,0.05947,C,9,0.06711,C,50,11.85558919,1.1439,1.1382,-3.408291015,-0.09176,1.11027,1.1135,-0.142913,0.41277,0.418365,-6.125827002,-1.954865902,4.1709611,2.08548055,0.479505791,4.040346452,3.913822033
L53,47,2,1,Pd,P,P,0.309396401,0.290832446,0.309390708,0.290832446,0.159054553,0.043014181,0.04299141,0.159048861,0.459738249,0.538650712,0.538673483,0.459732556,87.88449241,245.0712914,2.272252934,2.272246469,0.582387952,0.888184868,0.888179044,0.588413972,0.545264262,0.428580661,0.300140041,52.35337178,64.81887394,63.70522194,623.8312029,6.456469674,5.036342879,5.186625358,7.400748553,0.60365352,-6.456469674,0.944278878,0.07511448,TRUE,0.063583333,1.313583333,,,,,1.88249,0.43029,1.88248,0.4303,1.96552,C,12,1.95736,C,27,1.96171,C,35,0.06132,C,12,0.06846,C,27,0.06229,C,35,1.96552,C,3,1.96171,C,6,1.95736,C,15,0.06131,C,3,0.06228,C,6,0.06846,C,15,11.47468121,1.19787,1.19786,-3.033855843,-0.11122,1.03128,1.03132,-0.187258,0.220794,0.220863,-6.303517347,-1.757855474,4.545661873,2.272830936,0.439979932,4.030686411,3.574052227
L66,59,3,2,Pd,P,P,0.254410434,0.27027604,0.246514633,0.255369657,0.05264626,0.087793104,0.080238866,0.025998645,0.456174607,0.452758976,0.430500447,0.467030621,87.74944433,231.5469707,2.258554707,2.264576369,0.562826127,0.867021524,0.864360091,0.56724055,0.522634102,0.391480339,0.256692502,51.57953685,61.14265836,58.77951047,566.0205041,6.455842445,5.057516459,5.040667525,7.338849298,0.688339327,-6.455842445,0.883006852,0.078471871,TRUE,0.045166667,1.012666667,,,,,,0.42896,,0.42337,,,,,,,,,,,,,,,,,,,,,,,,,,,,,,,,,,,,,11.45429497,1.20051,1.19942,-2.50366335,-0.12555,1.02367,1.02251,-0.189125,0.249688,0.277537,-6.300251981,-1.617444727,4.682807253,2.341403627,0.427094239,3.958848354,3.346813021
L56,2,32,3,Pd,P,P,0.330058123,0.339286019,0.330063815,0.33927748,0.082908751,0.095165174,0.095096862,0.082891673,0.577207494,0.583406864,0.583458099,0.577235957,86.46024089,230.3187578,2.263706775,2.263697862,0.564561592,0.877987561,0.878115682,0.570177208,0.539298272,0.442293301,0.334732556,53.17636393,53.72087805,52.40479097,708.4242498,6.172285101,4.620332262,5.745820768,7.35803711,0.285931242,-6.172285101,1.185752009,0.062201278,TRUE,0.055583333,1.342416667,,,,,,0.43341,,0.43341,,,,,,,,,,,,,,,,,,,,,,,,,,,,,,,,,,,,,9.80874068,1.15043,1.15043,-2.998187415,-0.07142,1.08882,1.08882,-0.0808,0.370281,0.37028,-5.935075193,-1.675677091,4.259398102,2.129699051,0.469549911,3.805376142,3.399749739
L139,2,3,38,Pd,P,P,0.373001144,0.358410707,0.496826309,0.344850652,0.093582598,0.123674308,0.091800778,0.111953001,0.65241969,0.593147106,0.597900525,0.881699618,96.85564487,220.2527119,2.27050362,2.315128178,0.56261065,0.876316157,0.908515421,0.565867265,0.543054855,0.475039684,0.393243028,52.75356885,54.37769235,73.91485705,887.4440269,6.221007608,4.81904226,5.897168952,7.49968755,0.227510989,-6.221007608,1.278679942,0.066210214,TRUE,0.181277778,4.293361111,,,,,,0.44008,,,,,,,,,,,,,,,,,,,,,,,,,,,,,,,,,,,,,,,10.7674656,1.15128,1.17874,-4.790689657,-0.10434,1.29371,1.25482,-0.142351,0.555467,0.586025,-6.017253576,-1.94833517,4.068918407,2.034459203,0.491531115,3.982794373,3.898493268
L24,1,4,3,Pd,P,P,0.544881392,0.473662638,0.380962411,0.384312576,0.293323011,0.145426185,0.124448518,0.07968098,0.796439774,0.801899091,0.644176634,0.682243842,99.17685422,239.7866974,2.331159241,2.327349614,0.569214732,0.92349399,0.920838381,0.583316523,0.577260257,0.532331398,0.446025202,56.44017912,56.25867937,61.84190189,825.4650243,5.900418771,4.638177181,5.890335601,7.141892907,0.197138536,-5.900418771,1.241474137,0.055031687,TRUE,0.213083333,5.354333333,,,,,1.88775,0.44096,1.894,0.44657,1.95978,C,8,1.95483,C,47,1.95324,C,58,0.05635,C,8,0.06118,C,47,0.07036,C,58,1.95309,C,22,1.95613,C,31,1.95379,C,39,0.07557,C,22,0.06102,C,31,0.06906,C,39,11.012702,1.14528,1.17096,-4.863133673,-0.08762,1.10775,1.04014,-0.143957,0.451269,0.318325,-6.097255048,-2.089562258,4.00769279,2.003846395,0.499040247,4.093408653,4.180957793
L75,43,1,2,Pd,P,P,0.444735089,0.435006234,0.498203947,0.398359359,0.105839021,0.190472666,0.138509532,0.214723647,0.783631157,0.679539801,0.658209185,0.781684248,102.2863909,241.5658202,2.339827606,2.341156317,0.557992452,0.897345555,0.918456485,0.557697381,0.543027262,0.507716903,0.444090389,51.40171709,58.09095882,62.61563541,973.9745714,6.089272653,4.482114361,5.810427596,7.302838299,0.24913805,-6.089272653,1.213565646,0.061366841,TRUE,0.156694444,4.799277778,,,,,1.88945,0.44437,1.89483,0.43933,1.95744,C,3,1.9547,C,9,1.95155,C,15,0.05639,C,3,0.06326,C,9,0.07584,C,15,1.94793,C,21,1.95664,C,31,1.95469,C,37,0.07588,C,21,0.0631,C,31,0.05861,C,37,10.23968895,1.15932,1.16772,-5.152386416,-0.09423,1.07678,1.05353,-0.173226,0.448818,0.330103,-5.946231861,-1.996771435,3.949460426,1.974730213,0.506398288,3.971501648,3.993665878
L47,125,7,15,Pd,P,P,0.417862612,0.524817406,0.429692081,0.520126606,0.038169677,0.397010184,0.399617449,0.050283782,0.797555547,0.652624628,0.640635763,0.80910038,93.9430466,265.8654469,2.284447448,2.286527451,0.561405143,0.898644242,0.899826454,0.575643194,0.581777617,0.541698036,0.473083404,59.37901966,59.94981576,59.27747738,1104.830261,6.276014158,4.693792556,6.234874206,7.778695537,0.113807173,-6.276014158,1.50268138,0.055600645,TRUE,0.109638889,3.267277778,,,,,1.87705,0.42959,1.87627,0.42963,1.95008,C,1,1.95531,C,20,1.95528,C,28,0.07461,C,1,0.06194,C,20,0.06035,C,28,1.95077,C,13,1.95548,C,36,1.95506,C,44,0.07358,C,13,0.06019,C,36,0.06223,C,44,10.73726723,1.13526,1.13358,-5.886817018,-0.13448,1.11299,1.11431,-0.232406,0.372801,0.371644,-5.951674138,-2.153509013,3.798165125,1.899082563,0.52657005,4.052591575,4.324061207
L169,18,2,3,Pd,P,P,0.413057958,0.463979324,0.428772707,0.468223246,0.140211655,0.135714408,0.176445808,0.179144157,0.68590426,0.79224424,0.760000683,0.678401257,105.445066,239.0361083,2.315976731,2.326059127,0.600726798,0.928432492,0.919621226,0.599439048,0.566755227,0.511986938,0.443444977,56.63494504,75.73379781,72.40235944,1010.143161,5.906376144,4.82495187,5.687091168,7.029913994,0.282446682,-5.906376144,1.12353785,0.064781645,TRUE,0.289805556,8.929472222,,,,,,0.41094,,0.42488,,,,,,,,,,,,,,,,,,,,,,,,,,,,,,,,,,,,,11.82383855,1.16557,1.16806,-6.349997418,-0.09477,1.09679,1.08153,-0.23048,0.382915,0.421023,-6.10514635,-1.742344985,4.362801365,2.181400683,0.458421054,3.923745667,3.528874861
L28,90,20,60,Pd,P,P,0.443895413,0.476762323,0.45491367,0.524028965,0.15630497,0.195243164,0.300643846,0.117810808,0.731485856,0.758281482,0.747414083,0.792016532,97.0910998,246.7249955,2.305718459,2.304646626,0.620020732,0.920244363,0.921543049,0.623971976,0.609007915,0.55038097,0.474964847,56.54993537,68.93300167,64.5511439,1093.58609,6.246865577,4.418570345,6.955163989,8.356225951,0.000196384,-6.246865577,2.109360373,0.018882667,TRUE,0.29475,9.091833333,,,,,,,,0.43156,,,,,,,,,,,,,,,,,,,,,,,,,,,,,,,,,,,,,10.51204409,1.19708,1.14081,-5.840682752,-0.10172,1.02403,1.10727,-0.082086,0.289669,0.453048,-6.223787989,-2.394873998,3.82891399,1.914456995,0.522341323,4.309330993,4.850026315
L126,53,1,2,Pd,P,P,0.523989116,0.256579359,0.523986269,0.256579359,0.425655943,0.062824841,0.062841919,0.425633173,0.622322288,0.450333878,0.4503168,0.622339366,86.26639666,290.9918817,2.284088893,2.284094581,0.644119223,0.906634365,0.906506243,0.648019986,0.614627022,0.517404417,0.390288507,67.37244041,63.48325907,64.43905816,742.4335642,6.611629779,3.183836241,6.148502667,8.086295271,0.172162825,-6.611629779,1.474665492,0.063335895,TRUE,0.099,2.371361111,,,,,1.87988,0.43538,1.87988,0.43537,1.94771,C,5,1.96045,C,14,1.93918,C,27,0.05635,C,5,0.06783,C,14,0.09827,C,27,1.96045,C,16,1.94771,C,26,1.93918,C,40,0.06783,C,16,0.05635,C,26,0.09827,C,40,7.4878461,1.20261,1.20261,-3.846341971,-0.09235,1.03125,1.03128,-0.11948,0.327436,0.327648,-6.350048815,-2.372016435,3.97803238,1.98901619,0.502761116,4.361032625,4.780907679
L59,80,1,2,Pd,P,P,0.453504722,0.391135299,0.434519506,0.485657196,0.10424506,0.065136084,0.263379312,0.169113587,0.802764384,0.717134513,0.70793508,0.699925425,96.10439823,234.638156,2.330907906,2.283020442,0.55993757,0.921391633,0.90170751,0.559318944,0.54489767,0.507242959,0.44123976,51.61084188,64.94570399,57.62372397,963.9940113,6.046175964,5.057005307,5.726795368,7.207342381,0.280371049,-6.046175964,1.161166417,0.063880743,TRUE,0.231777778,6.14425,,,,,1.88325,0.44226,1.87954,0.43628,1.9528,C,3,1.95602,C,15,1.95693,C,16,0.08259,C,3,0.05782,C,15,0.05877,C,16,1.95596,C,4,1.95521,C,17,1.95372,C,18,0.05799,C,4,0.06484,C,17,0.0693,C,18,11.30321907,1.16109,1.14278,-5.262464216,-0.09737,1.06301,1.09086,-0.155695,0.368146,0.409811,-5.825957539,-1.816359952,4.009597587,2.004798794,0.498803173,3.821158746,3.641575954
L121,47,2,1,Pd,P,P,0.196728964,0.21750454,0.196728964,0.217478923,0.011100801,0.03687743,0.03687743,0.011112186,0.382357127,0.39813165,0.398080415,0.382345742,87.61042572,220.5169573,2.251542426,2.251540919,0.482942369,0.823955227,0.82394358,0.47717786,0.42895604,0.316912332,0.207136676,46.09361333,52.49757359,52.3280641,519.7707561,6.551453872,5.164444034,5.008600064,7.433429763,0.719375827,-6.551453872,0.881975891,0.080992155,TRUE,0.024944444,0.556138889,,,,,1.87786,0.41128,1.87786,0.41125,1.96928,C,12,1.96193,C,27,1.96148,C,35,0.06737,C,12,0.06331,C,27,0.06784,C,35,1.96929,C,3,1.96148,C,6,1.96193,C,15,0.06736,C,3,0.06784,C,6,0.0633,C,15,11.72877112,1.197,1.19696,-1.936688999,-0.08522,1.03667,1.03672,-0.13739,0.314131,0.314149,-6.273856937,-1.539075938,4.734780999,2.367390499,0.422406021,3.906466438,3.223059321
L79,1,4,3,Pd,P,P,0.510041955,0.446491293,0.359358544,0.360280765,0.222881313,0.152211906,0.103339918,0.089358601,0.797202598,0.74077068,0.617221612,0.629358488,99.38764631,247.2194581,2.319348859,2.321874332,0.608763511,0.921583815,0.921746878,0.612648191,0.586564993,0.522558846,0.419028908,53.23396682,62.56142249,60.82642134,789.1447328,5.999423999,4.720908117,5.812976284,7.204869532,0.238469248,-5.999423999,1.205445532,0.061899716,TRUE,0.167277778,4.241972222,,,,,1.89024,0.44529,1.89362,0.4512,1.95465,C,11,1.95395,C,38,1.95444,C,49,0.06312,C,11,0.05975,C,38,0.06965,C,49,1.95385,C,6,1.9553,C,16,1.95397,C,27,0.0729,C,6,0.06333,C,16,0.0647,C,27,11.04689246,1.14449,1.15699,-4.322275566,-0.12495,1.11711,1.07624,-0.176372,0.475509,0.36346,-6.028682358,-1.98017249,4.048509868,2.024254934,0.494008923,4.004427424,3.960824975
L65,61,1,2,Pd,P,P,0.317238121,0.306774904,0.317235274,0.306797675,0.080415341,0.063559201,0.063655978,0.080483653,0.554060901,0.549990607,0.549939373,0.553986895,87.96143235,229.8724788,2.271049513,2.271044176,0.530853988,0.883985977,0.883490962,0.52809028,0.488410961,0.405554674,0.311934642,51.17602201,51.67453969,51.99448599,711.8745544,6.346217338,5.075688573,5.720311381,7.537210827,0.316682109,-6.346217338,1.19099349,0.071547082,TRUE,0.064277778,1.38275,,,,,1.88352,0.42923,1.88352,0.42922,1.95132,C,3,1.95984,C,15,1.95805,C,26,0.0821,C,3,0.05984,C,15,0.06504,C,26,1.95132,C,5,1.95984,C,37,1.95804,C,48,0.0821,C,5,0.05984,C,37,0.06504,C,48,11.37610541,1.15741,1.15741,-2.942112092,-0.107,1.07948,1.07949,-0.204992,0.356566,0.356536,-6.235488884,-1.705609615,4.529879269,2.264939635,0.441512871,3.97054925,3.480282896
L182,32,3,16,Pd,P,P,0.511650148,0.378725173,0.395877333,0.417495432,0.188212657,0.173741767,0.109402663,0.095802759,0.835087639,0.583708578,0.7255882,0.695951908,89.95051709,231.8292598,2.289711676,2.298604085,0.572557538,0.922224422,0.933400112,0.578634163,0.563063685,0.507403964,0.425754143,52.62663111,66.77508303,55.38760005,900.1337318,5.917379752,4.287306843,5.73529852,7.069182671,0.262504399,-5.917379752,1.151802918,0.06849281,TRUE,0.230305556,5.550027778,,,,,,0.44219,,0.44239,,,,,,,,,,,,,,,,,,,,,,,,,,,,,,,,,,,,,9.861212628,1.12782,1.15468,-4.995086025,-0.10639,1.11337,1.07346,-0.176127,0.37925,0.318036,-5.948136658,-1.760848727,4.187287931,2.093643966,0.477636129,3.854492692,3.548147192
L129,1,52,2,Pd,P,P,0.415616835,0.389806049,0.386549814,0.407069218,0.197030678,0.117281385,0.047517121,0.06709438,0.634202991,0.662330713,0.766621315,0.706005249,96.4274387,224.8451586,2.330811481,2.284020542,0.557666325,0.919038856,0.900100168,0.556902117,0.531361357,0.478637353,0.399741266,50.5983476,62.20114858,54.66525751,892.2240167,6.122900355,5.143511182,5.799393118,7.333700704,0.25740723,-6.122900355,1.210800349,0.063697209,TRUE,0.169444444,4.037388889,,,,,1.88437,0.44254,1.88059,0.43739,1.95369,C,51,1.95751,C,53,1.95674,C,67,0.08376,C,51,0.059,C,53,0.05856,C,67,1.9562,C,3,1.95462,C,17,1.95592,C,31,0.06497,C,3,0.06993,C,17,0.05827,C,31,11.58859002,1.16062,1.14217,-4.801305205,-0.09529,1.06145,1.09043,-0.16304,0.373046,0.415276,-5.859971771,-1.851734753,4.008237018,2.004118509,0.498972489,3.855853262,3.709262778
L39,75,2,3,Pd,P,P,0.503273313,0.582965679,0.491984652,0.577181877,0.169403915,0.487865971,0.466518276,0.159663674,0.837142711,0.678065387,0.687845477,0.824305631,91.42289065,277.6725349,2.286790304,2.286508443,0.554003215,0.90321585,0.901049432,0.576221215,0.604721154,0.585383691,0.538861342,61.55783852,66.63649559,65.19713313,1289.083212,6.102228508,4.447434178,6.280961525,7.623708685,0.086518653,-6.102228508,1.521480178,0.049324415,TRUE,0.220555556,6.594833333,,,,,,0.43191,,0.43202,,,,,,,,,,,,,,,,,,,,,,,,,,,,,,,,,,,,,10.93869476,1.13521,1.13471,-8.621004604,-0.10816,1.10805,1.10794,-0.166008,0.372174,0.370147,-5.973443246,-2.188339586,3.78510366,1.89255183,0.528387114,4.080891416,4.39979357
L27,85,15,9,Pd,P,P,0.357707656,0.458186983,0.385767065,0.479793696,0.063331493,0.247718643,0.206651372,0.072633395,0.65208382,0.668655323,0.75293602,0.698900736,102.7319269,255.1646847,2.295090395,2.318722736,0.589941297,0.913768403,0.921601286,0.59656058,0.581901785,0.517959998,0.420311192,57.39072199,70.65951038,57.7223064,838.7735448,5.821480333,4.341841231,5.810566621,7.00665769,0.220610736,-5.821480333,1.185177357,0.05398953,TRUE,0.230083333,5.777888889,,,,,1.8827,0.42233,1.88826,0.41832,1.95514,C,19,1.95094,C,34,1.95712,C,43,0.06261,C,19,0.08158,C,34,0.06048,C,43,1.94608,C,8,1.96225,C,54,1.95982,C,71,0.06481,C,8,0.05741,C,54,0.06708,C,71,9.829956098,1.16213,1.19108,-4.833226786,-0.06016,1.07521,1.05901,-0.083288,0.407491,0.376407,-6.036845773,-2.028064528,4.008781246,2.004390623,0.498904749,4.032455151,4.056268862
L43,65,1,2,Pd,P,P,0.500059774,0.575573684,0.474416923,0.571548932,0.146046692,0.465926234,0.412118659,0.123190427,0.854072855,0.685221134,0.730979204,0.82564342,92.81115684,271.4903729,2.280786359,2.287340742,0.554177926,0.905091083,0.89851612,0.56899789,0.59489018,0.577521656,0.530411214,59.72723862,66.38667959,62.85706932,1278.934382,5.388777702,5.592720853,5.868085934,6.56527397,0.154410334,-5.388777702,1.176496268,0.052829363,TRUE,0.409027778,12.59308333,,,,,1.87619,0.43466,1.87506,0.43142,1.9512,C,3,1.95604,C,36,1.95577,C,44,0.07537,C,3,0.05898,C,36,0.06212,C,44,1.95183,C,4,1.95578,C,52,1.95719,C,60,0.07216,C,4,0.06341,C,52,0.05831,C,60,12.94127167,1.13777,1.13754,-8.235917864,-0.12093,1.10533,1.1028,-0.190235,0.386419,0.378343,-5.7524868,-1.921940126,3.830546673,1.915273337,0.522118687,3.837213463,3.843891855
L147,83,17,7,Pd,P,P,0.366238195,0.403280714,0.366269505,0.403289253,0.019696806,0.19018803,0.190176645,0.019696806,0.712779584,0.616373397,0.61640186,0.712842204,95.17239447,238.8785779,2.288538033,2.28851236,0.54347978,0.896192462,0.896215757,0.541908479,0.512430623,0.458431221,0.384743799,53.9357588,57.14043812,57.24871916,865.4730164,6.261065352,5.53056118,6.192311493,7.732964661,0.125587816,-6.261065352,1.471899309,0.051516176,TRUE,0.175333333,3.806555556,,,,,1.87934,0.43702,1.87934,0.43701,1.95203,C,14,1.95795,C,40,1.95693,C,49,0.07297,C,14,0.05849,C,40,0.06332,C,49,1.95195,C,1,1.95693,C,22,1.95791,C,31,0.0729,C,1,0.06332,C,22,0.05849,C,31,13.14210101,1.14572,1.14572,-4.240414463,-0.10019,1.09484,1.09484,-0.169998,0.392118,0.392116,-6.020246828,-2.183169423,3.837077406,1.918538703,0.521230037,4.101708126,4.384589563
L138,53,3,2,Pd,P,P,0.259835594,0.369719292,0.259841287,0.369727831,0.068198767,0.148209925,0.148215617,0.068198767,0.451472422,0.591228659,0.591240045,0.451483807,87.33140313,240.2823646,2.279545292,2.279541695,0.510680675,0.888505171,0.888528466,0.51597899,0.497061351,0.421596218,0.314750403,49.79755515,58.4410849,57.77671915,687.4222018,6.503111511,3.260083158,5.808923779,7.760778346,0.294743056,-6.503111511,1.257666835,0.0672116,TRUE,0.056944444,1.375805556,,,,,1.88467,0.4339,1.88467,0.43391,1.96044,C,26,1.95038,C,29,1.94217,C,37,0.07238,C,26,0.05671,C,29,0.09674,C,37,1.95039,C,5,1.96044,C,50,1.94216,C,52,0.05671,C,5,0.07238,C,50,0.09674,C,52,7.467200107,1.20351,1.20351,-2.887535771,-0.06457,1.0463,1.04631,-0.134205,0.414083,0.414081,-6.115214562,-1.947518828,4.167695734,2.083847867,0.479881481,4.031366695,3.8994971
L108,56,2,1,Pd,P,P,0.293468175,0.310005522,0.302858314,0.302801387,0.020732881,0.040776942,0.070162755,0.089495227,0.566203469,0.579234102,0.535440019,0.516221401,86.8639078,226.6744894,2.265822049,2.265417522,0.518088427,0.864552274,0.877352777,0.515602694,0.47572806,0.390415665,0.30235095,48.80718135,51.63002635,51.15265639,700.1944475,6.361017309,5.113692344,5.779853378,7.586683675,0.291812988,-6.361017309,1.225666366,0.067277179,TRUE,0.052472222,1.381666667,,,,,1.87609,0.43197,1.88124,0.42714,1.95896,C,15,1.9621,C,21,1.96087,C,27,0.06339,C,15,0.06015,C,21,0.07516,C,27,1.95882,C,3,1.95959,C,9,1.95157,C,28,0.06866,C,3,0.0582,C,9,0.07734,C,28,11.49040333,1.15607,1.15618,-2.772498011,-0.09569,1.0768,1.08181,-0.160118,0.336294,0.328635,-6.198481401,-1.764386207,4.434095194,2.217047597,0.451050307,3.981433804,3.574983044
L1,84,2,3,Pd,P,P,0.377034435,0.35791544,0.381312513,0.419692821,0.128319566,0.072428457,0.078411504,0.16958039,0.625749304,0.643402424,0.760974138,0.593044637,97.58947306,224.7869888,2.282383356,2.299631939,0.533468832,0.899028606,0.89251188,0.535569642,0.518053672,0.466932741,0.383924048,51.62085615,63.01902784,64.14668499,797.663224,6.01269908,4.970534853,5.648852884,7.127217312,0.311665348,-6.01269908,1.114518232,0.067975374,TRUE,0.144833333,3.550833333,,,,,,0.43648,,0.41636,,,,,,,,,,,,,,,,,,,,,,,,,,,,,,,,,,,,,11.09401697,1.13168,1.17647,-4.091038043,-0.09372,1.11359,1.08511,-0.185173,0.41955,0.362452,-6.131541393,-1.695813516,4.435727877,2.217863939,0.450884287,3.913677455,3.453068278
L157,23,3,2,Pd,P,P,0.409724871,0.42106192,0.401103249,0.436281402,0.119632478,0.125148722,0.108679688,0.066177852,0.699817264,0.716975117,0.763883117,0.736028646,94.04631578,229.4180454,2.287931021,2.328261304,0.547515608,0.91106038,0.916115356,0.548495593,0.532181262,0.488119643,0.41703361,53.54156003,60.63193487,68.37531323,883.2803402,6.221504235,4.972579764,5.739759229,7.409318547,0.294055083,-6.221504235,1.187814312,0.063732119,TRUE,0.202,5.214777778,,,,,,0.41281,,0.42881,,,,,,,,,,,,,,,,,,,,,,,,,,,,,,,,,,,,,12.17902422,1.15201,1.17539,-4.98557228,-0.08279,1.10122,1.05943,-0.175225,0.427065,0.407275,-5.993851785,-1.784522632,4.209329153,2.104664577,0.475135093,3.889187208,3.593393767
L178,1,3,2,Pd,P,P,0.357206697,0.394086973,0.357172541,0.394084127,0.021939737,0.184523776,0.184518083,0.021928351,0.692473657,0.603650171,0.603650171,0.69241673,93.42118439,242.3170517,2.284218249,2.284230298,0.538529631,0.896134225,0.896163343,0.537272671,0.50696722,0.452665654,0.375784884,53.35461787,60.09815921,59.41633447,801.9939844,6.288383633,5.264715584,6.202648865,7.769772146,0.124739649,-6.288383633,1.481388513,0.050726445,TRUE,0.111833333,2.73075,,,,,1.87853,0.43284,1.87854,0.43284,1.95368,C,29,1.95646,C,30,1.95791,C,36,0.07051,C,29,0.06442,C,30,0.06072,C,36,1.95646,C,6,1.95791,C,12,1.95377,C,18,0.06442,C,6,0.06072,C,12,0.0706,C,18,13.27160049,1.14713,1.14714,-3.990432862,-0.08604,1.09326,1.09325,-0.131033,0.406315,0.406329,-5.999566176,-2.19786357,3.801702605,1.900851303,0.526080077,4.098714873,4.418931557
L97,98,8,14,Pd,P,P,0.504465938,0.436526189,0.423122684,0.372451797,0.325720271,0.098051382,0.132298777,0.191133022,0.683211604,0.775000996,0.612604817,0.655112346,105.1454786,250.7289626,2.330379588,2.332949141,0.613370061,0.924606318,0.913378215,0.628328471,0.618945319,0.548252755,0.434063377,59.18220111,69.27250444,66.97505095,840.0737463,5.893420205,4.329344852,5.82469894,7.094557029,0.222437884,-5.893420205,1.201136824,0.056603803,TRUE,0.234638889,5.73225,,,,,1.89898,0.42671,1.89625,0.4343,1.94466,C,7,1.96321,C,53,1.96361,C,71,0.07328,C,7,0.05325,C,53,0.06131,C,71,1.95123,C,21,1.95588,C,30,1.9545,C,41,0.08584,C,21,0.06027,C,30,0.05958,C,41,9.830825146,1.20375,1.17156,-5.00559851,-0.08211,1.05962,1.05022,-0.157855,0.323059,0.385101,-6.097527162,-2.117589985,3.979937177,1.989968589,0.502520495,4.107558573,4.2392723
L46,69,1,2,Pd,P,P,0.479224424,0.582251242,0.485449412,0.55416337,0.129338563,0.430244275,0.437320324,0.160016623,0.829110285,0.73425821,0.671006416,0.810882201,92.03670704,272.2631393,2.282243601,2.289138862,0.560624767,0.89950615,0.907298267,0.579254857,0.600014585,0.578199692,0.525318365,60.09347648,62.80323538,66.34777116,1252.444684,5.857595022,5.704944825,5.861407641,7.077037856,0.204035193,-5.857595022,1.219442834,0.052912232,TRUE,0.180611111,5.422083333,,,,,1.87436,0.43133,1.8757,0.43599,1.95165,C,3,1.95667,C,36,1.95514,C,45,0.07253,C,3,0.05707,C,36,0.06323,C,45,1.95148,C,4,1.95517,C,54,1.95592,C,63,0.07411,C,4,0.06203,C,54,0.05936,C,63,13.31413585,1.13589,1.13877,-7.828494996,-0.12337,1.10715,1.09972,-0.199101,0.3733,0.369146,-5.808542253,-1.97309753,3.835444723,1.917722361,0.521451916,3.890819891,3.946994552
L14,32,3,16,Pd,P,P,0.499240022,0.378067664,0.387292714,0.426632245,0.175392655,0.196882667,0.136135669,0.037361311,0.823087389,0.55925266,0.717128821,0.737224117,90.50104435,236.9010698,2.287788822,2.284063371,0.524937104,0.917105386,0.889920332,0.527698467,0.518840071,0.486289628,0.422742695,51.42853297,64.33947893,56.80738666,986.5937471,5.809367648,4.613171489,5.591898836,6.87018979,0.314923307,-5.809367648,1.060822143,0.07065263,TRUE,0.182583333,5.595888889,,,,,,0.43476,,0.42661,,,,,,,,,,,,,,,,,,,,,,,,,,,,,,,,,,,,,10.3311913,1.13121,1.14949,-5.031906945,-0.08834,1.1091,1.10026,-0.143316,0.371405,0.363636,-5.858883315,-1.570096917,4.288786398,2.144393199,0.466332387,3.714490116,3.217095827
L9,29,4,3,Pd,P,P,0.318285581,0.427728093,0.394274833,0.324117771,0.07029938,0.184893802,0.113956838,0.068210152,0.566271782,0.670562384,0.534278704,0.720339514,98.4342507,245.681898,2.33606005,2.309059087,0.568748835,0.95355013,0.915253448,0.574956551,0.550274353,0.471810513,0.366125764,53.97948714,81.39907063,66.8819857,731.652383,5.978914866,5.040545413,5.581916781,7.053895328,0.339063682,-5.978914866,1.074980462,0.06433853,TRUE,0.141388889,3.442972222,,,,,,0.41662,,0.42708,,,,,,,,,,,,,,,,,,,,,,,,,,,,,,,,,,,,,11.48611703,1.22086,1.15475,-4.157076586,-0.09578,1.03174,1.09516,-0.194118,0.367935,0.35293,-5.955211618,-1.779080355,4.176131264,2.088065632,0.478912149,3.867145986,3.581022036
L165,19,2,3,Pd,P,P,0.290394107,0.314536926,0.290408339,0.314420225,0.045416508,0.189550446,0.189277196,0.045473435,0.535371706,0.439523406,0.439563255,0.535343242,88.26319709,237.7771478,2.247514381,2.247502697,0.437622298,0.812039927,0.812004985,0.430955558,0.398938854,0.352675858,0.302387241,47.32950936,52.6984834,52.99801108,982.2669558,6.158156701,4.885785774,6.447574867,7.809982461,0.050250893,-6.158156701,1.65182576,0.054458029,TRUE,0.199083333,4.30025,,,,,,0.41437,,0.4143,,,,,,,,,,,,,,,,,,,,,,,,,,,,,,,,,,,,,11.70790085,1.19184,1.1918,-4.590289412,-0.0792,1.06995,1.06999,-0.12157,0.284968,0.284883,-6.082833014,-1.968199481,4.114633533,2.057316767,0.486070019,4.025516247,3.938329119
L7,68,3,16,Pd,P,P,0.433292725,0.363295059,0.393859265,0.447467594,0.084593796,0.191167178,0.217478923,0.133522711,0.781991654,0.535422941,0.677456266,0.654195818,94.65980542,246.7033372,2.275727089,2.312590235,0.582446189,0.906972139,0.925194512,0.589845447,0.5736239,0.506113656,0.409461583,55.98596627,61.54790946,0,901.8123083,5.903304114,4.412242869,5.715584767,7.042422642,0.269533761,-5.903304114,1.139118528,0.064859705,TRUE,0.165305556,5.058527778,,,,,,0.43282,,0.42304,,,,,,,,,,,,,,,,,,,,,,,,,,,,,,,,,,,,,9.867281881,1.11156,1.20912,-4.922350711,-0.08987,1.1472,1.0398,-0.18559,0.408582,0.314465,-6.04936301,-1.788060112,4.261302899,2.130651449,0.469340023,3.918711561,3.603663167
L50,47,2,3,Pd,P,P,0.498423117,0.632660264,0.475751866,0.628720903,0.157449207,0.496074871,0.446992252,0.137444994,0.839397027,0.769245658,0.810449554,0.814058737,91.85801572,275.8089716,2.285101944,2.281423365,0.566646478,0.905492918,0.900036107,0.589868723,0.61536809,0.600164407,0.558827841,63.85056765,69.46848772,64.87546529,1275.393592,5.970779523,5.226711201,5.998073295,7.286875323,0.164022506,-5.970779523,1.316095801,0.055721952,TRUE,0.4925,15.16925,,,,,,0.42832,,0.42711,,,,,,,,,,,,,,,,,,,,,,,,,,,,,,,,,,,,,12.05294901,1.136,1.13151,-9.157572374,-0.11485,1.1085,1.11281,-0.18507,0.377659,0.363214,-5.946503975,-2.034323146,3.912180829,1.956090414,0.511223813,3.990413561,4.07021073
L78,58,1,35,Pd,P,P,0.352746452,0.31956075,0.336695832,0.312672561,0.027512908,0.072177977,0.072787098,0.028964551,0.677979996,0.566943523,0.552558023,0.644427113,89.94518959,208.4777333,2.293474324,2.292469546,0.485149553,0.866741987,0.863306001,0.482046428,0.453062423,0.404260964,0.330415341,47.93606145,54.48412492,53.01892799,741.0644826,6.355155539,5.132053939,5.974442359,7.694530677,0.210932779,-6.355155539,1.339375138,0.060908725,TRUE,0.075916667,1.950833333,,,,,1.87674,0.43334,1.87826,0.43264,1.96012,C,2,1.9622,C,13,1.96127,C,24,0.06361,C,2,0.05846,C,13,0.07025,C,24,1.95793,C,34,1.9595,C,36,1.96184,C,47,0.06952,C,34,0.06456,C,36,0.06028,C,47,11.84833456,1.13352,1.13738,-3.149962118,-0.08311,1.12009,1.11683,-0.145426,0.427359,0.414362,-6.082288786,-1.922484354,4.159804433,2.079902216,0.480791833,4.00238657,3.850925811
L89,77,1,2,Pd,P,P,0.365680308,0.395672395,0.365680308,0.395655317,0.020567792,0.19852217,0.198493707,0.020567792,0.710792825,0.592822621,0.592816928,0.710792825,94.99031723,242.0067403,2.287044015,2.287041859,0.545343366,0.8972582,0.897229081,0.543219695,0.513183517,0.458811057,0.380583134,54.85671837,59.07395056,57.85619822,809.9744016,6.176031604,5.810222207,6.016216133,7.523648094,0.177400357,-6.176031604,1.34761649,0.054146038,TRUE,0.151777778,3.371388889,,,,,1.88069,0.43327,1.88069,0.43327,1.95245,C,3,1.95784,C,36,1.95657,C,47,0.07104,C,3,0.061,C,36,0.06283,C,47,1.95245,C,4,1.95653,C,58,1.95787,C,69,0.07105,C,4,0.0628,C,58,0.061,C,69,13.98080778,1.14588,1.14587,-4.051606205,-0.09943,1.09549,1.0955,-0.158641,0.397791,0.397817,-5.885006245,-2.05364323,3.831363015,1.915681508,0.52200744,3.969324737,4.112254257
L137,30,3,2,Pd,P,P,0.351488361,0.315812095,0.351476976,0.315746628,0.128575739,0.083688654,0.083574799,0.12859851,0.574400984,0.547935536,0.547918458,0.574355442,103.498739,237.2337728,2.315520019,2.315534237,0.610108787,0.917047149,0.916942322,0.620267209,0.586639888,0.472939816,0.333626034,51.22520327,63.69538403,62.10228647,641.0313238,6.203556937,4.493001451,5.576494588,7.301686912,0.367635387,-6.203556937,1.098129975,0.067560317,TRUE,0.0875,2.206694444,,,,,1.89769,0.43235,1.89769,0.43236,1.9566,C,9,1.94883,C,18,1.95868,C,20,0.06687,C,9,0.07425,C,18,0.06025,C,20,1.95852,C,4,1.94883,C,14,1.95868,C,16,0.06716,C,4,0.07424,C,14,0.06025,C,16,10.93157388,1.19211,1.19213,-3.403249129,-0.10293,1.0368,1.03679,-0.174109,0.259152,0.259175,-6.412635001,-2.006023306,4.406611695,2.203305847,0.453863453,4.209329153,4.020878886
L67,53,1,2,Pd,P,P,0.287624599,0.165490172,0.287658756,0.165512942,0.069815499,0.007394841,0.007406227,0.06983827,0.5054337,0.323585502,0.323619658,0.505479242,89.35677728,235.2204434,2.259578685,2.259567786,0.503045798,0.848601146,0.848350727,0.496112904,0.440381492,0.325870788,0.226547423,45.86812089,54.00112046,53.19583837,594.3525817,6.47364469,5.3926038,6.767929959,8.409334805,0.013760156,-6.47364469,1.935690115,0.010392948,TRUE,0.045861111,1.0815,,,,,1.87884,0.42351,1.87884,0.42353,1.95788,C,5,1.9774,C,16,1.93913,C,17,0.07887,C,5,0.04231,C,16,0.08813,C,17,1.95788,C,6,1.9774,C,15,1.93913,C,18,0.07887,C,6,0.04232,C,15,0.08813,C,18,13.71415138,1.18266,1.18265,-2.359696116,-0.10409,1.04335,1.04333,-0.198687,0.320049,0.31982,-6.18922953,-3.202507907,2.986721623,1.493360812,0.669630536,4.695868718,7.383072747
L3,18,3,4,Pd,P,P,0.411899489,0.371529577,0.375281078,0.408805497,0.093798922,0.147646346,0.141048485,0.095546586,0.730000057,0.595412807,0.676562509,0.65501557,96.89542993,228.7045153,2.304325788,2.303808589,0.555389256,0.918671962,0.904858135,0.558764198,0.537904828,0.479358474,0.391924452,51.32254034,65.06387597,67.50427531,816.1516,6.004850907,4.985835213,5.495724543,7.038518728,0.383943279,-6.004850907,1.033667821,0.066602694,TRUE,0.166444444,3.896027778,,,,,,0.42258,,0.42157,,,,,,,,,,,,,,,,,,,,,,,,,,,,,,,,,,,,,11.29595434,1.14854,1.17994,-4.397738549,-0.11171,1.10892,1.08279,-0.203977,0.366702,0.349238,-6.080928217,-1.55894025,4.521987968,2.260993984,0.442283353,3.819934233,3.226876686
L38,75,3,2,Pd,P,P,0.398376437,0.445389752,0.398424825,0.445381213,0.021922659,0.273819757,0.273819757,0.021973893,0.774830215,0.616959747,0.616942669,0.774875756,94.24826724,250.0485833,2.287999959,2.28799006,0.542792583,0.896704948,0.896704948,0.539945534,0.523954621,0.485713638,0.421942156,55.0123893,57.53933886,58.72151605,975.5125323,6.04765189,5.106846488,6.02581976,7.389017642,0.161545992,-6.04765189,1.341365752,0.050941075,TRUE,0.25475,5.317805556,,,,,,0.43576,,0.43576,,,,,,,,,,,,,,,,,,,,,,,,,,,,,,,,,,,,,12.78306504,1.14349,1.14348,-4.868884166,-0.11235,1.10182,1.10181,-0.193259,0.394227,0.394188,-5.782963551,-1.964934114,3.818029436,1.909014718,0.52383043,3.873948833,3.930687232
L143,1,2,3,Pd,P,P,0.36621827,0.354977998,0.461702237,0.413476372,0.076470287,0.046816916,0.306803368,0.374603644,0.655966254,0.663139079,0.520149377,0.548800829,97.6259248,248.3934807,2.321070201,2.312505436,0.617050643,0.90206858,0.917402395,0.62985693,0.617689839,0.523825344,0.399194053,62.50341123,58.78545305,72.98870886,766.4232749,6.434542111,4.561416269,5.750714109,7.652136082,0.312879861,-6.434542111,1.217593971,0.067993994,TRUE,0.106361111,2.534111111,,,,,1.88785,0.43948,,,1.96203,C,11,1.95829,C,17,1.95529,C,23,0.0611,C,11,0.05179,C,17,0.0647,C,23,1.95275,C,7,1.95486,C,29,1.95876,C,35,0.09327,C,7,0.07914,C,29,0.05881,C,35,10.4062688,1.17241,1.17678,-3.952714048,-0.11505,1.04565,1.04438,-0.177501,0.33984,0.289578,-6.022695853,-1.93282468,4.089871173,2.044935587,0.489012958,3.977760267,3.868722527
L181,40,3,16,Pd,P,P,0.459951726,0.347748245,0.353156328,0.378266909,0.112061163,0.142044711,0.067908438,0.028560368,0.807842289,0.55345178,0.688625379,0.677752287,91.16841637,228.7046067,2.282849557,2.279552102,0.524919633,0.91481667,0.889169074,0.527108808,0.509009098,0.461207991,0.384740953,50.39605327,64.12797452,55.66301582,930.4753582,6.812435162,5.481831958,6.921573633,8.897061761,0.009052967,-6.812435162,2.084626599,0.056457757,TRUE,0.185472222,4.548194444,,,,,,0.44052,,0.43338,,,,,,,,,,,,,,,,,,,,,,,,,,,,,,,,,,,,,12.47412427,1.13295,1.15426,-4.371782194,-0.08393,1.10274,1.09007,-0.136035,0.377286,0.366653,-6.639305838,-2.437867987,4.201437852,2.100718926,0.47602751,4.538586912,4.902790875
L10,56,3,16,Pd,P,P,0.379795404,0.309399247,0.32634647,0.413484911,0.04131775,0.094043709,0.154614233,0.08014209,0.718273057,0.524754786,0.67235559,0.57255085,95.65488428,239.9933984,2.268370136,2.357893642,0.559291139,0.904479594,0.956799758,0.563997424,0.537737299,0.459240782,0.357222352,52.75905274,60.04192123,0,816.2486392,6.40259938,5.439370464,6.395294298,8.031196078,0.0793024,-6.40259938,1.628596698,0.053801604,TRUE,0.144666667,3.573472222,,,,,,0.44915,,0.41573,,,,,,,,,,,,,,,,,,,,,,,,,,,,,,,,,,,,,12.07437628,1.12288,1.22552,-4.066246093,-0.06905,1.12524,1.0222,-0.163615,0.386364,0.381715,-6.301068322,-2.254191138,4.046877185,2.023438592,0.494208227,4.27762973,4.521539763
L128,30,3,2,Pd,P,P,0.391809886,0.373189004,0.370060855,0.37399737,0.115522335,0.135651788,0.117400932,0.103100824,0.668097437,0.61072622,0.630593807,0.637020887,102.2136106,240.7267195,2.318360853,2.316079287,0.619618897,0.931210399,0.919254333,0.627932779,0.594931569,0.502102136,0.377292031,54.66672443,0,70.53821652,700.8118112,6.178064187,4.538457535,5.576986692,7.273490682,0.364439803,-6.178064187,1.095426495,0.068009058,TRUE,0.117833333,2.875027778,,,,,1.89755,0.42673,1.89494,0.43796,1.95779,C,9,1.95007,C,18,1.95805,C,20,0.0623,C,9,0.07506,C,18,0.05653,C,20,1.95595,C,4,1.94927,C,14,1.95981,C,16,0.07027,C,4,0.06964,C,14,0.05663,C,16,10.87117926,1.18678,1.19127,-3.935121104,-0.1006,1.04914,1.04325,-0.182816,0.278219,0.254345,-6.360661255,-1.978267693,4.382393562,2.191196781,0.456371609,4.169464474,3.966881056
L88,1,2,3,Pd,P,P,0.355817674,0.353921998,0.331296289,0.272157483,0.054843649,0.057547691,0.143695599,0.160790832,0.656791698,0.650296306,0.400619368,0.501801745,98.00676103,227.200411,2.314456494,2.313247802,0.540259271,0.871144707,0.9041127,0.540659332,0.513047523,0.432258833,0.328256377,48.22729559,52.20912003,59.0676086,700.5632146,6.382708187,5.050943976,5.674356436,7.552949453,0.34188483,-6.382708187,1.170241266,0.069394393,TRUE,0.063027778,1.553805556,,,,,1.8945,0.43417,1.89335,0.44079,1.96254,C,9,1.95924,C,10,1.95571,C,16,0.06479,C,9,0.05324,C,10,0.06633,C,16,1.95342,C,5,1.95651,C,22,1.95885,C,28,0.07739,C,5,0.06433,C,22,0.05137,C,28,11.58618978,1.18156,1.17952,-3.207681547,-0.07495,1.04942,1.05789,-0.169432,0.360093,0.343255,-5.937524218,-1.825883937,4.111640281,2.055820141,0.486423875,3.881704077,3.664626649
L11,44,3,16,Pd,P,P,0.433369577,0.318191651,0.329337994,0.444382141,0.089204898,0.090599614,0.209304179,0.083495101,0.777534256,0.545783688,0.679460103,0.575180886,95.00850702,239.6156327,2.275765387,2.361593629,0.56056653,0.904334001,0.958954529,0.565048724,0.543218442,0.473488594,0.381316071,52.54518482,60.69308518,0,851.663044,5.90505231,4.581422167,5.701697047,7.036576274,0.275826917,-5.90505231,1.131523964,0.063433545,TRUE,0.182305556,4.285694444,,,,,,0.44198,,0.41758,,,,,,,,,,,,,,,,,,,,,,,,,,,,,,,,,,,,,10.32284575,1.11372,1.22927,-4.558188555,-0.07043,1.14138,1.01362,-0.172163,0.390969,0.379955,-5.913033971,-1.771733281,4.141300691,2.070650345,0.482940059,3.842383626,3.565042249
L153,53,2,3,Pd,P,P,0.256434195,0.291660737,0.263766416,0.297663708,0.073646699,0.024011886,0.020749959,0.06209048,0.439221692,0.559309587,0.574577458,0.465442353,87.82819902,228.8285828,2.261223566,2.254193128,0.491124674,0.876153094,0.874854407,0.49280383,0.463565482,0.379119234,0.277426094,48.67814783,58.96254759,57.31859326,630.5219401,6.747367783,3.902814491,6.005251399,8.145751035,0.239131853,-6.747367783,1.398383252,0.068136867,TRUE,0.045194444,1.173611111,,,,,1.87998,0.4208,1.87705,0.42714,1.95424,C,5,1.96114,C,50,1.94227,C,52,0.05832,C,5,0.0761,C,50,0.09633,C,52,1.96152,C,26,1.95513,C,29,1.94196,C,37,0.07787,C,26,0.0587,C,29,0.09701,C,37,9.391888024,1.20028,1.1888,-2.603049763,-0.07319,1.04312,1.05798,-0.116159,0.361795,0.360166,-6.470323137,-2.178815601,4.291507536,2.145753768,0.466036698,4.324569369,4.357885911
L120,1,3,2,Pd,P,P,0.362369993,0.392407621,0.362344375,0.392413314,0.023323067,0.185434611,0.185417532,0.023311682,0.701416918,0.599380632,0.599409096,0.701377069,94.92261769,240.6667169,2.287941605,2.287941371,0.540841642,0.89464918,0.894911247,0.538696388,0.508398111,0.454359608,0.377414424,53.46367166,59.9750788,56.91713631,832.4098765,6.726306355,1.706092956,6.817643842,8.715257658,0.017307462,-6.726306355,1.988951303,0.042147314,TRUE,0.122444444,2.9665,,,,,1.88493,0.45142,,,1.95237,C,29,1.95678,C,30,1.95783,C,36,0.07133,C,29,0.06455,C,30,0.06079,C,36,1.95744,C,6,1.95829,C,12,1.95279,C,18,0.07855,C,6,0.0738,C,12,0.08227,C,18,6.814064028,1.14765,1.14765,-4.013676348,-0.09011,1.09338,1.09337,-0.141038,0.409502,0.409488,-6.26841466,-2.527937671,3.740476989,1.870238494,0.534691165,4.398176166,5.171520542
L149,47,3,2,Pd,P,P,0.409437389,0.367775229,0.436896216,0.366622453,0.19682574,0.017704354,0.019019372,0.195038227,0.622049037,0.717846103,0.714225534,0.678754205,94.37824605,240.4969367,2.288765386,2.286646138,0.544929883,0.897432911,0.898353056,0.543138229,0.513859544,0.464233072,0.395204881,55.69137788,59.3834905,58.43338802,960.1331333,5.949299658,5.844416142,5.820234533,7.153689061,0.230154869,-5.949299658,1.204389402,0.05656624,TRUE,0.239583333,5.057583333,,,,,,0.43212,,0.43357,,,,,,,,,,,,,,,,,,,,,,,,,,,,,,,,,,,,,13.87793165,1.14117,1.14405,-4.720752711,-0.10504,1.10329,1.09897,-0.17667,0.395382,0.392183,-5.730989805,-1.833231011,3.897758795,1.948879397,0.513115384,3.782110408,3.669893365
L69,51,4,5,Pd,P,P,0.237935706,0.237602682,0.23793286,0.237602682,0.052965052,0.011886396,0.011886396,0.052965052,0.42290636,0.463318969,0.463318969,0.422900668,88.11929293,226.5003568,2.244965898,2.24496631,0.476629473,0.842055302,0.841898062,0.472472224,0.435083646,0.346473763,0.237720806,47.18133231,53.70807869,53.93326701,561.4315889,6.534896668,5.198642267,5.517706541,7.642125171,0.435521962,-6.534896668,1.107228503,0.058032396,TRUE,0.038055556,0.886888889,,,,,1.87614,0.41038,1.87614,0.41038,1.95625,C,1,1.95617,C,10,1.95943,C,41,0.07098,C,1,0.07013,C,10,0.07532,C,41,1.95617,C,6,1.95625,C,9,1.95943,C,42,0.07013,C,6,0.07098,C,9,0.07532,C,42,12.35413332,1.18152,1.18152,-2.245797789,-0.06429,1.05569,1.05568,-0.127754,0.35425,0.354215,-6.319027836,-1.715949941,4.603077895,2.301538948,0.434491887,4.017488889,3.506396663
